CREATE TABLE paises ( paises_id SERIAL PRIMARY KEY, continente TEXT NOT NULL, nombre TEXT NOT NULL, fecha_creacion TIMESTAMPTZ NOT NULL DEFAULT NOW() ); CREATE TABLE persona ( persona_id SERIAL PRIMARY KEY, cedula TEXT UNIQUE NOT NULL, nombre TEXT NOT NULL, fecha_nacimiento DATE NOT NULL, genero TEXT NOT NULL, fecha_creacion TIMESTAMPTZ NOT NULL DEFAULT NOW() ); CREATE TABLE empleado ( empleado_id SERIAL PRIMARY KEY, persona_id INT UNIQUE, CONSTRAINT fk_persona_id FOREIGN KEY (persona_id) REFERENCES persona(persona_id) ); CREATE TABLE huesped ( huesped_id SERIAL PRIMARY KEY, persona_id INT UNIQUE, CONSTRAINT fk_persona_id FOREIGN KEY (persona_id) REFERENCES persona(persona_id) ); CREATE TABLE sucursal ( sucursal_id SERIAL PRIMARY KEY, nombre TEXT NOT NULL, paises_id INT, fecha_creacion TIMESTAMPTZ NOT NULL DEFAULT NOW(), CONSTRAINT fk_pais_id FOREIGN KEY (paises_id) REFERENCES paises(paises_id) ); CREATE TABLE planes ( plan_id SERIAL PRIMARY KEY, nombre_plan TEXT NOT NULL, precio_por_noche FLOAT NOT NULL, fecha_creacion TIMESTAMPTZ NOT NULL DEFAULT NOW(), sucursal_id INT, CONSTRAINT fk_sucursal_id FOREIGN KEY (sucursal_id) REFERENCES sucursal(sucursal_id), CONSTRAINT unique_plan_sucursal UNIQUE (nombre_plan, sucursal_id) ); CREATE TABLE servicio ( servicio_id SERIAL PRIMARY KEY, nombre_servicio TEXT NOT NULL, precio FLOAT NOT NULL, sucursal_id INT, fecha_creacion TIMESTAMPTZ NOT NULL DEFAULT NOW(), CONSTRAINT fk_sucursal_id FOREIGN KEY (sucursal_id) REFERENCES sucursal(sucursal_id) ); CREATE TABLE habitacion ( habitacion_id SERIAL PRIMARY KEY, tipo_habitacion TEXT NOT NULL, numero_max_huespedes INT NOT NULL, sucursal_id INT, CONSTRAINT fk_sucursal_id FOREIGN KEY (sucursal_id) REFERENCES sucursal(sucursal_id) ); CREATE TABLE reserva ( reserva_id SERIAL PRIMARY KEY, numero_huespedes INT NOT NULL, precio_de_plan FLOAT NOT NULL, cantidad_noches INT NOT NULL, fecha_inicio DATE NOT NULL, fecha_final DATE NOT NULL, fecha_creacion TIMESTAMPTZ NOT NULL DEFAULT NOW(), habitacion_id INT, huesped_id INT, plan_id INT, servicio_id INT, CONSTRAINT fk_habitacion_id FOREIGN KEY (habitacion_id) REFERENCES habitacion(habitacion_id), CONSTRAINT fk_huesped_id FOREIGN KEY (huesped_id) REFERENCES huesped(huesped_id), CONSTRAINT fk_plan_id FOREIGN KEY (plan_id) REFERENCES planes(plan_id), CONSTRAINT fk_servicio_id FOREIGN KEY (servicio_id) REFERENCES servicio(servicio_id) );

INSERT INTO paises (paises_id, continente, nombre, fecha_creacion) VALUES (1, 'America del Norte', 'México', '2024-12-27T08:51:56.771Z'); INSERT INTO sucursal (sucursal_id, nombre, paises_id, fecha_creacion) VALUES (1, 'Mosciski - Pagac', 1, '2024-12-27T08:51:56.772Z'); INSERT INTO planes (plan_id, nombre_plan, precio_por_noche, fecha_creacion, sucursal_id) VALUES (1, 'Plan Familiar', 342.752267274969, '2024-12-27T08:51:56.773Z', 1); INSERT INTO planes (plan_id, nombre_plan, precio_por_noche, fecha_creacion, sucursal_id) VALUES (2, 'Solo Desayuno', 40.183739452843355, '2024-12-27T08:51:56.773Z', 1); INSERT INTO servicio (servicio_id, nombre_servicio, precio, fecha_creacion, sucursal_id) VALUES (1, 'Actividades de Aventura', 95.84683947907344, '2024-12-27T08:51:56.773Z', 1); INSERT INTO servicio (servicio_id, nombre_servicio, precio, fecha_creacion, sucursal_id) VALUES (2, 'Wifi Gratis', 0, '2024-12-27T08:51:56.773Z', 1); INSERT INTO habitacion (habitacion_id, tipo_habitacion, numero_max_huespedes, sucursal_id) VALUES (1, 'Familiar', 4, 1); INSERT INTO habitacion (habitacion_id, tipo_habitacion, numero_max_huespedes, sucursal_id) VALUES (2, 'Doble', 1, 1); INSERT INTO habitacion (habitacion_id, tipo_habitacion, numero_max_huespedes, sucursal_id) VALUES (3, 'Doble', 6, 1); INSERT INTO habitacion (habitacion_id, tipo_habitacion, numero_max_huespedes, sucursal_id) VALUES (4, 'Familiar', 6, 1); INSERT INTO habitacion (habitacion_id, tipo_habitacion, numero_max_huespedes, sucursal_id) VALUES (5, 'Familiar', 2, 1); INSERT INTO persona (persona_id, cedula, nombre, fecha_nacimiento, genero, fecha_creacion) VALUES (1, '704746976', 'Jeremy', '2015-05-27', 'Omnigender', '2024-09-07'); INSERT INTO huesped (huesped_id, persona_id) VALUES (1, 1); INSERT INTO reserva (reserva_id, numero_huespedes, precio_de_plan, cantidad_noches, fecha_inicio, fecha_final, fecha_creacion, habitacion_id, huesped_id, plan_id, servicio_id) VALUES (1, 2, 40.183739452843355, 6, '2020-1-1', '2020-01-07', '2024-12-27T08:51:56.774Z', 1, 1, 2, 2); INSERT INTO persona (persona_id, cedula, nombre, fecha_nacimiento, genero, fecha_creacion) VALUES (2, '283409754', 'Eliseo', '2014-09-18', 'Cis woman', '2024-03-04'); INSERT INTO huesped (huesped_id, persona_id) VALUES (2, 2); INSERT INTO reserva (reserva_id, numero_huespedes, precio_de_plan, cantidad_noches, fecha_inicio, fecha_final, fecha_creacion, habitacion_id, huesped_id, plan_id, servicio_id) VALUES (2, 4, 342.752267274969, 5, '2020-1-3', '2020-01-08', '2024-12-27T08:51:56.774Z', 1, 2, 1, 2); INSERT INTO persona (persona_id, cedula, nombre, fecha_nacimiento, genero, fecha_creacion) VALUES (3, '555905186', 'Dessie', '1980-03-04', 'Demi-man', '2024-07-27'); INSERT INTO huesped (huesped_id, persona_id) VALUES (3, 3); INSERT INTO reserva (reserva_id, numero_huespedes, precio_de_plan, cantidad_noches, fecha_inicio, fecha_final, fecha_creacion, habitacion_id, huesped_id, plan_id, servicio_id) VALUES (3, 3, 40.183739452843355, 2, '2020-1-4', '2020-01-06', '2024-12-27T08:51:56.775Z', 1, 3, 2, 1); INSERT INTO persona (persona_id, cedula, nombre, fecha_nacimiento, genero, fecha_creacion) VALUES (4, '180450778', 'Kellen', '1990-09-24', 'Genderflux', '2024-09-22'); INSERT INTO huesped (huesped_id, persona_id) VALUES (4, 4); INSERT INTO reserva (reserva_id, numero_huespedes, precio_de_plan, cantidad_noches, fecha_inicio, fecha_final, fecha_creacion, habitacion_id, huesped_id, plan_id, servicio_id) VALUES (4, 2, 342.752267274969, 5, '2020-1-9', '2020-01-14', '2024-12-27T08:51:56.775Z', 1, 4, 1, 2); INSERT INTO persona (persona_id, cedula, nombre, fecha_nacimiento, genero, fecha_creacion) VALUES (5, '711930218', 'Maryam', '2006-12-18', 'Female to male transgender man', '2024-09-28'); INSERT INTO huesped (huesped_id, persona_id) VALUES (5, 5); INSERT INTO reserva (reserva_id, numero_huespedes, precio_de_plan, cantidad_noches, fecha_inicio, fecha_final, fecha_creacion, habitacion_id, huesped_id, plan_id, servicio_id) VALUES (5, 1, 40.183739452843355, 2, '2020-1-10', '2020-01-12', '2024-12-27T08:51:56.775Z', 1, 5, 2, 1); INSERT INTO persona (persona_id, cedula, nombre, fecha_nacimiento, genero, fecha_creacion) VALUES (6, '789164345', 'Ephraim', '1994-03-14', 'Cis', '2024-10-22'); INSERT INTO huesped (huesped_id, persona_id) VALUES (6, 6); INSERT INTO reserva (reserva_id, numero_huespedes, precio_de_plan, cantidad_noches, fecha_inicio, fecha_final, fecha_creacion, habitacion_id, huesped_id, plan_id, servicio_id) VALUES (6, 4, 40.183739452843355, 5, '2020-1-12', '2020-01-17', '2024-12-27T08:51:56.775Z', 1, 6, 2, 1); INSERT INTO persona (persona_id, cedula, nombre, fecha_nacimiento, genero, fecha_creacion) VALUES (7, '918892837', 'Stuart', '1989-10-11', 'Woman', '2024-05-28'); INSERT INTO huesped (huesped_id, persona_id) VALUES (7, 7); INSERT INTO reserva (reserva_id, numero_huespedes, precio_de_plan, cantidad_noches, fecha_inicio, fecha_final, fecha_creacion, habitacion_id, huesped_id, plan_id, servicio_id) VALUES (7, 3, 342.752267274969, 4, '2020-1-14', '2020-01-18', '2024-12-27T08:51:56.775Z', 1, 7, 1, 1); INSERT INTO persona (persona_id, cedula, nombre, fecha_nacimiento, genero, fecha_creacion) VALUES (8, '365870523', 'Alessandro', '2013-07-25', 'Bigender', '2024-03-04'); INSERT INTO huesped (huesped_id, persona_id) VALUES (8, 8); INSERT INTO reserva (reserva_id, numero_huespedes, precio_de_plan, cantidad_noches, fecha_inicio, fecha_final, fecha_creacion, habitacion_id, huesped_id, plan_id, servicio_id) VALUES (8, 4, 40.183739452843355, 1, '2020-1-17', '2020-01-18', '2024-12-27T08:51:56.775Z', 1, 8, 2, 2); INSERT INTO persona (persona_id, cedula, nombre, fecha_nacimiento, genero, fecha_creacion) VALUES (9, '814446776', 'Brice', '2019-08-06', 'Trans person', '2024-03-23'); INSERT INTO huesped (huesped_id, persona_id) VALUES (9, 9); INSERT INTO reserva (reserva_id, numero_huespedes, precio_de_plan, cantidad_noches, fecha_inicio, fecha_final, fecha_creacion, habitacion_id, huesped_id, plan_id, servicio_id) VALUES (9, 2, 40.183739452843355, 4, '2020-1-21', '2020-01-25', '2024-12-27T08:51:56.775Z', 1, 9, 2, 1); INSERT INTO persona (persona_id, cedula, nombre, fecha_nacimiento, genero, fecha_creacion) VALUES (10, '173838164', 'Sydni', '1971-02-21', 'Female to male trans man', '2024-05-26'); INSERT INTO huesped (huesped_id, persona_id) VALUES (10, 10); INSERT INTO reserva (reserva_id, numero_huespedes, precio_de_plan, cantidad_noches, fecha_inicio, fecha_final, fecha_creacion, habitacion_id, huesped_id, plan_id, servicio_id) VALUES (10, 3, 342.752267274969, 7, '2020-1-22', '2020-01-29', '2024-12-27T08:51:56.776Z', 1, 10, 1, 2); INSERT INTO persona (persona_id, cedula, nombre, fecha_nacimiento, genero, fecha_creacion) VALUES (11, '917276115', 'Lila', '1969-03-23', 'Transsexual female', '2024-03-04'); INSERT INTO huesped (huesped_id, persona_id) VALUES (11, 11); INSERT INTO reserva (reserva_id, numero_huespedes, precio_de_plan, cantidad_noches, fecha_inicio, fecha_final, fecha_creacion, habitacion_id, huesped_id, plan_id, servicio_id) VALUES (11, 2, 40.183739452843355, 1, '2020-1-23', '2020-01-24', '2024-12-27T08:51:56.776Z', 1, 11, 2, 1); INSERT INTO persona (persona_id, cedula, nombre, fecha_nacimiento, genero, fecha_creacion) VALUES (12, '665293317', 'Herta', '2020-11-21', 'MTF', '2024-05-31'); INSERT INTO huesped (huesped_id, persona_id) VALUES (12, 12); INSERT INTO reserva (reserva_id, numero_huespedes, precio_de_plan, cantidad_noches, fecha_inicio, fecha_final, fecha_creacion, habitacion_id, huesped_id, plan_id, servicio_id) VALUES (12, 2, 40.183739452843355, 2, '2020-1-26', '2020-01-28', '2024-12-27T08:51:56.776Z', 1, 12, 2, 2); INSERT INTO persona (persona_id, cedula, nombre, fecha_nacimiento, genero, fecha_creacion) VALUES (13, '246815620', 'Jamarcus', '2018-06-01', 'Transmasculine', '2024-04-03'); INSERT INTO huesped (huesped_id, persona_id) VALUES (13, 13); INSERT INTO reserva (reserva_id, numero_huespedes, precio_de_plan, cantidad_noches, fecha_inicio, fecha_final, fecha_creacion, habitacion_id, huesped_id, plan_id, servicio_id) VALUES (13, 1, 342.752267274969, 7, '2020-1-28', '2020-02-04', '2024-12-27T08:51:56.776Z', 1, 13, 1, 1); INSERT INTO persona (persona_id, cedula, nombre, fecha_nacimiento, genero, fecha_creacion) VALUES (14, '821865846', 'Rene', '2009-06-28', 'Demiflux', '2024-11-23'); INSERT INTO huesped (huesped_id, persona_id) VALUES (14, 14); INSERT INTO reserva (reserva_id, numero_huespedes, precio_de_plan, cantidad_noches, fecha_inicio, fecha_final, fecha_creacion, habitacion_id, huesped_id, plan_id, servicio_id) VALUES (14, 4, 342.752267274969, 4, '2020-1-1', '2020-01-05', '2024-12-27T08:51:56.776Z', 1, 14, 1, 2); INSERT INTO persona (persona_id, cedula, nombre, fecha_nacimiento, genero, fecha_creacion) VALUES (15, '928923429', 'Gregg', '2017-05-08', 'Neither', '2024-10-31'); INSERT INTO huesped (huesped_id, persona_id) VALUES (15, 15); INSERT INTO reserva (reserva_id, numero_huespedes, precio_de_plan, cantidad_noches, fecha_inicio, fecha_final, fecha_creacion, habitacion_id, huesped_id, plan_id, servicio_id) VALUES (15, 1, 342.752267274969, 1, '2020-1-2', '2020-01-03', '2024-12-27T08:51:56.776Z', 1, 15, 1, 2); INSERT INTO persona (persona_id, cedula, nombre, fecha_nacimiento, genero, fecha_creacion) VALUES (16, '378939931', 'Summer', '2003-11-27', 'Androgynous', '2023-08-21'); INSERT INTO huesped (huesped_id, persona_id) VALUES (16, 16); INSERT INTO reserva (reserva_id, numero_huespedes, precio_de_plan, cantidad_noches, fecha_inicio, fecha_final, fecha_creacion, habitacion_id, huesped_id, plan_id, servicio_id) VALUES (16, 4, 342.752267274969, 5, '2020-1-7', '2020-01-12', '2024-12-27T08:51:56.776Z', 1, 16, 1, 2); INSERT INTO persona (persona_id, cedula, nombre, fecha_nacimiento, genero, fecha_creacion) VALUES (17, '675398150', 'Annamarie', '2003-04-10', 'Transsexual person', '2023-08-10'); INSERT INTO huesped (huesped_id, persona_id) VALUES (17, 17); INSERT INTO reserva (reserva_id, numero_huespedes, precio_de_plan, cantidad_noches, fecha_inicio, fecha_final, fecha_creacion, habitacion_id, huesped_id, plan_id, servicio_id) VALUES (17, 2, 40.183739452843355, 4, '2020-1-8', '2020-01-12', '2024-12-27T08:51:56.776Z', 1, 17, 2, 1); INSERT INTO persona (persona_id, cedula, nombre, fecha_nacimiento, genero, fecha_creacion) VALUES (18, '994906607', 'Doug', '1976-06-14', 'Trans woman', '2024-04-15'); INSERT INTO huesped (huesped_id, persona_id) VALUES (18, 18); INSERT INTO reserva (reserva_id, numero_huespedes, precio_de_plan, cantidad_noches, fecha_inicio, fecha_final, fecha_creacion, habitacion_id, huesped_id, plan_id, servicio_id) VALUES (18, 3, 40.183739452843355, 6, '2020-1-9', '2020-01-15', '2024-12-27T08:51:56.776Z', 1, 18, 2, 1); INSERT INTO persona (persona_id, cedula, nombre, fecha_nacimiento, genero, fecha_creacion) VALUES (19, '109477951', 'Katlynn', '2021-07-12', 'Transsexual person', '2024-05-02'); INSERT INTO huesped (huesped_id, persona_id) VALUES (19, 19); INSERT INTO reserva (reserva_id, numero_huespedes, precio_de_plan, cantidad_noches, fecha_inicio, fecha_final, fecha_creacion, habitacion_id, huesped_id, plan_id, servicio_id) VALUES (19, 1, 40.183739452843355, 6, '2020-1-12', '2020-01-18', '2024-12-27T08:51:56.776Z', 1, 19, 2, 2); INSERT INTO persona (persona_id, cedula, nombre, fecha_nacimiento, genero, fecha_creacion) VALUES (20, '658162052', 'Imogene', '2012-06-06', 'Pangender', '2024-12-06'); INSERT INTO huesped (huesped_id, persona_id) VALUES (20, 20); INSERT INTO reserva (reserva_id, numero_huespedes, precio_de_plan, cantidad_noches, fecha_inicio, fecha_final, fecha_creacion, habitacion_id, huesped_id, plan_id, servicio_id) VALUES (20, 3, 40.183739452843355, 7, '2020-1-16', '2020-01-23', '2024-12-27T08:51:56.776Z', 1, 20, 2, 1); INSERT INTO persona (persona_id, cedula, nombre, fecha_nacimiento, genero, fecha_creacion) VALUES (21, '487243587', 'Sasha', '2017-11-05', 'Transsexual woman', '2024-03-26'); INSERT INTO huesped (huesped_id, persona_id) VALUES (21, 21); INSERT INTO reserva (reserva_id, numero_huespedes, precio_de_plan, cantidad_noches, fecha_inicio, fecha_final, fecha_creacion, habitacion_id, huesped_id, plan_id, servicio_id) VALUES (21, 3, 40.183739452843355, 6, '2020-1-17', '2020-01-23', '2024-12-27T08:51:56.776Z', 1, 21, 2, 2); INSERT INTO persona (persona_id, cedula, nombre, fecha_nacimiento, genero, fecha_creacion) VALUES (22, '355989465', 'Velda', '1988-06-19', 'Trans person', '2023-11-12'); INSERT INTO huesped (huesped_id, persona_id) VALUES (22, 22); INSERT INTO reserva (reserva_id, numero_huespedes, precio_de_plan, cantidad_noches, fecha_inicio, fecha_final, fecha_creacion, habitacion_id, huesped_id, plan_id, servicio_id) VALUES (22, 4, 40.183739452843355, 4, '2020-1-19', '2020-01-23', '2024-12-27T08:51:56.776Z', 1, 22, 2, 1); INSERT INTO persona (persona_id, cedula, nombre, fecha_nacimiento, genero, fecha_creacion) VALUES (23, '348538399', 'Curtis', '2001-07-31', 'M2F', '2024-08-21'); INSERT INTO huesped (huesped_id, persona_id) VALUES (23, 23); INSERT INTO reserva (reserva_id, numero_huespedes, precio_de_plan, cantidad_noches, fecha_inicio, fecha_final, fecha_creacion, habitacion_id, huesped_id, plan_id, servicio_id) VALUES (23, 1, 40.183739452843355, 3, '2020-1-21', '2020-01-24', '2024-12-27T08:51:56.776Z', 1, 23, 2, 1); INSERT INTO persona (persona_id, cedula, nombre, fecha_nacimiento, genero, fecha_creacion) VALUES (24, '224124276', 'Foster', '2007-09-29', 'Gender variant', '2024-06-07'); INSERT INTO huesped (huesped_id, persona_id) VALUES (24, 24); INSERT INTO reserva (reserva_id, numero_huespedes, precio_de_plan, cantidad_noches, fecha_inicio, fecha_final, fecha_creacion, habitacion_id, huesped_id, plan_id, servicio_id) VALUES (24, 1, 342.752267274969, 2, '2020-1-22', '2020-01-24', '2024-12-27T08:51:56.776Z', 1, 24, 1, 2); INSERT INTO persona (persona_id, cedula, nombre, fecha_nacimiento, genero, fecha_creacion) VALUES (25, '409010959', 'Dayton', '2015-07-12', 'FTM', '2024-08-18'); INSERT INTO huesped (huesped_id, persona_id) VALUES (25, 25); INSERT INTO reserva (reserva_id, numero_huespedes, precio_de_plan, cantidad_noches, fecha_inicio, fecha_final, fecha_creacion, habitacion_id, huesped_id, plan_id, servicio_id) VALUES (25, 2, 342.752267274969, 5, '2020-1-24', '2020-01-29', '2024-12-27T08:51:56.776Z', 1, 25, 1, 1); INSERT INTO persona (persona_id, cedula, nombre, fecha_nacimiento, genero, fecha_creacion) VALUES (26, '343142437', 'Rocio', '2021-09-03', 'Transgender female', '2024-08-28'); INSERT INTO huesped (huesped_id, persona_id) VALUES (26, 26); INSERT INTO reserva (reserva_id, numero_huespedes, precio_de_plan, cantidad_noches, fecha_inicio, fecha_final, fecha_creacion, habitacion_id, huesped_id, plan_id, servicio_id) VALUES (26, 3, 40.183739452843355, 6, '2020-1-29', '2020-02-04', '2024-12-27T08:51:56.777Z', 1, 26, 2, 2); INSERT INTO persona (persona_id, cedula, nombre, fecha_nacimiento, genero, fecha_creacion) VALUES (27, '897360506', 'Lonny', '2005-10-14', 'Genderflux', '2023-07-25'); INSERT INTO huesped (huesped_id, persona_id) VALUES (27, 27); INSERT INTO reserva (reserva_id, numero_huespedes, precio_de_plan, cantidad_noches, fecha_inicio, fecha_final, fecha_creacion, habitacion_id, huesped_id, plan_id, servicio_id) VALUES (27, 2, 40.183739452843355, 7, '2020-1-30', '2020-02-06', '2024-12-27T08:51:56.777Z', 1, 27, 2, 1); INSERT INTO persona (persona_id, cedula, nombre, fecha_nacimiento, genero, fecha_creacion) VALUES (28, '590295172', 'Dahlia', '2010-08-18', 'Neither', '2024-05-24'); INSERT INTO huesped (huesped_id, persona_id) VALUES (28, 28); INSERT INTO reserva (reserva_id, numero_huespedes, precio_de_plan, cantidad_noches, fecha_inicio, fecha_final, fecha_creacion, habitacion_id, huesped_id, plan_id, servicio_id) VALUES (28, 3, 342.752267274969, 4, '2020-1-31', '2020-02-04', '2024-12-27T08:51:56.777Z', 1, 28, 1, 1); INSERT INTO persona (persona_id, cedula, nombre, fecha_nacimiento, genero, fecha_creacion) VALUES (29, '133007166', 'Giovani', '2001-05-20', 'Genderflux', '2023-02-20'); INSERT INTO huesped (huesped_id, persona_id) VALUES (29, 29); INSERT INTO reserva (reserva_id, numero_huespedes, precio_de_plan, cantidad_noches, fecha_inicio, fecha_final, fecha_creacion, habitacion_id, huesped_id, plan_id, servicio_id) VALUES (29, 1, 342.752267274969, 3, '2020-1-1', '2020-01-04', '2024-12-27T08:51:56.777Z', 1, 29, 1, 1); INSERT INTO persona (persona_id, cedula, nombre, fecha_nacimiento, genero, fecha_creacion) VALUES (30, '802842195', 'Uriah', '2017-12-05', 'Intersex woman', '2024-11-08'); INSERT INTO huesped (huesped_id, persona_id) VALUES (30, 30); INSERT INTO reserva (reserva_id, numero_huespedes, precio_de_plan, cantidad_noches, fecha_inicio, fecha_final, fecha_creacion, habitacion_id, huesped_id, plan_id, servicio_id) VALUES (30, 2, 40.183739452843355, 4, '2020-1-3', '2020-01-07', '2024-12-27T08:51:56.777Z', 1, 30, 2, 1); INSERT INTO persona (persona_id, cedula, nombre, fecha_nacimiento, genero, fecha_creacion) VALUES (31, '430885686', 'Else', '2006-06-13', 'Transgender person', '2024-03-15'); INSERT INTO huesped (huesped_id, persona_id) VALUES (31, 31); INSERT INTO reserva (reserva_id, numero_huespedes, precio_de_plan, cantidad_noches, fecha_inicio, fecha_final, fecha_creacion, habitacion_id, huesped_id, plan_id, servicio_id) VALUES (31, 1, 342.752267274969, 2, '2020-1-12', '2020-01-14', '2024-12-27T08:51:56.777Z', 1, 31, 1, 1); INSERT INTO persona (persona_id, cedula, nombre, fecha_nacimiento, genero, fecha_creacion) VALUES (32, '605407793', 'Cristina', '2007-09-29', 'Cis', '2024-11-18'); INSERT INTO huesped (huesped_id, persona_id) VALUES (32, 32); INSERT INTO reserva (reserva_id, numero_huespedes, precio_de_plan, cantidad_noches, fecha_inicio, fecha_final, fecha_creacion, habitacion_id, huesped_id, plan_id, servicio_id) VALUES (32, 3, 342.752267274969, 2, '2020-1-13', '2020-01-15', '2024-12-27T08:51:56.777Z', 1, 32, 1, 2); INSERT INTO persona (persona_id, cedula, nombre, fecha_nacimiento, genero, fecha_creacion) VALUES (33, '796582371', 'August', '2008-05-25', 'M2F', '2024-06-24'); INSERT INTO huesped (huesped_id, persona_id) VALUES (33, 33); INSERT INTO reserva (reserva_id, numero_huespedes, precio_de_plan, cantidad_noches, fecha_inicio, fecha_final, fecha_creacion, habitacion_id, huesped_id, plan_id, servicio_id) VALUES (33, 2, 40.183739452843355, 4, '2020-1-16', '2020-01-20', '2024-12-27T08:51:56.777Z', 1, 33, 2, 1); INSERT INTO persona (persona_id, cedula, nombre, fecha_nacimiento, genero, fecha_creacion) VALUES (34, '139442417', 'Haven', '1995-03-19', 'Male to female transgender woman', '2024-03-18'); INSERT INTO huesped (huesped_id, persona_id) VALUES (34, 34); INSERT INTO reserva (reserva_id, numero_huespedes, precio_de_plan, cantidad_noches, fecha_inicio, fecha_final, fecha_creacion, habitacion_id, huesped_id, plan_id, servicio_id) VALUES (34, 3, 40.183739452843355, 2, '2020-1-17', '2020-01-19', '2024-12-27T08:51:56.777Z', 1, 34, 2, 1); INSERT INTO persona (persona_id, cedula, nombre, fecha_nacimiento, genero, fecha_creacion) VALUES (35, '452706985', 'Florida', '2018-08-02', 'Male to female transsexual woman', '2024-07-19'); INSERT INTO huesped (huesped_id, persona_id) VALUES (35, 35); INSERT INTO reserva (reserva_id, numero_huespedes, precio_de_plan, cantidad_noches, fecha_inicio, fecha_final, fecha_creacion, habitacion_id, huesped_id, plan_id, servicio_id) VALUES (35, 3, 342.752267274969, 5, '2020-1-19', '2020-01-24', '2024-12-27T08:51:56.777Z', 1, 35, 1, 1); INSERT INTO persona (persona_id, cedula, nombre, fecha_nacimiento, genero, fecha_creacion) VALUES (36, '770142533', 'Timmothy', '2021-11-19', 'Trans woman', '2024-04-23'); INSERT INTO huesped (huesped_id, persona_id) VALUES (36, 36); INSERT INTO reserva (reserva_id, numero_huespedes, precio_de_plan, cantidad_noches, fecha_inicio, fecha_final, fecha_creacion, habitacion_id, huesped_id, plan_id, servicio_id) VALUES (36, 4, 342.752267274969, 4, '2020-1-20', '2020-01-24', '2024-12-27T08:51:56.777Z', 1, 36, 1, 1); INSERT INTO persona (persona_id, cedula, nombre, fecha_nacimiento, genero, fecha_creacion) VALUES (37, '206921295', 'Mervin', '2012-08-04', 'Androgyne', '2024-04-28'); INSERT INTO huesped (huesped_id, persona_id) VALUES (37, 37); INSERT INTO reserva (reserva_id, numero_huespedes, precio_de_plan, cantidad_noches, fecha_inicio, fecha_final, fecha_creacion, habitacion_id, huesped_id, plan_id, servicio_id) VALUES (37, 3, 40.183739452843355, 3, '2020-1-21', '2020-01-24', '2024-12-27T08:51:56.777Z', 1, 37, 2, 1); INSERT INTO persona (persona_id, cedula, nombre, fecha_nacimiento, genero, fecha_creacion) VALUES (38, '357722757', 'Ona', '1979-01-22', 'Hermaphrodite', '2023-12-07'); INSERT INTO huesped (huesped_id, persona_id) VALUES (38, 38); INSERT INTO reserva (reserva_id, numero_huespedes, precio_de_plan, cantidad_noches, fecha_inicio, fecha_final, fecha_creacion, habitacion_id, huesped_id, plan_id, servicio_id) VALUES (38, 4, 40.183739452843355, 6, '2020-1-22', '2020-01-28', '2024-12-27T08:51:56.777Z', 1, 38, 2, 2); INSERT INTO persona (persona_id, cedula, nombre, fecha_nacimiento, genero, fecha_creacion) VALUES (39, '358871643', 'Monserrat', '2015-12-18', 'Intersex woman', '2024-02-03'); INSERT INTO huesped (huesped_id, persona_id) VALUES (39, 39); INSERT INTO reserva (reserva_id, numero_huespedes, precio_de_plan, cantidad_noches, fecha_inicio, fecha_final, fecha_creacion, habitacion_id, huesped_id, plan_id, servicio_id) VALUES (39, 1, 40.183739452843355, 4, '2020-1-24', '2020-01-28', '2024-12-27T08:51:56.777Z', 1, 39, 2, 2); INSERT INTO persona (persona_id, cedula, nombre, fecha_nacimiento, genero, fecha_creacion) VALUES (40, '987987980', 'Delbert', '2020-01-11', 'Demiflux', '2024-11-10'); INSERT INTO huesped (huesped_id, persona_id) VALUES (40, 40); INSERT INTO reserva (reserva_id, numero_huespedes, precio_de_plan, cantidad_noches, fecha_inicio, fecha_final, fecha_creacion, habitacion_id, huesped_id, plan_id, servicio_id) VALUES (40, 4, 40.183739452843355, 5, '2020-1-28', '2020-02-02', '2024-12-27T08:51:56.777Z', 1, 40, 2, 1); INSERT INTO persona (persona_id, cedula, nombre, fecha_nacimiento, genero, fecha_creacion) VALUES (41, '912111431', 'Aileen', '2011-07-03', 'Trans', '2024-05-07'); INSERT INTO huesped (huesped_id, persona_id) VALUES (41, 41); INSERT INTO reserva (reserva_id, numero_huespedes, precio_de_plan, cantidad_noches, fecha_inicio, fecha_final, fecha_creacion, habitacion_id, huesped_id, plan_id, servicio_id) VALUES (41, 4, 40.183739452843355, 1, '2020-1-30', '2020-01-31', '2024-12-27T08:51:56.777Z', 1, 41, 2, 1); INSERT INTO persona (persona_id, cedula, nombre, fecha_nacimiento, genero, fecha_creacion) VALUES (42, '827030132', 'Jasmin', '1989-05-06', 'Two-spirit person', '2023-08-14'); INSERT INTO huesped (huesped_id, persona_id) VALUES (42, 42); INSERT INTO reserva (reserva_id, numero_huespedes, precio_de_plan, cantidad_noches, fecha_inicio, fecha_final, fecha_creacion, habitacion_id, huesped_id, plan_id, servicio_id) VALUES (42, 1, 342.752267274969, 3, '2020-4-1', '2020-04-04', '2024-12-27T08:51:56.778Z', 1, 42, 1, 2); INSERT INTO persona (persona_id, cedula, nombre, fecha_nacimiento, genero, fecha_creacion) VALUES (43, '504967170', 'Buddy', '2009-02-27', 'Two* person', '2023-05-28'); INSERT INTO huesped (huesped_id, persona_id) VALUES (43, 43); INSERT INTO reserva (reserva_id, numero_huespedes, precio_de_plan, cantidad_noches, fecha_inicio, fecha_final, fecha_creacion, habitacion_id, huesped_id, plan_id, servicio_id) VALUES (43, 4, 40.183739452843355, 3, '2020-4-1', '2020-04-04', '2024-12-27T08:51:56.778Z', 1, 43, 2, 1); INSERT INTO persona (persona_id, cedula, nombre, fecha_nacimiento, genero, fecha_creacion) VALUES (44, '691777523', 'Mariela', '1997-08-03', 'Intersex man', '2024-06-28'); INSERT INTO huesped (huesped_id, persona_id) VALUES (44, 44); INSERT INTO reserva (reserva_id, numero_huespedes, precio_de_plan, cantidad_noches, fecha_inicio, fecha_final, fecha_creacion, habitacion_id, huesped_id, plan_id, servicio_id) VALUES (44, 1, 342.752267274969, 3, '2020-4-1', '2020-04-04', '2024-12-27T08:51:56.778Z', 1, 44, 1, 1); INSERT INTO persona (persona_id, cedula, nombre, fecha_nacimiento, genero, fecha_creacion) VALUES (45, '112696462', 'Darius', '2018-04-29', 'Cisgender man', '2024-09-09'); INSERT INTO huesped (huesped_id, persona_id) VALUES (45, 45); INSERT INTO reserva (reserva_id, numero_huespedes, precio_de_plan, cantidad_noches, fecha_inicio, fecha_final, fecha_creacion, habitacion_id, huesped_id, plan_id, servicio_id) VALUES (45, 2, 40.183739452843355, 4, '2020-4-2', '2020-04-06', '2024-12-27T08:51:56.778Z', 1, 45, 2, 1); INSERT INTO persona (persona_id, cedula, nombre, fecha_nacimiento, genero, fecha_creacion) VALUES (46, '427986223', 'Janessa', '2016-05-21', 'Androgynous', '2024-08-13'); INSERT INTO huesped (huesped_id, persona_id) VALUES (46, 46); INSERT INTO reserva (reserva_id, numero_huespedes, precio_de_plan, cantidad_noches, fecha_inicio, fecha_final, fecha_creacion, habitacion_id, huesped_id, plan_id, servicio_id) VALUES (46, 1, 342.752267274969, 7, '2020-4-3', '2020-04-10', '2024-12-27T08:51:56.778Z', 1, 46, 1, 2); INSERT INTO persona (persona_id, cedula, nombre, fecha_nacimiento, genero, fecha_creacion) VALUES (47, '828109288', 'Aida', '1996-07-16', 'Male to female transsexual woman', '2024-04-27'); INSERT INTO huesped (huesped_id, persona_id) VALUES (47, 47); INSERT INTO reserva (reserva_id, numero_huespedes, precio_de_plan, cantidad_noches, fecha_inicio, fecha_final, fecha_creacion, habitacion_id, huesped_id, plan_id, servicio_id) VALUES (47, 2, 40.183739452843355, 7, '2020-4-3', '2020-04-10', '2024-12-27T08:51:56.778Z', 1, 47, 2, 2); INSERT INTO persona (persona_id, cedula, nombre, fecha_nacimiento, genero, fecha_creacion) VALUES (48, '954812274', 'Clifford', '1991-05-16', 'Transsexual man', '2023-05-09'); INSERT INTO huesped (huesped_id, persona_id) VALUES (48, 48); INSERT INTO reserva (reserva_id, numero_huespedes, precio_de_plan, cantidad_noches, fecha_inicio, fecha_final, fecha_creacion, habitacion_id, huesped_id, plan_id, servicio_id) VALUES (48, 3, 342.752267274969, 1, '2020-4-3', '2020-04-04', '2024-12-27T08:51:56.778Z', 1, 48, 1, 1); INSERT INTO persona (persona_id, cedula, nombre, fecha_nacimiento, genero, fecha_creacion) VALUES (49, '323765833', 'Caleb', '2004-05-21', 'Two* person', '2023-08-24'); INSERT INTO huesped (huesped_id, persona_id) VALUES (49, 49); INSERT INTO reserva (reserva_id, numero_huespedes, precio_de_plan, cantidad_noches, fecha_inicio, fecha_final, fecha_creacion, habitacion_id, huesped_id, plan_id, servicio_id) VALUES (49, 4, 40.183739452843355, 1, '2020-4-4', '2020-04-05', '2024-12-27T08:51:56.778Z', 1, 49, 2, 2); INSERT INTO persona (persona_id, cedula, nombre, fecha_nacimiento, genero, fecha_creacion) VALUES (50, '120242131', 'Percy', '1996-01-22', 'Cisgender woman', '2024-01-04'); INSERT INTO huesped (huesped_id, persona_id) VALUES (50, 50); INSERT INTO reserva (reserva_id, numero_huespedes, precio_de_plan, cantidad_noches, fecha_inicio, fecha_final, fecha_creacion, habitacion_id, huesped_id, plan_id, servicio_id) VALUES (50, 3, 40.183739452843355, 6, '2020-4-4', '2020-04-10', '2024-12-27T08:51:56.778Z', 1, 50, 2, 2); INSERT INTO persona (persona_id, cedula, nombre, fecha_nacimiento, genero, fecha_creacion) VALUES (51, '101840921', 'Skyla', '1989-01-26', 'Gender nonconforming', '2024-03-30'); INSERT INTO huesped (huesped_id, persona_id) VALUES (51, 51); INSERT INTO reserva (reserva_id, numero_huespedes, precio_de_plan, cantidad_noches, fecha_inicio, fecha_final, fecha_creacion, habitacion_id, huesped_id, plan_id, servicio_id) VALUES (51, 3, 342.752267274969, 4, '2020-4-4', '2020-04-08', '2024-12-27T08:51:56.778Z', 1, 51, 1, 2); INSERT INTO persona (persona_id, cedula, nombre, fecha_nacimiento, genero, fecha_creacion) VALUES (52, '875066808', 'Alexandria', '2008-11-25', 'Bigender', '2024-02-24'); INSERT INTO huesped (huesped_id, persona_id) VALUES (52, 52); INSERT INTO reserva (reserva_id, numero_huespedes, precio_de_plan, cantidad_noches, fecha_inicio, fecha_final, fecha_creacion, habitacion_id, huesped_id, plan_id, servicio_id) VALUES (52, 2, 40.183739452843355, 4, '2020-4-5', '2020-04-09', '2024-12-27T08:51:56.778Z', 1, 52, 2, 1); INSERT INTO persona (persona_id, cedula, nombre, fecha_nacimiento, genero, fecha_creacion) VALUES (53, '339460942', 'Claudine', '2009-06-25', 'Cisgender woman', '2024-02-02'); INSERT INTO huesped (huesped_id, persona_id) VALUES (53, 53); INSERT INTO reserva (reserva_id, numero_huespedes, precio_de_plan, cantidad_noches, fecha_inicio, fecha_final, fecha_creacion, habitacion_id, huesped_id, plan_id, servicio_id) VALUES (53, 1, 342.752267274969, 5, '2020-4-6', '2020-04-11', '2024-12-27T08:51:56.778Z', 1, 53, 1, 1); INSERT INTO persona (persona_id, cedula, nombre, fecha_nacimiento, genero, fecha_creacion) VALUES (54, '755892266', 'Van', '2022-12-05', 'Female to male', '2024-10-23'); INSERT INTO huesped (huesped_id, persona_id) VALUES (54, 54); INSERT INTO reserva (reserva_id, numero_huespedes, precio_de_plan, cantidad_noches, fecha_inicio, fecha_final, fecha_creacion, habitacion_id, huesped_id, plan_id, servicio_id) VALUES (54, 3, 40.183739452843355, 1, '2020-4-6', '2020-04-07', '2024-12-27T08:51:56.778Z', 1, 54, 2, 1); INSERT INTO persona (persona_id, cedula, nombre, fecha_nacimiento, genero, fecha_creacion) VALUES (55, '466596273', 'Katherine', '1996-07-16', 'Male to female', '2024-03-05'); INSERT INTO huesped (huesped_id, persona_id) VALUES (55, 55); INSERT INTO reserva (reserva_id, numero_huespedes, precio_de_plan, cantidad_noches, fecha_inicio, fecha_final, fecha_creacion, habitacion_id, huesped_id, plan_id, servicio_id) VALUES (55, 3, 40.183739452843355, 5, '2020-4-7', '2020-04-12', '2024-12-27T08:51:56.778Z', 1, 55, 2, 1); INSERT INTO persona (persona_id, cedula, nombre, fecha_nacimiento, genero, fecha_creacion) VALUES (56, '462984049', 'Charlotte', '1963-08-17', 'Trans male', '2024-08-10'); INSERT INTO huesped (huesped_id, persona_id) VALUES (56, 56); INSERT INTO reserva (reserva_id, numero_huespedes, precio_de_plan, cantidad_noches, fecha_inicio, fecha_final, fecha_creacion, habitacion_id, huesped_id, plan_id, servicio_id) VALUES (56, 3, 342.752267274969, 6, '2020-4-7', '2020-04-13', '2024-12-27T08:51:56.778Z', 1, 56, 1, 1); INSERT INTO persona (persona_id, cedula, nombre, fecha_nacimiento, genero, fecha_creacion) VALUES (57, '412664303', 'Maegan', '2007-09-24', 'Pangender', '2023-12-06'); INSERT INTO huesped (huesped_id, persona_id) VALUES (57, 57); INSERT INTO reserva (reserva_id, numero_huespedes, precio_de_plan, cantidad_noches, fecha_inicio, fecha_final, fecha_creacion, habitacion_id, huesped_id, plan_id, servicio_id) VALUES (57, 2, 342.752267274969, 2, '2020-4-8', '2020-04-10', '2024-12-27T08:51:56.778Z', 1, 57, 1, 1); INSERT INTO persona (persona_id, cedula, nombre, fecha_nacimiento, genero, fecha_creacion) VALUES (58, '172083822', 'Rowan', '2003-04-22', 'Male to female', '2024-09-04'); INSERT INTO huesped (huesped_id, persona_id) VALUES (58, 58); INSERT INTO reserva (reserva_id, numero_huespedes, precio_de_plan, cantidad_noches, fecha_inicio, fecha_final, fecha_creacion, habitacion_id, huesped_id, plan_id, servicio_id) VALUES (58, 1, 342.752267274969, 3, '2020-4-8', '2020-04-11', '2024-12-27T08:51:56.778Z', 1, 58, 1, 1); INSERT INTO persona (persona_id, cedula, nombre, fecha_nacimiento, genero, fecha_creacion) VALUES (59, '913919495', 'Keely', '2010-01-21', 'Trigender', '2024-12-22'); INSERT INTO huesped (huesped_id, persona_id) VALUES (59, 59); INSERT INTO reserva (reserva_id, numero_huespedes, precio_de_plan, cantidad_noches, fecha_inicio, fecha_final, fecha_creacion, habitacion_id, huesped_id, plan_id, servicio_id) VALUES (59, 4, 40.183739452843355, 1, '2020-4-8', '2020-04-09', '2024-12-27T08:51:56.778Z', 1, 59, 2, 1); INSERT INTO persona (persona_id, cedula, nombre, fecha_nacimiento, genero, fecha_creacion) VALUES (60, '753205168', 'Clemens', '1982-04-19', 'FTM', '2024-04-13'); INSERT INTO huesped (huesped_id, persona_id) VALUES (60, 60); INSERT INTO reserva (reserva_id, numero_huespedes, precio_de_plan, cantidad_noches, fecha_inicio, fecha_final, fecha_creacion, habitacion_id, huesped_id, plan_id, servicio_id) VALUES (60, 1, 342.752267274969, 4, '2020-4-11', '2020-04-15', '2024-12-27T08:51:56.778Z', 1, 60, 1, 2); INSERT INTO persona (persona_id, cedula, nombre, fecha_nacimiento, genero, fecha_creacion) VALUES (61, '723109916', 'Lola', '2022-08-22', 'Female to male transgender man', '2024-05-28'); INSERT INTO huesped (huesped_id, persona_id) VALUES (61, 61); INSERT INTO reserva (reserva_id, numero_huespedes, precio_de_plan, cantidad_noches, fecha_inicio, fecha_final, fecha_creacion, habitacion_id, huesped_id, plan_id, servicio_id) VALUES (61, 2, 40.183739452843355, 6, '2020-4-11', '2020-04-17', '2024-12-27T08:51:56.778Z', 1, 61, 2, 2); INSERT INTO persona (persona_id, cedula, nombre, fecha_nacimiento, genero, fecha_creacion) VALUES (62, '582252969', 'Milan', '2010-06-25', 'Gender questioning', '2024-01-18'); INSERT INTO huesped (huesped_id, persona_id) VALUES (62, 62); INSERT INTO reserva (reserva_id, numero_huespedes, precio_de_plan, cantidad_noches, fecha_inicio, fecha_final, fecha_creacion, habitacion_id, huesped_id, plan_id, servicio_id) VALUES (62, 4, 40.183739452843355, 5, '2020-4-11', '2020-04-16', '2024-12-27T08:51:56.778Z', 1, 62, 2, 1); INSERT INTO persona (persona_id, cedula, nombre, fecha_nacimiento, genero, fecha_creacion) VALUES (63, '537346322', 'Susan', '2016-04-29', 'Demi-boy', '2024-01-24'); INSERT INTO huesped (huesped_id, persona_id) VALUES (63, 63); INSERT INTO reserva (reserva_id, numero_huespedes, precio_de_plan, cantidad_noches, fecha_inicio, fecha_final, fecha_creacion, habitacion_id, huesped_id, plan_id, servicio_id) VALUES (63, 2, 40.183739452843355, 7, '2020-4-12', '2020-04-19', '2024-12-27T08:51:56.778Z', 1, 63, 2, 2); INSERT INTO persona (persona_id, cedula, nombre, fecha_nacimiento, genero, fecha_creacion) VALUES (64, '931515428', 'Justina', '1995-06-02', 'Trigender', '2023-08-17'); INSERT INTO huesped (huesped_id, persona_id) VALUES (64, 64); INSERT INTO reserva (reserva_id, numero_huespedes, precio_de_plan, cantidad_noches, fecha_inicio, fecha_final, fecha_creacion, habitacion_id, huesped_id, plan_id, servicio_id) VALUES (64, 3, 40.183739452843355, 4, '2020-4-14', '2020-04-18', '2024-12-27T08:51:56.778Z', 1, 64, 2, 2); INSERT INTO persona (persona_id, cedula, nombre, fecha_nacimiento, genero, fecha_creacion) VALUES (65, '807243032', 'Tevin', '2000-02-23', 'Transsexual person', '2023-04-30'); INSERT INTO huesped (huesped_id, persona_id) VALUES (65, 65); INSERT INTO reserva (reserva_id, numero_huespedes, precio_de_plan, cantidad_noches, fecha_inicio, fecha_final, fecha_creacion, habitacion_id, huesped_id, plan_id, servicio_id) VALUES (65, 4, 342.752267274969, 2, '2020-4-15', '2020-04-17', '2024-12-27T08:51:56.778Z', 1, 65, 1, 1); INSERT INTO persona (persona_id, cedula, nombre, fecha_nacimiento, genero, fecha_creacion) VALUES (66, '963415764', 'Darrell', '2007-10-03', 'Cis female', '2024-12-20'); INSERT INTO huesped (huesped_id, persona_id) VALUES (66, 66); INSERT INTO reserva (reserva_id, numero_huespedes, precio_de_plan, cantidad_noches, fecha_inicio, fecha_final, fecha_creacion, habitacion_id, huesped_id, plan_id, servicio_id) VALUES (66, 1, 342.752267274969, 5, '2020-4-15', '2020-04-20', '2024-12-27T08:51:56.778Z', 1, 66, 1, 2); INSERT INTO persona (persona_id, cedula, nombre, fecha_nacimiento, genero, fecha_creacion) VALUES (67, '204789455', 'Juliet', '2017-02-05', 'Bigender', '2024-01-23'); INSERT INTO huesped (huesped_id, persona_id) VALUES (67, 67); INSERT INTO reserva (reserva_id, numero_huespedes, precio_de_plan, cantidad_noches, fecha_inicio, fecha_final, fecha_creacion, habitacion_id, huesped_id, plan_id, servicio_id) VALUES (67, 4, 342.752267274969, 1, '2020-4-16', '2020-04-17', '2024-12-27T08:51:56.778Z', 1, 67, 1, 1); INSERT INTO persona (persona_id, cedula, nombre, fecha_nacimiento, genero, fecha_creacion) VALUES (68, '480827660', 'Dominic', '2018-02-28', 'Gender questioning', '2023-09-13'); INSERT INTO huesped (huesped_id, persona_id) VALUES (68, 68); INSERT INTO reserva (reserva_id, numero_huespedes, precio_de_plan, cantidad_noches, fecha_inicio, fecha_final, fecha_creacion, habitacion_id, huesped_id, plan_id, servicio_id) VALUES (68, 2, 40.183739452843355, 6, '2020-4-16', '2020-04-22', '2024-12-27T08:51:56.778Z', 1, 68, 2, 1); INSERT INTO persona (persona_id, cedula, nombre, fecha_nacimiento, genero, fecha_creacion) VALUES (69, '208286682', 'Asha', '1999-01-09', 'Transsexual', '2023-10-19'); INSERT INTO huesped (huesped_id, persona_id) VALUES (69, 69); INSERT INTO reserva (reserva_id, numero_huespedes, precio_de_plan, cantidad_noches, fecha_inicio, fecha_final, fecha_creacion, habitacion_id, huesped_id, plan_id, servicio_id) VALUES (69, 2, 342.752267274969, 5, '2020-4-17', '2020-04-22', '2024-12-27T08:51:56.779Z', 1, 69, 1, 2); INSERT INTO persona (persona_id, cedula, nombre, fecha_nacimiento, genero, fecha_creacion) VALUES (70, '295307801', 'Daisha', '2016-05-19', 'Gender nonconforming', '2024-08-24'); INSERT INTO huesped (huesped_id, persona_id) VALUES (70, 70); INSERT INTO reserva (reserva_id, numero_huespedes, precio_de_plan, cantidad_noches, fecha_inicio, fecha_final, fecha_creacion, habitacion_id, huesped_id, plan_id, servicio_id) VALUES (70, 2, 342.752267274969, 4, '2020-4-17', '2020-04-21', '2024-12-27T08:51:56.779Z', 1, 70, 1, 1); INSERT INTO persona (persona_id, cedula, nombre, fecha_nacimiento, genero, fecha_creacion) VALUES (71, '273713462', 'Barney', '2000-07-26', 'Male to female transgender woman', '2024-02-15'); INSERT INTO huesped (huesped_id, persona_id) VALUES (71, 71); INSERT INTO reserva (reserva_id, numero_huespedes, precio_de_plan, cantidad_noches, fecha_inicio, fecha_final, fecha_creacion, habitacion_id, huesped_id, plan_id, servicio_id) VALUES (71, 4, 40.183739452843355, 2, '2020-4-19', '2020-04-21', '2024-12-27T08:51:56.779Z', 1, 71, 2, 2); INSERT INTO persona (persona_id, cedula, nombre, fecha_nacimiento, genero, fecha_creacion) VALUES (72, '809807838', 'Jadyn', '1996-12-11', 'Gender fluid', '2024-02-03'); INSERT INTO huesped (huesped_id, persona_id) VALUES (72, 72); INSERT INTO reserva (reserva_id, numero_huespedes, precio_de_plan, cantidad_noches, fecha_inicio, fecha_final, fecha_creacion, habitacion_id, huesped_id, plan_id, servicio_id) VALUES (72, 4, 40.183739452843355, 1, '2020-4-19', '2020-04-20', '2024-12-27T08:51:56.779Z', 1, 72, 2, 2); INSERT INTO persona (persona_id, cedula, nombre, fecha_nacimiento, genero, fecha_creacion) VALUES (73, '691950544', 'Nikki', '1991-08-11', 'Demi-woman', '2023-01-10'); INSERT INTO huesped (huesped_id, persona_id) VALUES (73, 73); INSERT INTO reserva (reserva_id, numero_huespedes, precio_de_plan, cantidad_noches, fecha_inicio, fecha_final, fecha_creacion, habitacion_id, huesped_id, plan_id, servicio_id) VALUES (73, 4, 342.752267274969, 5, '2020-4-19', '2020-04-24', '2024-12-27T08:51:56.779Z', 1, 73, 1, 2); INSERT INTO persona (persona_id, cedula, nombre, fecha_nacimiento, genero, fecha_creacion) VALUES (74, '312767212', 'Nikolas', '1993-08-04', 'Trans person', '2024-09-14'); INSERT INTO huesped (huesped_id, persona_id) VALUES (74, 74); INSERT INTO reserva (reserva_id, numero_huespedes, precio_de_plan, cantidad_noches, fecha_inicio, fecha_final, fecha_creacion, habitacion_id, huesped_id, plan_id, servicio_id) VALUES (74, 1, 40.183739452843355, 4, '2020-4-20', '2020-04-24', '2024-12-27T08:51:56.779Z', 1, 74, 2, 2); INSERT INTO persona (persona_id, cedula, nombre, fecha_nacimiento, genero, fecha_creacion) VALUES (75, '448991612', 'Dayna', '2010-12-08', 'Intersex', '2024-12-17'); INSERT INTO huesped (huesped_id, persona_id) VALUES (75, 75); INSERT INTO reserva (reserva_id, numero_huespedes, precio_de_plan, cantidad_noches, fecha_inicio, fecha_final, fecha_creacion, habitacion_id, huesped_id, plan_id, servicio_id) VALUES (75, 1, 40.183739452843355, 3, '2020-4-20', '2020-04-23', '2024-12-27T08:51:56.779Z', 1, 75, 2, 1); INSERT INTO persona (persona_id, cedula, nombre, fecha_nacimiento, genero, fecha_creacion) VALUES (76, '889647310', 'Syble', '1985-07-28', 'Two-spirit person', '2024-12-03'); INSERT INTO huesped (huesped_id, persona_id) VALUES (76, 76); INSERT INTO reserva (reserva_id, numero_huespedes, precio_de_plan, cantidad_noches, fecha_inicio, fecha_final, fecha_creacion, habitacion_id, huesped_id, plan_id, servicio_id) VALUES (76, 1, 40.183739452843355, 4, '2020-4-21', '2020-04-25', '2024-12-27T08:51:56.779Z', 1, 76, 2, 1); INSERT INTO persona (persona_id, cedula, nombre, fecha_nacimiento, genero, fecha_creacion) VALUES (77, '962774354', 'Vito', '2011-02-14', 'Transsexual woman', '2024-08-25'); INSERT INTO huesped (huesped_id, persona_id) VALUES (77, 77); INSERT INTO reserva (reserva_id, numero_huespedes, precio_de_plan, cantidad_noches, fecha_inicio, fecha_final, fecha_creacion, habitacion_id, huesped_id, plan_id, servicio_id) VALUES (77, 2, 40.183739452843355, 1, '2020-4-21', '2020-04-22', '2024-12-27T08:51:56.779Z', 1, 77, 2, 2); INSERT INTO persona (persona_id, cedula, nombre, fecha_nacimiento, genero, fecha_creacion) VALUES (78, '470168534', 'Buck', '2007-02-07', 'FTM', '2024-07-10'); INSERT INTO huesped (huesped_id, persona_id) VALUES (78, 78); INSERT INTO reserva (reserva_id, numero_huespedes, precio_de_plan, cantidad_noches, fecha_inicio, fecha_final, fecha_creacion, habitacion_id, huesped_id, plan_id, servicio_id) VALUES (78, 1, 40.183739452843355, 7, '2020-4-21', '2020-04-28', '2024-12-27T08:51:56.779Z', 1, 78, 2, 1); INSERT INTO persona (persona_id, cedula, nombre, fecha_nacimiento, genero, fecha_creacion) VALUES (79, '493887633', 'Sunny', '2005-03-20', 'Polygender', '2023-11-10'); INSERT INTO huesped (huesped_id, persona_id) VALUES (79, 79); INSERT INTO reserva (reserva_id, numero_huespedes, precio_de_plan, cantidad_noches, fecha_inicio, fecha_final, fecha_creacion, habitacion_id, huesped_id, plan_id, servicio_id) VALUES (79, 4, 342.752267274969, 6, '2020-4-24', '2020-04-30', '2024-12-27T08:51:56.779Z', 1, 79, 1, 2); INSERT INTO persona (persona_id, cedula, nombre, fecha_nacimiento, genero, fecha_creacion) VALUES (80, '716643579', 'Ambrose', '1982-09-01', 'F2M', '2024-03-07'); INSERT INTO huesped (huesped_id, persona_id) VALUES (80, 80); INSERT INTO reserva (reserva_id, numero_huespedes, precio_de_plan, cantidad_noches, fecha_inicio, fecha_final, fecha_creacion, habitacion_id, huesped_id, plan_id, servicio_id) VALUES (80, 3, 342.752267274969, 1, '2020-4-24', '2020-04-25', '2024-12-27T08:51:56.779Z', 1, 80, 1, 1); INSERT INTO persona (persona_id, cedula, nombre, fecha_nacimiento, genero, fecha_creacion) VALUES (81, '957286964', 'Virginia', '2002-03-15', 'Transsexual man', '2024-04-13'); INSERT INTO huesped (huesped_id, persona_id) VALUES (81, 81); INSERT INTO reserva (reserva_id, numero_huespedes, precio_de_plan, cantidad_noches, fecha_inicio, fecha_final, fecha_creacion, habitacion_id, huesped_id, plan_id, servicio_id) VALUES (81, 2, 342.752267274969, 5, '2020-4-24', '2020-04-29', '2024-12-27T08:51:56.779Z', 1, 81, 1, 1); INSERT INTO persona (persona_id, cedula, nombre, fecha_nacimiento, genero, fecha_creacion) VALUES (82, '460648746', 'Maureen', '1989-02-16', 'Cis woman', '2024-04-20'); INSERT INTO huesped (huesped_id, persona_id) VALUES (82, 82); INSERT INTO reserva (reserva_id, numero_huespedes, precio_de_plan, cantidad_noches, fecha_inicio, fecha_final, fecha_creacion, habitacion_id, huesped_id, plan_id, servicio_id) VALUES (82, 3, 342.752267274969, 7, '2020-4-27', '2020-05-04', '2024-12-27T08:51:56.779Z', 1, 82, 1, 2); INSERT INTO persona (persona_id, cedula, nombre, fecha_nacimiento, genero, fecha_creacion) VALUES (83, '957333906', 'Leon', '1998-10-21', 'Cisgender male', '2024-03-27'); INSERT INTO huesped (huesped_id, persona_id) VALUES (83, 83); INSERT INTO reserva (reserva_id, numero_huespedes, precio_de_plan, cantidad_noches, fecha_inicio, fecha_final, fecha_creacion, habitacion_id, huesped_id, plan_id, servicio_id) VALUES (83, 4, 40.183739452843355, 7, '2020-4-28', '2020-05-05', '2024-12-27T08:51:56.779Z', 1, 83, 2, 1); INSERT INTO persona (persona_id, cedula, nombre, fecha_nacimiento, genero, fecha_creacion) VALUES (84, '628451629', 'Jolie', '2006-01-20', 'Xenogender', '2024-05-14'); INSERT INTO huesped (huesped_id, persona_id) VALUES (84, 84); INSERT INTO reserva (reserva_id, numero_huespedes, precio_de_plan, cantidad_noches, fecha_inicio, fecha_final, fecha_creacion, habitacion_id, huesped_id, plan_id, servicio_id) VALUES (84, 1, 40.183739452843355, 7, '2020-4-29', '2020-05-06', '2024-12-27T08:51:56.779Z', 1, 84, 2, 1); INSERT INTO persona (persona_id, cedula, nombre, fecha_nacimiento, genero, fecha_creacion) VALUES (85, '935735524', 'Elta', '2006-04-16', 'Female to male trans man', '2024-01-04'); INSERT INTO huesped (huesped_id, persona_id) VALUES (85, 85); INSERT INTO reserva (reserva_id, numero_huespedes, precio_de_plan, cantidad_noches, fecha_inicio, fecha_final, fecha_creacion, habitacion_id, huesped_id, plan_id, servicio_id) VALUES (85, 4, 40.183739452843355, 1, '2020-4-29', '2020-04-30', '2024-12-27T08:51:56.779Z', 1, 85, 2, 2); INSERT INTO persona (persona_id, cedula, nombre, fecha_nacimiento, genero, fecha_creacion) VALUES (86, '713813723', 'Selmer', '1977-05-04', 'Cisgender male', '2024-12-15'); INSERT INTO huesped (huesped_id, persona_id) VALUES (86, 86); INSERT INTO reserva (reserva_id, numero_huespedes, precio_de_plan, cantidad_noches, fecha_inicio, fecha_final, fecha_creacion, habitacion_id, huesped_id, plan_id, servicio_id) VALUES (86, 3, 342.752267274969, 2, '2020-4-29', '2020-05-01', '2024-12-27T08:51:56.779Z', 1, 86, 1, 1); INSERT INTO persona (persona_id, cedula, nombre, fecha_nacimiento, genero, fecha_creacion) VALUES (87, '550062439', 'Jadyn', '2023-12-29', 'Cis', '2024-05-08'); INSERT INTO huesped (huesped_id, persona_id) VALUES (87, 87); INSERT INTO reserva (reserva_id, numero_huespedes, precio_de_plan, cantidad_noches, fecha_inicio, fecha_final, fecha_creacion, habitacion_id, huesped_id, plan_id, servicio_id) VALUES (87, 4, 40.183739452843355, 7, '2020-4-1', '2020-04-08', '2024-12-27T08:51:56.779Z', 1, 87, 2, 1); INSERT INTO persona (persona_id, cedula, nombre, fecha_nacimiento, genero, fecha_creacion) VALUES (88, '735731666', 'Jody', '2000-05-23', 'Trans male', '2024-03-02'); INSERT INTO huesped (huesped_id, persona_id) VALUES (88, 88); INSERT INTO reserva (reserva_id, numero_huespedes, precio_de_plan, cantidad_noches, fecha_inicio, fecha_final, fecha_creacion, habitacion_id, huesped_id, plan_id, servicio_id) VALUES (88, 2, 342.752267274969, 1, '2020-4-1', '2020-04-02', '2024-12-27T08:51:56.779Z', 1, 88, 1, 2); INSERT INTO persona (persona_id, cedula, nombre, fecha_nacimiento, genero, fecha_creacion) VALUES (89, '324199936', 'Kaylie', '2014-04-27', 'Trans woman', '2024-02-08'); INSERT INTO huesped (huesped_id, persona_id) VALUES (89, 89); INSERT INTO reserva (reserva_id, numero_huespedes, precio_de_plan, cantidad_noches, fecha_inicio, fecha_final, fecha_creacion, habitacion_id, huesped_id, plan_id, servicio_id) VALUES (89, 1, 40.183739452843355, 2, '2020-4-2', '2020-04-04', '2024-12-27T08:51:56.779Z', 1, 89, 2, 2); INSERT INTO persona (persona_id, cedula, nombre, fecha_nacimiento, genero, fecha_creacion) VALUES (90, '968323361', 'Jany', '1994-08-05', 'Trans female', '2024-10-06'); INSERT INTO huesped (huesped_id, persona_id) VALUES (90, 90); INSERT INTO reserva (reserva_id, numero_huespedes, precio_de_plan, cantidad_noches, fecha_inicio, fecha_final, fecha_creacion, habitacion_id, huesped_id, plan_id, servicio_id) VALUES (90, 4, 40.183739452843355, 4, '2020-4-2', '2020-04-06', '2024-12-27T08:51:56.779Z', 1, 90, 2, 2); INSERT INTO persona (persona_id, cedula, nombre, fecha_nacimiento, genero, fecha_creacion) VALUES (91, '900009974', 'Humberto', '2021-11-18', 'T* man', '2024-12-08'); INSERT INTO huesped (huesped_id, persona_id) VALUES (91, 91); INSERT INTO reserva (reserva_id, numero_huespedes, precio_de_plan, cantidad_noches, fecha_inicio, fecha_final, fecha_creacion, habitacion_id, huesped_id, plan_id, servicio_id) VALUES (91, 4, 342.752267274969, 6, '2020-4-2', '2020-04-08', '2024-12-27T08:51:56.779Z', 1, 91, 1, 1); INSERT INTO persona (persona_id, cedula, nombre, fecha_nacimiento, genero, fecha_creacion) VALUES (92, '515445784', 'Camryn', '1984-06-14', 'Non-binary', '2024-12-05'); INSERT INTO huesped (huesped_id, persona_id) VALUES (92, 92); INSERT INTO reserva (reserva_id, numero_huespedes, precio_de_plan, cantidad_noches, fecha_inicio, fecha_final, fecha_creacion, habitacion_id, huesped_id, plan_id, servicio_id) VALUES (92, 3, 40.183739452843355, 4, '2020-4-3', '2020-04-07', '2024-12-27T08:51:56.779Z', 1, 92, 2, 2); INSERT INTO persona (persona_id, cedula, nombre, fecha_nacimiento, genero, fecha_creacion) VALUES (93, '761713430', 'Graham', '2011-08-27', 'Androgynous', '2023-11-05'); INSERT INTO huesped (huesped_id, persona_id) VALUES (93, 93); INSERT INTO reserva (reserva_id, numero_huespedes, precio_de_plan, cantidad_noches, fecha_inicio, fecha_final, fecha_creacion, habitacion_id, huesped_id, plan_id, servicio_id) VALUES (93, 1, 342.752267274969, 2, '2020-4-3', '2020-04-05', '2024-12-27T08:51:56.779Z', 1, 93, 1, 2); INSERT INTO persona (persona_id, cedula, nombre, fecha_nacimiento, genero, fecha_creacion) VALUES (94, '505471906', 'Lilly', '1988-01-24', 'Cis man', '2023-06-28'); INSERT INTO huesped (huesped_id, persona_id) VALUES (94, 94); INSERT INTO reserva (reserva_id, numero_huespedes, precio_de_plan, cantidad_noches, fecha_inicio, fecha_final, fecha_creacion, habitacion_id, huesped_id, plan_id, servicio_id) VALUES (94, 4, 342.752267274969, 2, '2020-4-3', '2020-04-05', '2024-12-27T08:51:56.779Z', 1, 94, 1, 1); INSERT INTO persona (persona_id, cedula, nombre, fecha_nacimiento, genero, fecha_creacion) VALUES (95, '470823890', 'Michelle', '2006-03-02', 'Transsexual man', '2024-01-29'); INSERT INTO huesped (huesped_id, persona_id) VALUES (95, 95); INSERT INTO reserva (reserva_id, numero_huespedes, precio_de_plan, cantidad_noches, fecha_inicio, fecha_final, fecha_creacion, habitacion_id, huesped_id, plan_id, servicio_id) VALUES (95, 2, 342.752267274969, 7, '2020-4-5', '2020-04-12', '2024-12-27T08:51:56.780Z', 1, 95, 1, 1); INSERT INTO persona (persona_id, cedula, nombre, fecha_nacimiento, genero, fecha_creacion) VALUES (96, '174173640', 'Eloisa', '2017-06-29', 'Other', '2023-01-03'); INSERT INTO huesped (huesped_id, persona_id) VALUES (96, 96); INSERT INTO reserva (reserva_id, numero_huespedes, precio_de_plan, cantidad_noches, fecha_inicio, fecha_final, fecha_creacion, habitacion_id, huesped_id, plan_id, servicio_id) VALUES (96, 1, 342.752267274969, 3, '2020-4-6', '2020-04-09', '2024-12-27T08:51:56.780Z', 1, 96, 1, 2); INSERT INTO persona (persona_id, cedula, nombre, fecha_nacimiento, genero, fecha_creacion) VALUES (97, '412410519', 'Murl', '2017-04-08', 'Gender nonconforming', '2023-07-09'); INSERT INTO huesped (huesped_id, persona_id) VALUES (97, 97); INSERT INTO reserva (reserva_id, numero_huespedes, precio_de_plan, cantidad_noches, fecha_inicio, fecha_final, fecha_creacion, habitacion_id, huesped_id, plan_id, servicio_id) VALUES (97, 4, 40.183739452843355, 4, '2020-4-8', '2020-04-12', '2024-12-27T08:51:56.780Z', 1, 97, 2, 1); INSERT INTO persona (persona_id, cedula, nombre, fecha_nacimiento, genero, fecha_creacion) VALUES (98, '800480620', 'Virgil', '2002-01-11', 'Cisgender woman', '2024-11-11'); INSERT INTO huesped (huesped_id, persona_id) VALUES (98, 98); INSERT INTO reserva (reserva_id, numero_huespedes, precio_de_plan, cantidad_noches, fecha_inicio, fecha_final, fecha_creacion, habitacion_id, huesped_id, plan_id, servicio_id) VALUES (98, 1, 40.183739452843355, 2, '2020-4-8', '2020-04-10', '2024-12-27T08:51:56.780Z', 1, 98, 2, 1); INSERT INTO persona (persona_id, cedula, nombre, fecha_nacimiento, genero, fecha_creacion) VALUES (99, '612703376', 'Alysson', '1972-10-11', 'Male to female transsexual woman', '2024-06-16'); INSERT INTO huesped (huesped_id, persona_id) VALUES (99, 99); INSERT INTO reserva (reserva_id, numero_huespedes, precio_de_plan, cantidad_noches, fecha_inicio, fecha_final, fecha_creacion, habitacion_id, huesped_id, plan_id, servicio_id) VALUES (99, 2, 342.752267274969, 1, '2020-4-8', '2020-04-09', '2024-12-27T08:51:56.780Z', 1, 99, 1, 2); INSERT INTO persona (persona_id, cedula, nombre, fecha_nacimiento, genero, fecha_creacion) VALUES (100, '411309428', 'Rebecca', '1994-08-23', 'Intersex man', '2024-07-03'); INSERT INTO huesped (huesped_id, persona_id) VALUES (100, 100); INSERT INTO reserva (reserva_id, numero_huespedes, precio_de_plan, cantidad_noches, fecha_inicio, fecha_final, fecha_creacion, habitacion_id, huesped_id, plan_id, servicio_id) VALUES (100, 4, 342.752267274969, 6, '2020-4-9', '2020-04-15', '2024-12-27T08:51:56.780Z', 1, 100, 1, 2); INSERT INTO persona (persona_id, cedula, nombre, fecha_nacimiento, genero, fecha_creacion) VALUES (101, '883180813', 'Bailey', '1993-03-11', 'Cisgender man', '2024-11-23'); INSERT INTO huesped (huesped_id, persona_id) VALUES (101, 101); INSERT INTO reserva (reserva_id, numero_huespedes, precio_de_plan, cantidad_noches, fecha_inicio, fecha_final, fecha_creacion, habitacion_id, huesped_id, plan_id, servicio_id) VALUES (101, 3, 342.752267274969, 4, '2020-4-12', '2020-04-16', '2024-12-27T08:51:56.780Z', 1, 101, 1, 2); INSERT INTO persona (persona_id, cedula, nombre, fecha_nacimiento, genero, fecha_creacion) VALUES (102, '560480594', 'Dan', '2022-12-04', 'Gender neutral', '2024-02-28'); INSERT INTO huesped (huesped_id, persona_id) VALUES (102, 102); INSERT INTO reserva (reserva_id, numero_huespedes, precio_de_plan, cantidad_noches, fecha_inicio, fecha_final, fecha_creacion, habitacion_id, huesped_id, plan_id, servicio_id) VALUES (102, 1, 40.183739452843355, 5, '2020-4-12', '2020-04-17', '2024-12-27T08:51:56.780Z', 1, 102, 2, 1); INSERT INTO persona (persona_id, cedula, nombre, fecha_nacimiento, genero, fecha_creacion) VALUES (103, '160545420', 'Richmond', '2018-09-26', 'Male to female', '2024-12-07'); INSERT INTO huesped (huesped_id, persona_id) VALUES (103, 103); INSERT INTO reserva (reserva_id, numero_huespedes, precio_de_plan, cantidad_noches, fecha_inicio, fecha_final, fecha_creacion, habitacion_id, huesped_id, plan_id, servicio_id) VALUES (103, 3, 342.752267274969, 3, '2020-4-13', '2020-04-16', '2024-12-27T08:51:56.780Z', 1, 103, 1, 1); INSERT INTO persona (persona_id, cedula, nombre, fecha_nacimiento, genero, fecha_creacion) VALUES (104, '890646151', 'Sharon', '2015-02-04', 'T* man', '2023-02-17'); INSERT INTO huesped (huesped_id, persona_id) VALUES (104, 104); INSERT INTO reserva (reserva_id, numero_huespedes, precio_de_plan, cantidad_noches, fecha_inicio, fecha_final, fecha_creacion, habitacion_id, huesped_id, plan_id, servicio_id) VALUES (104, 2, 40.183739452843355, 7, '2020-4-13', '2020-04-20', '2024-12-27T08:51:56.780Z', 1, 104, 2, 1); INSERT INTO persona (persona_id, cedula, nombre, fecha_nacimiento, genero, fecha_creacion) VALUES (105, '469110440', 'Marshall', '2015-10-30', 'Trans woman', '2024-02-29'); INSERT INTO huesped (huesped_id, persona_id) VALUES (105, 105); INSERT INTO reserva (reserva_id, numero_huespedes, precio_de_plan, cantidad_noches, fecha_inicio, fecha_final, fecha_creacion, habitacion_id, huesped_id, plan_id, servicio_id) VALUES (105, 1, 342.752267274969, 5, '2020-4-13', '2020-04-18', '2024-12-27T08:51:56.780Z', 1, 105, 1, 1); INSERT INTO persona (persona_id, cedula, nombre, fecha_nacimiento, genero, fecha_creacion) VALUES (106, '182369042', 'Dale', '2005-08-29', 'Transsexual person', '2024-12-23'); INSERT INTO huesped (huesped_id, persona_id) VALUES (106, 106); INSERT INTO reserva (reserva_id, numero_huespedes, precio_de_plan, cantidad_noches, fecha_inicio, fecha_final, fecha_creacion, habitacion_id, huesped_id, plan_id, servicio_id) VALUES (106, 3, 342.752267274969, 4, '2020-4-15', '2020-04-19', '2024-12-27T08:51:56.780Z', 1, 106, 1, 2); INSERT INTO persona (persona_id, cedula, nombre, fecha_nacimiento, genero, fecha_creacion) VALUES (107, '465764812', 'Dulce', '2023-06-24', 'Cis man', '2024-04-19'); INSERT INTO huesped (huesped_id, persona_id) VALUES (107, 107); INSERT INTO reserva (reserva_id, numero_huespedes, precio_de_plan, cantidad_noches, fecha_inicio, fecha_final, fecha_creacion, habitacion_id, huesped_id, plan_id, servicio_id) VALUES (107, 4, 40.183739452843355, 2, '2020-4-15', '2020-04-17', '2024-12-27T08:51:56.780Z', 1, 107, 2, 2); INSERT INTO persona (persona_id, cedula, nombre, fecha_nacimiento, genero, fecha_creacion) VALUES (108, '759130007', 'Delpha', '2013-01-13', 'Demi-boy', '2024-05-22'); INSERT INTO huesped (huesped_id, persona_id) VALUES (108, 108); INSERT INTO reserva (reserva_id, numero_huespedes, precio_de_plan, cantidad_noches, fecha_inicio, fecha_final, fecha_creacion, habitacion_id, huesped_id, plan_id, servicio_id) VALUES (108, 3, 40.183739452843355, 5, '2020-4-15', '2020-04-20', '2024-12-27T08:51:56.780Z', 1, 108, 2, 1); INSERT INTO persona (persona_id, cedula, nombre, fecha_nacimiento, genero, fecha_creacion) VALUES (109, '422727941', 'Gregoria', '1976-06-24', 'M2F', '2024-07-04'); INSERT INTO huesped (huesped_id, persona_id) VALUES (109, 109); INSERT INTO reserva (reserva_id, numero_huespedes, precio_de_plan, cantidad_noches, fecha_inicio, fecha_final, fecha_creacion, habitacion_id, huesped_id, plan_id, servicio_id) VALUES (109, 4, 40.183739452843355, 2, '2020-4-16', '2020-04-18', '2024-12-27T08:51:56.781Z', 1, 109, 2, 2); INSERT INTO persona (persona_id, cedula, nombre, fecha_nacimiento, genero, fecha_creacion) VALUES (110, '459367667', 'Easton', '2000-01-31', 'Transgender female', '2024-07-23'); INSERT INTO huesped (huesped_id, persona_id) VALUES (110, 110); INSERT INTO reserva (reserva_id, numero_huespedes, precio_de_plan, cantidad_noches, fecha_inicio, fecha_final, fecha_creacion, habitacion_id, huesped_id, plan_id, servicio_id) VALUES (110, 2, 342.752267274969, 3, '2020-4-16', '2020-04-19', '2024-12-27T08:51:56.781Z', 1, 110, 1, 1); INSERT INTO persona (persona_id, cedula, nombre, fecha_nacimiento, genero, fecha_creacion) VALUES (111, '247762387', 'Jannie', '1986-08-02', 'Two-spirit', '2023-11-09'); INSERT INTO huesped (huesped_id, persona_id) VALUES (111, 111); INSERT INTO reserva (reserva_id, numero_huespedes, precio_de_plan, cantidad_noches, fecha_inicio, fecha_final, fecha_creacion, habitacion_id, huesped_id, plan_id, servicio_id) VALUES (111, 1, 40.183739452843355, 4, '2020-4-17', '2020-04-21', '2024-12-27T08:51:56.781Z', 1, 111, 2, 1); INSERT INTO persona (persona_id, cedula, nombre, fecha_nacimiento, genero, fecha_creacion) VALUES (112, '394576545', 'Berneice', '2007-12-06', 'Neither', '2024-04-28'); INSERT INTO huesped (huesped_id, persona_id) VALUES (112, 112); INSERT INTO reserva (reserva_id, numero_huespedes, precio_de_plan, cantidad_noches, fecha_inicio, fecha_final, fecha_creacion, habitacion_id, huesped_id, plan_id, servicio_id) VALUES (112, 3, 40.183739452843355, 7, '2020-4-17', '2020-04-24', '2024-12-27T08:51:56.781Z', 1, 112, 2, 1); INSERT INTO persona (persona_id, cedula, nombre, fecha_nacimiento, genero, fecha_creacion) VALUES (113, '368826591', 'Gerda', '2001-10-16', 'Demigender', '2024-08-07'); INSERT INTO huesped (huesped_id, persona_id) VALUES (113, 113); INSERT INTO reserva (reserva_id, numero_huespedes, precio_de_plan, cantidad_noches, fecha_inicio, fecha_final, fecha_creacion, habitacion_id, huesped_id, plan_id, servicio_id) VALUES (113, 1, 342.752267274969, 3, '2020-4-17', '2020-04-20', '2024-12-27T08:51:56.781Z', 1, 113, 1, 2); INSERT INTO persona (persona_id, cedula, nombre, fecha_nacimiento, genero, fecha_creacion) VALUES (114, '566389396', 'Melvina', '2012-11-12', 'Two-spirit', '2024-12-12'); INSERT INTO huesped (huesped_id, persona_id) VALUES (114, 114); INSERT INTO reserva (reserva_id, numero_huespedes, precio_de_plan, cantidad_noches, fecha_inicio, fecha_final, fecha_creacion, habitacion_id, huesped_id, plan_id, servicio_id) VALUES (114, 4, 342.752267274969, 1, '2020-4-19', '2020-04-20', '2024-12-27T08:51:56.781Z', 1, 114, 1, 1); INSERT INTO persona (persona_id, cedula, nombre, fecha_nacimiento, genero, fecha_creacion) VALUES (115, '442381028', 'Joana', '2007-02-08', 'M2F', '2024-08-30'); INSERT INTO huesped (huesped_id, persona_id) VALUES (115, 115); INSERT INTO reserva (reserva_id, numero_huespedes, precio_de_plan, cantidad_noches, fecha_inicio, fecha_final, fecha_creacion, habitacion_id, huesped_id, plan_id, servicio_id) VALUES (115, 2, 40.183739452843355, 4, '2020-4-19', '2020-04-23', '2024-12-27T08:51:56.781Z', 1, 115, 2, 1); INSERT INTO persona (persona_id, cedula, nombre, fecha_nacimiento, genero, fecha_creacion) VALUES (116, '825955226', 'Octavia', '2008-11-12', 'Transsexual man', '2024-06-06'); INSERT INTO huesped (huesped_id, persona_id) VALUES (116, 116); INSERT INTO reserva (reserva_id, numero_huespedes, precio_de_plan, cantidad_noches, fecha_inicio, fecha_final, fecha_creacion, habitacion_id, huesped_id, plan_id, servicio_id) VALUES (116, 4, 342.752267274969, 4, '2020-4-20', '2020-04-24', '2024-12-27T08:51:56.781Z', 1, 116, 1, 1); INSERT INTO persona (persona_id, cedula, nombre, fecha_nacimiento, genero, fecha_creacion) VALUES (117, '123226121', 'Nathan', '2012-08-28', 'Demiflux', '2024-03-27'); INSERT INTO huesped (huesped_id, persona_id) VALUES (117, 117); INSERT INTO reserva (reserva_id, numero_huespedes, precio_de_plan, cantidad_noches, fecha_inicio, fecha_final, fecha_creacion, habitacion_id, huesped_id, plan_id, servicio_id) VALUES (117, 1, 342.752267274969, 4, '2020-4-20', '2020-04-24', '2024-12-27T08:51:56.781Z', 1, 117, 1, 1); INSERT INTO persona (persona_id, cedula, nombre, fecha_nacimiento, genero, fecha_creacion) VALUES (118, '746801531', 'Santino', '1989-07-01', 'Genderflux', '2024-06-02'); INSERT INTO huesped (huesped_id, persona_id) VALUES (118, 118); INSERT INTO reserva (reserva_id, numero_huespedes, precio_de_plan, cantidad_noches, fecha_inicio, fecha_final, fecha_creacion, habitacion_id, huesped_id, plan_id, servicio_id) VALUES (118, 2, 40.183739452843355, 6, '2020-4-20', '2020-04-26', '2024-12-27T08:51:56.781Z', 1, 118, 2, 2); INSERT INTO persona (persona_id, cedula, nombre, fecha_nacimiento, genero, fecha_creacion) VALUES (119, '867395548', 'Brock', '1993-11-20', 'Intersex', '2023-04-19'); INSERT INTO huesped (huesped_id, persona_id) VALUES (119, 119); INSERT INTO reserva (reserva_id, numero_huespedes, precio_de_plan, cantidad_noches, fecha_inicio, fecha_final, fecha_creacion, habitacion_id, huesped_id, plan_id, servicio_id) VALUES (119, 4, 40.183739452843355, 3, '2020-4-21', '2020-04-24', '2024-12-27T08:51:56.781Z', 1, 119, 2, 1); INSERT INTO persona (persona_id, cedula, nombre, fecha_nacimiento, genero, fecha_creacion) VALUES (120, '604944346', 'Macie', '1997-07-12', 'Transsexual female', '2024-09-04'); INSERT INTO huesped (huesped_id, persona_id) VALUES (120, 120); INSERT INTO reserva (reserva_id, numero_huespedes, precio_de_plan, cantidad_noches, fecha_inicio, fecha_final, fecha_creacion, habitacion_id, huesped_id, plan_id, servicio_id) VALUES (120, 1, 40.183739452843355, 6, '2020-4-21', '2020-04-27', '2024-12-27T08:51:56.781Z', 1, 120, 2, 2); INSERT INTO persona (persona_id, cedula, nombre, fecha_nacimiento, genero, fecha_creacion) VALUES (121, '234526301', 'Reymundo', '1980-02-02', 'Transsexual man', '2024-08-19'); INSERT INTO huesped (huesped_id, persona_id) VALUES (121, 121); INSERT INTO reserva (reserva_id, numero_huespedes, precio_de_plan, cantidad_noches, fecha_inicio, fecha_final, fecha_creacion, habitacion_id, huesped_id, plan_id, servicio_id) VALUES (121, 2, 40.183739452843355, 7, '2020-4-23', '2020-04-30', '2024-12-27T08:51:56.781Z', 1, 121, 2, 2); INSERT INTO persona (persona_id, cedula, nombre, fecha_nacimiento, genero, fecha_creacion) VALUES (122, '264810308', 'Duane', '2008-01-18', 'Genderflux', '2024-04-13'); INSERT INTO huesped (huesped_id, persona_id) VALUES (122, 122); INSERT INTO reserva (reserva_id, numero_huespedes, precio_de_plan, cantidad_noches, fecha_inicio, fecha_final, fecha_creacion, habitacion_id, huesped_id, plan_id, servicio_id) VALUES (122, 1, 342.752267274969, 6, '2020-4-23', '2020-04-29', '2024-12-27T08:51:56.781Z', 1, 122, 1, 2); INSERT INTO persona (persona_id, cedula, nombre, fecha_nacimiento, genero, fecha_creacion) VALUES (123, '963597978', 'Enrico', '2024-07-19', 'Gender variant', '2024-11-10'); INSERT INTO huesped (huesped_id, persona_id) VALUES (123, 123); INSERT INTO reserva (reserva_id, numero_huespedes, precio_de_plan, cantidad_noches, fecha_inicio, fecha_final, fecha_creacion, habitacion_id, huesped_id, plan_id, servicio_id) VALUES (123, 4, 342.752267274969, 4, '2020-4-23', '2020-04-27', '2024-12-27T08:51:56.781Z', 1, 123, 1, 1); INSERT INTO persona (persona_id, cedula, nombre, fecha_nacimiento, genero, fecha_creacion) VALUES (124, '755110978', 'Garrett', '2008-09-22', 'Transsexual woman', '2024-03-28'); INSERT INTO huesped (huesped_id, persona_id) VALUES (124, 124); INSERT INTO reserva (reserva_id, numero_huespedes, precio_de_plan, cantidad_noches, fecha_inicio, fecha_final, fecha_creacion, habitacion_id, huesped_id, plan_id, servicio_id) VALUES (124, 4, 40.183739452843355, 6, '2020-4-24', '2020-04-30', '2024-12-27T08:51:56.782Z', 1, 124, 2, 2); INSERT INTO persona (persona_id, cedula, nombre, fecha_nacimiento, genero, fecha_creacion) VALUES (125, '749978572', 'Dominic', '2012-10-19', 'Intersex person', '2023-04-28'); INSERT INTO huesped (huesped_id, persona_id) VALUES (125, 125); INSERT INTO reserva (reserva_id, numero_huespedes, precio_de_plan, cantidad_noches, fecha_inicio, fecha_final, fecha_creacion, habitacion_id, huesped_id, plan_id, servicio_id) VALUES (125, 1, 342.752267274969, 7, '2020-4-25', '2020-05-02', '2024-12-27T08:51:56.782Z', 1, 125, 1, 1); INSERT INTO persona (persona_id, cedula, nombre, fecha_nacimiento, genero, fecha_creacion) VALUES (126, '888579791', 'Lea', '2005-04-10', 'Bigender', '2023-06-22'); INSERT INTO huesped (huesped_id, persona_id) VALUES (126, 126); INSERT INTO reserva (reserva_id, numero_huespedes, precio_de_plan, cantidad_noches, fecha_inicio, fecha_final, fecha_creacion, habitacion_id, huesped_id, plan_id, servicio_id) VALUES (126, 2, 40.183739452843355, 4, '2020-4-25', '2020-04-29', '2024-12-27T08:51:56.782Z', 1, 126, 2, 1); INSERT INTO persona (persona_id, cedula, nombre, fecha_nacimiento, genero, fecha_creacion) VALUES (127, '455320139', 'Tyrel', '1987-05-25', 'Cisgender woman', '2023-07-15'); INSERT INTO huesped (huesped_id, persona_id) VALUES (127, 127); INSERT INTO reserva (reserva_id, numero_huespedes, precio_de_plan, cantidad_noches, fecha_inicio, fecha_final, fecha_creacion, habitacion_id, huesped_id, plan_id, servicio_id) VALUES (127, 1, 342.752267274969, 6, '2020-4-27', '2020-05-03', '2024-12-27T08:51:56.782Z', 1, 127, 1, 1); INSERT INTO persona (persona_id, cedula, nombre, fecha_nacimiento, genero, fecha_creacion) VALUES (128, '620740833', 'Esperanza', '1986-09-02', 'Transsexual', '2024-02-26'); INSERT INTO huesped (huesped_id, persona_id) VALUES (128, 128); INSERT INTO reserva (reserva_id, numero_huespedes, precio_de_plan, cantidad_noches, fecha_inicio, fecha_final, fecha_creacion, habitacion_id, huesped_id, plan_id, servicio_id) VALUES (128, 2, 342.752267274969, 3, '2020-4-27', '2020-04-30', '2024-12-27T08:51:56.782Z', 1, 128, 1, 2); INSERT INTO persona (persona_id, cedula, nombre, fecha_nacimiento, genero, fecha_creacion) VALUES (129, '720700041', 'Mariana', '2003-05-02', 'Androgyne', '2023-07-30'); INSERT INTO huesped (huesped_id, persona_id) VALUES (129, 129); INSERT INTO reserva (reserva_id, numero_huespedes, precio_de_plan, cantidad_noches, fecha_inicio, fecha_final, fecha_creacion, habitacion_id, huesped_id, plan_id, servicio_id) VALUES (129, 4, 342.752267274969, 1, '2020-4-27', '2020-04-28', '2024-12-27T08:51:56.782Z', 1, 129, 1, 1); INSERT INTO persona (persona_id, cedula, nombre, fecha_nacimiento, genero, fecha_creacion) VALUES (130, '322386975', 'Mara', '1961-01-03', 'Non-binary', '2023-09-16'); INSERT INTO huesped (huesped_id, persona_id) VALUES (130, 130); INSERT INTO reserva (reserva_id, numero_huespedes, precio_de_plan, cantidad_noches, fecha_inicio, fecha_final, fecha_creacion, habitacion_id, huesped_id, plan_id, servicio_id) VALUES (130, 4, 40.183739452843355, 4, '2020-4-28', '2020-05-02', '2024-12-27T08:51:56.782Z', 1, 130, 2, 1); INSERT INTO persona (persona_id, cedula, nombre, fecha_nacimiento, genero, fecha_creacion) VALUES (131, '559320041', 'Art', '1994-01-16', 'Demigender', '2023-05-20'); INSERT INTO huesped (huesped_id, persona_id) VALUES (131, 131); INSERT INTO reserva (reserva_id, numero_huespedes, precio_de_plan, cantidad_noches, fecha_inicio, fecha_final, fecha_creacion, habitacion_id, huesped_id, plan_id, servicio_id) VALUES (131, 1, 40.183739452843355, 4, '2020-4-28', '2020-05-02', '2024-12-27T08:51:56.782Z', 1, 131, 2, 1); INSERT INTO persona (persona_id, cedula, nombre, fecha_nacimiento, genero, fecha_creacion) VALUES (132, '888179027', 'Kenyon', '1976-05-10', 'Gender fluid', '2024-07-23'); INSERT INTO huesped (huesped_id, persona_id) VALUES (132, 132); INSERT INTO reserva (reserva_id, numero_huespedes, precio_de_plan, cantidad_noches, fecha_inicio, fecha_final, fecha_creacion, habitacion_id, huesped_id, plan_id, servicio_id) VALUES (132, 1, 40.183739452843355, 2, '2020-4-29', '2020-05-01', '2024-12-27T08:51:56.782Z', 1, 132, 2, 2); INSERT INTO persona (persona_id, cedula, nombre, fecha_nacimiento, genero, fecha_creacion) VALUES (133, '826852976', 'Piper', '2001-09-05', 'Trans', '2024-05-12'); INSERT INTO huesped (huesped_id, persona_id) VALUES (133, 133); INSERT INTO reserva (reserva_id, numero_huespedes, precio_de_plan, cantidad_noches, fecha_inicio, fecha_final, fecha_creacion, habitacion_id, huesped_id, plan_id, servicio_id) VALUES (133, 1, 40.183739452843355, 2, '2020-4-30', '2020-05-02', '2024-12-27T08:51:56.782Z', 1, 133, 2, 1); INSERT INTO persona (persona_id, cedula, nombre, fecha_nacimiento, genero, fecha_creacion) VALUES (134, '799303357', 'Virginie', '2006-03-20', 'Cisgender man', '2023-01-31'); INSERT INTO huesped (huesped_id, persona_id) VALUES (134, 134); INSERT INTO reserva (reserva_id, numero_huespedes, precio_de_plan, cantidad_noches, fecha_inicio, fecha_final, fecha_creacion, habitacion_id, huesped_id, plan_id, servicio_id) VALUES (134, 2, 40.183739452843355, 4, '2020-4-30', '2020-05-04', '2024-12-27T08:51:56.782Z', 1, 134, 2, 1); INSERT INTO persona (persona_id, cedula, nombre, fecha_nacimiento, genero, fecha_creacion) VALUES (135, '240085680', 'Lina', '2024-09-24', 'Hermaphrodite', '2024-06-11'); INSERT INTO huesped (huesped_id, persona_id) VALUES (135, 135); INSERT INTO reserva (reserva_id, numero_huespedes, precio_de_plan, cantidad_noches, fecha_inicio, fecha_final, fecha_creacion, habitacion_id, huesped_id, plan_id, servicio_id) VALUES (135, 2, 342.752267274969, 5, '2020-4-1', '2020-04-06', '2024-12-27T08:51:56.782Z', 1, 135, 1, 1); INSERT INTO persona (persona_id, cedula, nombre, fecha_nacimiento, genero, fecha_creacion) VALUES (136, '471599138', 'Orrin', '2016-12-01', 'Cisgender', '2024-02-09'); INSERT INTO huesped (huesped_id, persona_id) VALUES (136, 136); INSERT INTO reserva (reserva_id, numero_huespedes, precio_de_plan, cantidad_noches, fecha_inicio, fecha_final, fecha_creacion, habitacion_id, huesped_id, plan_id, servicio_id) VALUES (136, 2, 40.183739452843355, 7, '2020-4-2', '2020-04-09', '2024-12-27T08:51:56.782Z', 1, 136, 2, 1); INSERT INTO persona (persona_id, cedula, nombre, fecha_nacimiento, genero, fecha_creacion) VALUES (137, '243726309', 'Liliana', '1991-09-18', 'Demi-man', '2024-05-01'); INSERT INTO huesped (huesped_id, persona_id) VALUES (137, 137); INSERT INTO reserva (reserva_id, numero_huespedes, precio_de_plan, cantidad_noches, fecha_inicio, fecha_final, fecha_creacion, habitacion_id, huesped_id, plan_id, servicio_id) VALUES (137, 2, 40.183739452843355, 2, '2020-4-3', '2020-04-05', '2024-12-27T08:51:56.782Z', 1, 137, 2, 2); INSERT INTO persona (persona_id, cedula, nombre, fecha_nacimiento, genero, fecha_creacion) VALUES (138, '700199924', 'Clyde', '1989-07-27', 'Trans man', '2024-09-06'); INSERT INTO huesped (huesped_id, persona_id) VALUES (138, 138); INSERT INTO reserva (reserva_id, numero_huespedes, precio_de_plan, cantidad_noches, fecha_inicio, fecha_final, fecha_creacion, habitacion_id, huesped_id, plan_id, servicio_id) VALUES (138, 2, 342.752267274969, 1, '2020-4-4', '2020-04-05', '2024-12-27T08:51:56.782Z', 1, 138, 1, 1); INSERT INTO persona (persona_id, cedula, nombre, fecha_nacimiento, genero, fecha_creacion) VALUES (139, '386181082', 'Alexandro', '1998-06-13', 'Man', '2024-10-05'); INSERT INTO huesped (huesped_id, persona_id) VALUES (139, 139); INSERT INTO reserva (reserva_id, numero_huespedes, precio_de_plan, cantidad_noches, fecha_inicio, fecha_final, fecha_creacion, habitacion_id, huesped_id, plan_id, servicio_id) VALUES (139, 3, 342.752267274969, 4, '2020-4-4', '2020-04-08', '2024-12-27T08:51:56.782Z', 1, 139, 1, 1); INSERT INTO persona (persona_id, cedula, nombre, fecha_nacimiento, genero, fecha_creacion) VALUES (140, '465919590', 'Edna', '2007-07-11', 'Cisgender man', '2024-10-06'); INSERT INTO huesped (huesped_id, persona_id) VALUES (140, 140); INSERT INTO reserva (reserva_id, numero_huespedes, precio_de_plan, cantidad_noches, fecha_inicio, fecha_final, fecha_creacion, habitacion_id, huesped_id, plan_id, servicio_id) VALUES (140, 1, 40.183739452843355, 3, '2020-4-4', '2020-04-07', '2024-12-27T08:51:56.782Z', 1, 140, 2, 1); INSERT INTO persona (persona_id, cedula, nombre, fecha_nacimiento, genero, fecha_creacion) VALUES (141, '338147174', 'Ford', '2017-01-25', 'Transsexual woman', '2024-09-10'); INSERT INTO huesped (huesped_id, persona_id) VALUES (141, 141); INSERT INTO reserva (reserva_id, numero_huespedes, precio_de_plan, cantidad_noches, fecha_inicio, fecha_final, fecha_creacion, habitacion_id, huesped_id, plan_id, servicio_id) VALUES (141, 4, 342.752267274969, 1, '2020-4-5', '2020-04-06', '2024-12-27T08:51:56.782Z', 1, 141, 1, 1); INSERT INTO persona (persona_id, cedula, nombre, fecha_nacimiento, genero, fecha_creacion) VALUES (142, '234075455', 'Myron', '1983-12-20', 'Intersex woman', '2023-12-30'); INSERT INTO huesped (huesped_id, persona_id) VALUES (142, 142); INSERT INTO reserva (reserva_id, numero_huespedes, precio_de_plan, cantidad_noches, fecha_inicio, fecha_final, fecha_creacion, habitacion_id, huesped_id, plan_id, servicio_id) VALUES (142, 4, 342.752267274969, 3, '2020-4-5', '2020-04-08', '2024-12-27T08:51:56.782Z', 1, 142, 1, 1); INSERT INTO persona (persona_id, cedula, nombre, fecha_nacimiento, genero, fecha_creacion) VALUES (143, '909326855', 'Kathlyn', '1997-12-27', 'Intersex man', '2023-03-03'); INSERT INTO huesped (huesped_id, persona_id) VALUES (143, 143); INSERT INTO reserva (reserva_id, numero_huespedes, precio_de_plan, cantidad_noches, fecha_inicio, fecha_final, fecha_creacion, habitacion_id, huesped_id, plan_id, servicio_id) VALUES (143, 2, 342.752267274969, 2, '2020-4-5', '2020-04-07', '2024-12-27T08:51:56.782Z', 1, 143, 1, 2); INSERT INTO persona (persona_id, cedula, nombre, fecha_nacimiento, genero, fecha_creacion) VALUES (144, '542242420', 'Uriel', '1985-04-03', 'Transgender person', '2024-08-30'); INSERT INTO huesped (huesped_id, persona_id) VALUES (144, 144); INSERT INTO reserva (reserva_id, numero_huespedes, precio_de_plan, cantidad_noches, fecha_inicio, fecha_final, fecha_creacion, habitacion_id, huesped_id, plan_id, servicio_id) VALUES (144, 2, 342.752267274969, 6, '2020-4-6', '2020-04-12', '2024-12-27T08:51:56.783Z', 1, 144, 1, 1); INSERT INTO persona (persona_id, cedula, nombre, fecha_nacimiento, genero, fecha_creacion) VALUES (145, '855568880', 'Antwon', '2001-07-26', 'Other', '2024-03-22'); INSERT INTO huesped (huesped_id, persona_id) VALUES (145, 145); INSERT INTO reserva (reserva_id, numero_huespedes, precio_de_plan, cantidad_noches, fecha_inicio, fecha_final, fecha_creacion, habitacion_id, huesped_id, plan_id, servicio_id) VALUES (145, 2, 40.183739452843355, 6, '2020-4-6', '2020-04-12', '2024-12-27T08:51:56.783Z', 1, 145, 2, 1); INSERT INTO persona (persona_id, cedula, nombre, fecha_nacimiento, genero, fecha_creacion) VALUES (146, '986124105', 'Keagan', '2023-02-03', 'Transsexual man', '2024-02-19'); INSERT INTO huesped (huesped_id, persona_id) VALUES (146, 146); INSERT INTO reserva (reserva_id, numero_huespedes, precio_de_plan, cantidad_noches, fecha_inicio, fecha_final, fecha_creacion, habitacion_id, huesped_id, plan_id, servicio_id) VALUES (146, 1, 342.752267274969, 3, '2020-4-6', '2020-04-09', '2024-12-27T08:51:56.783Z', 1, 146, 1, 1); INSERT INTO persona (persona_id, cedula, nombre, fecha_nacimiento, genero, fecha_creacion) VALUES (147, '303029811', 'Kavon', '1992-10-27', 'Agender', '2024-06-15'); INSERT INTO huesped (huesped_id, persona_id) VALUES (147, 147); INSERT INTO reserva (reserva_id, numero_huespedes, precio_de_plan, cantidad_noches, fecha_inicio, fecha_final, fecha_creacion, habitacion_id, huesped_id, plan_id, servicio_id) VALUES (147, 2, 342.752267274969, 6, '2020-4-7', '2020-04-13', '2024-12-27T08:51:56.783Z', 1, 147, 1, 1); INSERT INTO persona (persona_id, cedula, nombre, fecha_nacimiento, genero, fecha_creacion) VALUES (148, '661336835', 'Chadrick', '1995-02-26', 'Hermaphrodite', '2024-12-02'); INSERT INTO huesped (huesped_id, persona_id) VALUES (148, 148); INSERT INTO reserva (reserva_id, numero_huespedes, precio_de_plan, cantidad_noches, fecha_inicio, fecha_final, fecha_creacion, habitacion_id, huesped_id, plan_id, servicio_id) VALUES (148, 4, 40.183739452843355, 5, '2020-4-8', '2020-04-13', '2024-12-27T08:51:56.783Z', 1, 148, 2, 2); INSERT INTO persona (persona_id, cedula, nombre, fecha_nacimiento, genero, fecha_creacion) VALUES (149, '964049582', 'Soledad', '1992-01-16', 'Gender nonconforming', '2024-03-18'); INSERT INTO huesped (huesped_id, persona_id) VALUES (149, 149); INSERT INTO reserva (reserva_id, numero_huespedes, precio_de_plan, cantidad_noches, fecha_inicio, fecha_final, fecha_creacion, habitacion_id, huesped_id, plan_id, servicio_id) VALUES (149, 4, 342.752267274969, 3, '2020-4-9', '2020-04-12', '2024-12-27T08:51:56.783Z', 1, 149, 1, 1); INSERT INTO persona (persona_id, cedula, nombre, fecha_nacimiento, genero, fecha_creacion) VALUES (150, '974110466', 'Zula', '1998-07-25', 'M2F', '2024-03-11'); INSERT INTO huesped (huesped_id, persona_id) VALUES (150, 150); INSERT INTO reserva (reserva_id, numero_huespedes, precio_de_plan, cantidad_noches, fecha_inicio, fecha_final, fecha_creacion, habitacion_id, huesped_id, plan_id, servicio_id) VALUES (150, 4, 342.752267274969, 7, '2020-4-9', '2020-04-16', '2024-12-27T08:51:56.783Z', 1, 150, 1, 1); INSERT INTO persona (persona_id, cedula, nombre, fecha_nacimiento, genero, fecha_creacion) VALUES (151, '826885973', 'Henri', '2008-01-11', 'Omnigender', '2024-01-31'); INSERT INTO huesped (huesped_id, persona_id) VALUES (151, 151); INSERT INTO reserva (reserva_id, numero_huespedes, precio_de_plan, cantidad_noches, fecha_inicio, fecha_final, fecha_creacion, habitacion_id, huesped_id, plan_id, servicio_id) VALUES (151, 1, 342.752267274969, 2, '2020-4-9', '2020-04-11', '2024-12-27T08:51:56.783Z', 1, 151, 1, 1); INSERT INTO persona (persona_id, cedula, nombre, fecha_nacimiento, genero, fecha_creacion) VALUES (152, '739212418', 'Oral', '2015-11-15', 'Demi-girl', '2024-09-12'); INSERT INTO huesped (huesped_id, persona_id) VALUES (152, 152); INSERT INTO reserva (reserva_id, numero_huespedes, precio_de_plan, cantidad_noches, fecha_inicio, fecha_final, fecha_creacion, habitacion_id, huesped_id, plan_id, servicio_id) VALUES (152, 4, 40.183739452843355, 6, '2020-4-10', '2020-04-16', '2024-12-27T08:51:56.783Z', 1, 152, 2, 2); INSERT INTO persona (persona_id, cedula, nombre, fecha_nacimiento, genero, fecha_creacion) VALUES (153, '641410945', 'Ross', '1998-02-09', 'T* woman', '2024-09-22'); INSERT INTO huesped (huesped_id, persona_id) VALUES (153, 153); INSERT INTO reserva (reserva_id, numero_huespedes, precio_de_plan, cantidad_noches, fecha_inicio, fecha_final, fecha_creacion, habitacion_id, huesped_id, plan_id, servicio_id) VALUES (153, 2, 342.752267274969, 5, '2020-4-10', '2020-04-15', '2024-12-27T08:51:56.783Z', 1, 153, 1, 2); INSERT INTO persona (persona_id, cedula, nombre, fecha_nacimiento, genero, fecha_creacion) VALUES (154, '871299670', 'Ivory', '1968-08-25', 'Agender', '2024-08-17'); INSERT INTO huesped (huesped_id, persona_id) VALUES (154, 154); INSERT INTO reserva (reserva_id, numero_huespedes, precio_de_plan, cantidad_noches, fecha_inicio, fecha_final, fecha_creacion, habitacion_id, huesped_id, plan_id, servicio_id) VALUES (154, 4, 342.752267274969, 6, '2020-4-11', '2020-04-17', '2024-12-27T08:51:56.783Z', 1, 154, 1, 1); INSERT INTO persona (persona_id, cedula, nombre, fecha_nacimiento, genero, fecha_creacion) VALUES (155, '715315049', 'Merritt', '2002-06-19', 'Trans woman', '2024-12-16'); INSERT INTO huesped (huesped_id, persona_id) VALUES (155, 155); INSERT INTO reserva (reserva_id, numero_huespedes, precio_de_plan, cantidad_noches, fecha_inicio, fecha_final, fecha_creacion, habitacion_id, huesped_id, plan_id, servicio_id) VALUES (155, 4, 40.183739452843355, 6, '2020-4-12', '2020-04-18', '2024-12-27T08:51:56.783Z', 1, 155, 2, 2); INSERT INTO persona (persona_id, cedula, nombre, fecha_nacimiento, genero, fecha_creacion) VALUES (156, '152366376', 'Coy', '2023-01-25', 'Multigender', '2023-06-13'); INSERT INTO huesped (huesped_id, persona_id) VALUES (156, 156); INSERT INTO reserva (reserva_id, numero_huespedes, precio_de_plan, cantidad_noches, fecha_inicio, fecha_final, fecha_creacion, habitacion_id, huesped_id, plan_id, servicio_id) VALUES (156, 3, 342.752267274969, 5, '2020-4-12', '2020-04-17', '2024-12-27T08:51:56.783Z', 1, 156, 1, 1); INSERT INTO persona (persona_id, cedula, nombre, fecha_nacimiento, genero, fecha_creacion) VALUES (157, '467814744', 'Cathryn', '1991-12-08', 'Male to female transsexual woman', '2024-10-11'); INSERT INTO huesped (huesped_id, persona_id) VALUES (157, 157); INSERT INTO reserva (reserva_id, numero_huespedes, precio_de_plan, cantidad_noches, fecha_inicio, fecha_final, fecha_creacion, habitacion_id, huesped_id, plan_id, servicio_id) VALUES (157, 2, 40.183739452843355, 7, '2020-4-14', '2020-04-21', '2024-12-27T08:51:56.784Z', 1, 157, 2, 2); INSERT INTO persona (persona_id, cedula, nombre, fecha_nacimiento, genero, fecha_creacion) VALUES (158, '560147910', 'Gussie', '2012-06-16', 'Trans person', '2024-08-21'); INSERT INTO huesped (huesped_id, persona_id) VALUES (158, 158); INSERT INTO reserva (reserva_id, numero_huespedes, precio_de_plan, cantidad_noches, fecha_inicio, fecha_final, fecha_creacion, habitacion_id, huesped_id, plan_id, servicio_id) VALUES (158, 2, 342.752267274969, 4, '2020-4-15', '2020-04-19', '2024-12-27T08:51:56.784Z', 1, 158, 1, 1); INSERT INTO persona (persona_id, cedula, nombre, fecha_nacimiento, genero, fecha_creacion) VALUES (159, '897661227', 'Robb', '1974-10-24', 'Transmasculine', '2023-09-01'); INSERT INTO huesped (huesped_id, persona_id) VALUES (159, 159); INSERT INTO reserva (reserva_id, numero_huespedes, precio_de_plan, cantidad_noches, fecha_inicio, fecha_final, fecha_creacion, habitacion_id, huesped_id, plan_id, servicio_id) VALUES (159, 4, 342.752267274969, 4, '2020-4-16', '2020-04-20', '2024-12-27T08:51:56.784Z', 1, 159, 1, 1); INSERT INTO persona (persona_id, cedula, nombre, fecha_nacimiento, genero, fecha_creacion) VALUES (160, '717371176', 'Lincoln', '1988-10-16', 'Hermaphrodite', '2024-08-10'); INSERT INTO huesped (huesped_id, persona_id) VALUES (160, 160); INSERT INTO reserva (reserva_id, numero_huespedes, precio_de_plan, cantidad_noches, fecha_inicio, fecha_final, fecha_creacion, habitacion_id, huesped_id, plan_id, servicio_id) VALUES (160, 1, 342.752267274969, 2, '2020-4-16', '2020-04-18', '2024-12-27T08:51:56.784Z', 1, 160, 1, 1); INSERT INTO persona (persona_id, cedula, nombre, fecha_nacimiento, genero, fecha_creacion) VALUES (161, '367772822', 'Percival', '2017-02-25', 'Demi-man', '2024-08-26'); INSERT INTO huesped (huesped_id, persona_id) VALUES (161, 161); INSERT INTO reserva (reserva_id, numero_huespedes, precio_de_plan, cantidad_noches, fecha_inicio, fecha_final, fecha_creacion, habitacion_id, huesped_id, plan_id, servicio_id) VALUES (161, 3, 40.183739452843355, 6, '2020-4-17', '2020-04-23', '2024-12-27T08:51:56.784Z', 1, 161, 2, 1); INSERT INTO persona (persona_id, cedula, nombre, fecha_nacimiento, genero, fecha_creacion) VALUES (162, '918558027', 'Ollie', '2005-03-31', 'Trans man', '2024-02-22'); INSERT INTO huesped (huesped_id, persona_id) VALUES (162, 162); INSERT INTO reserva (reserva_id, numero_huespedes, precio_de_plan, cantidad_noches, fecha_inicio, fecha_final, fecha_creacion, habitacion_id, huesped_id, plan_id, servicio_id) VALUES (162, 3, 342.752267274969, 5, '2020-4-18', '2020-04-23', '2024-12-27T08:51:56.784Z', 1, 162, 1, 1); INSERT INTO persona (persona_id, cedula, nombre, fecha_nacimiento, genero, fecha_creacion) VALUES (163, '310516861', 'Mckenzie', '2014-02-20', 'Agender', '2024-08-25'); INSERT INTO huesped (huesped_id, persona_id) VALUES (163, 163); INSERT INTO reserva (reserva_id, numero_huespedes, precio_de_plan, cantidad_noches, fecha_inicio, fecha_final, fecha_creacion, habitacion_id, huesped_id, plan_id, servicio_id) VALUES (163, 1, 342.752267274969, 5, '2020-4-18', '2020-04-23', '2024-12-27T08:51:56.784Z', 1, 163, 1, 1); INSERT INTO persona (persona_id, cedula, nombre, fecha_nacimiento, genero, fecha_creacion) VALUES (164, '976944495', 'Michael', '2010-08-11', 'Trans woman', '2024-06-21'); INSERT INTO huesped (huesped_id, persona_id) VALUES (164, 164); INSERT INTO reserva (reserva_id, numero_huespedes, precio_de_plan, cantidad_noches, fecha_inicio, fecha_final, fecha_creacion, habitacion_id, huesped_id, plan_id, servicio_id) VALUES (164, 3, 342.752267274969, 1, '2020-4-19', '2020-04-20', '2024-12-27T08:51:56.784Z', 1, 164, 1, 2); INSERT INTO persona (persona_id, cedula, nombre, fecha_nacimiento, genero, fecha_creacion) VALUES (165, '671942644', 'Pedro', '1992-07-13', 'Pangender', '2024-10-17'); INSERT INTO huesped (huesped_id, persona_id) VALUES (165, 165); INSERT INTO reserva (reserva_id, numero_huespedes, precio_de_plan, cantidad_noches, fecha_inicio, fecha_final, fecha_creacion, habitacion_id, huesped_id, plan_id, servicio_id) VALUES (165, 4, 342.752267274969, 6, '2020-4-20', '2020-04-26', '2024-12-27T08:51:56.784Z', 1, 165, 1, 2); INSERT INTO persona (persona_id, cedula, nombre, fecha_nacimiento, genero, fecha_creacion) VALUES (166, '684509125', 'Damaris', '2022-04-28', 'Genderqueer', '2024-09-09'); INSERT INTO huesped (huesped_id, persona_id) VALUES (166, 166); INSERT INTO reserva (reserva_id, numero_huespedes, precio_de_plan, cantidad_noches, fecha_inicio, fecha_final, fecha_creacion, habitacion_id, huesped_id, plan_id, servicio_id) VALUES (166, 3, 342.752267274969, 1, '2020-4-21', '2020-04-22', '2024-12-27T08:51:56.784Z', 1, 166, 1, 2); INSERT INTO persona (persona_id, cedula, nombre, fecha_nacimiento, genero, fecha_creacion) VALUES (167, '927716187', 'Davion', '2008-04-15', 'Trans female', '2024-05-24'); INSERT INTO huesped (huesped_id, persona_id) VALUES (167, 167); INSERT INTO reserva (reserva_id, numero_huespedes, precio_de_plan, cantidad_noches, fecha_inicio, fecha_final, fecha_creacion, habitacion_id, huesped_id, plan_id, servicio_id) VALUES (167, 1, 40.183739452843355, 4, '2020-4-21', '2020-04-25', '2024-12-27T08:51:56.784Z', 1, 167, 2, 1); INSERT INTO persona (persona_id, cedula, nombre, fecha_nacimiento, genero, fecha_creacion) VALUES (168, '544882737', 'Jarred', '1997-02-15', 'Cisgender woman', '2024-01-01'); INSERT INTO huesped (huesped_id, persona_id) VALUES (168, 168); INSERT INTO reserva (reserva_id, numero_huespedes, precio_de_plan, cantidad_noches, fecha_inicio, fecha_final, fecha_creacion, habitacion_id, huesped_id, plan_id, servicio_id) VALUES (168, 3, 342.752267274969, 4, '2020-4-22', '2020-04-26', '2024-12-27T08:51:56.784Z', 1, 168, 1, 1); INSERT INTO persona (persona_id, cedula, nombre, fecha_nacimiento, genero, fecha_creacion) VALUES (169, '258589874', 'Jalyn', '2002-03-07', 'Xenogender', '2024-06-30'); INSERT INTO huesped (huesped_id, persona_id) VALUES (169, 169); INSERT INTO reserva (reserva_id, numero_huespedes, precio_de_plan, cantidad_noches, fecha_inicio, fecha_final, fecha_creacion, habitacion_id, huesped_id, plan_id, servicio_id) VALUES (169, 4, 342.752267274969, 3, '2020-4-22', '2020-04-25', '2024-12-27T08:51:56.784Z', 1, 169, 1, 2); INSERT INTO persona (persona_id, cedula, nombre, fecha_nacimiento, genero, fecha_creacion) VALUES (170, '472698773', 'Emerald', '1996-02-11', 'Trans female', '2024-10-05'); INSERT INTO huesped (huesped_id, persona_id) VALUES (170, 170); INSERT INTO reserva (reserva_id, numero_huespedes, precio_de_plan, cantidad_noches, fecha_inicio, fecha_final, fecha_creacion, habitacion_id, huesped_id, plan_id, servicio_id) VALUES (170, 1, 342.752267274969, 7, '2020-4-23', '2020-04-30', '2024-12-27T08:51:56.784Z', 1, 170, 1, 1); INSERT INTO persona (persona_id, cedula, nombre, fecha_nacimiento, genero, fecha_creacion) VALUES (171, '406450018', 'Adolphus', '1975-06-07', 'Transgender female', '2024-06-17'); INSERT INTO huesped (huesped_id, persona_id) VALUES (171, 171); INSERT INTO reserva (reserva_id, numero_huespedes, precio_de_plan, cantidad_noches, fecha_inicio, fecha_final, fecha_creacion, habitacion_id, huesped_id, plan_id, servicio_id) VALUES (171, 3, 40.183739452843355, 1, '2020-4-24', '2020-04-25', '2024-12-27T08:51:56.785Z', 1, 171, 2, 2); INSERT INTO persona (persona_id, cedula, nombre, fecha_nacimiento, genero, fecha_creacion) VALUES (172, '421995956', 'Consuelo', '2001-08-26', 'Intersex woman', '2024-09-18'); INSERT INTO huesped (huesped_id, persona_id) VALUES (172, 172); INSERT INTO reserva (reserva_id, numero_huespedes, precio_de_plan, cantidad_noches, fecha_inicio, fecha_final, fecha_creacion, habitacion_id, huesped_id, plan_id, servicio_id) VALUES (172, 3, 342.752267274969, 6, '2020-4-24', '2020-04-30', '2024-12-27T08:51:56.785Z', 1, 172, 1, 2); INSERT INTO persona (persona_id, cedula, nombre, fecha_nacimiento, genero, fecha_creacion) VALUES (173, '384844416', 'Myrna', '1981-06-08', 'Transgender female', '2023-01-20'); INSERT INTO huesped (huesped_id, persona_id) VALUES (173, 173); INSERT INTO reserva (reserva_id, numero_huespedes, precio_de_plan, cantidad_noches, fecha_inicio, fecha_final, fecha_creacion, habitacion_id, huesped_id, plan_id, servicio_id) VALUES (173, 3, 40.183739452843355, 7, '2020-4-25', '2020-05-02', '2024-12-27T08:51:56.785Z', 1, 173, 2, 1); INSERT INTO persona (persona_id, cedula, nombre, fecha_nacimiento, genero, fecha_creacion) VALUES (174, '770835918', 'Xzavier', '2009-11-03', 'Two-spirit', '2024-11-12'); INSERT INTO huesped (huesped_id, persona_id) VALUES (174, 174); INSERT INTO reserva (reserva_id, numero_huespedes, precio_de_plan, cantidad_noches, fecha_inicio, fecha_final, fecha_creacion, habitacion_id, huesped_id, plan_id, servicio_id) VALUES (174, 1, 40.183739452843355, 3, '2020-4-25', '2020-04-28', '2024-12-27T08:51:56.785Z', 1, 174, 2, 2); INSERT INTO persona (persona_id, cedula, nombre, fecha_nacimiento, genero, fecha_creacion) VALUES (175, '116136151', 'Novella', '1994-02-14', 'Female to male transsexual man', '2024-08-15'); INSERT INTO huesped (huesped_id, persona_id) VALUES (175, 175); INSERT INTO reserva (reserva_id, numero_huespedes, precio_de_plan, cantidad_noches, fecha_inicio, fecha_final, fecha_creacion, habitacion_id, huesped_id, plan_id, servicio_id) VALUES (175, 1, 40.183739452843355, 6, '2020-4-26', '2020-05-02', '2024-12-27T08:51:56.785Z', 1, 175, 2, 1); INSERT INTO persona (persona_id, cedula, nombre, fecha_nacimiento, genero, fecha_creacion) VALUES (176, '994500848', 'Aron', '2008-09-20', 'Two* person', '2024-12-26'); INSERT INTO huesped (huesped_id, persona_id) VALUES (176, 176); INSERT INTO reserva (reserva_id, numero_huespedes, precio_de_plan, cantidad_noches, fecha_inicio, fecha_final, fecha_creacion, habitacion_id, huesped_id, plan_id, servicio_id) VALUES (176, 2, 40.183739452843355, 4, '2020-4-26', '2020-04-30', '2024-12-27T08:51:56.785Z', 1, 176, 2, 2); INSERT INTO persona (persona_id, cedula, nombre, fecha_nacimiento, genero, fecha_creacion) VALUES (177, '816704691', 'Lessie', '1998-04-10', 'Polygender', '2023-03-18'); INSERT INTO huesped (huesped_id, persona_id) VALUES (177, 177); INSERT INTO reserva (reserva_id, numero_huespedes, precio_de_plan, cantidad_noches, fecha_inicio, fecha_final, fecha_creacion, habitacion_id, huesped_id, plan_id, servicio_id) VALUES (177, 1, 342.752267274969, 7, '2020-4-26', '2020-05-03', '2024-12-27T08:51:56.785Z', 1, 177, 1, 2); INSERT INTO persona (persona_id, cedula, nombre, fecha_nacimiento, genero, fecha_creacion) VALUES (178, '999261194', 'Norene', '2015-09-21', 'Male to female transsexual woman', '2023-12-27'); INSERT INTO huesped (huesped_id, persona_id) VALUES (178, 178); INSERT INTO reserva (reserva_id, numero_huespedes, precio_de_plan, cantidad_noches, fecha_inicio, fecha_final, fecha_creacion, habitacion_id, huesped_id, plan_id, servicio_id) VALUES (178, 3, 40.183739452843355, 4, '2020-4-27', '2020-05-01', '2024-12-27T08:51:56.785Z', 1, 178, 2, 1); INSERT INTO persona (persona_id, cedula, nombre, fecha_nacimiento, genero, fecha_creacion) VALUES (179, '578590905', 'Heather', '2013-12-03', 'Cis male', '2024-09-27'); INSERT INTO huesped (huesped_id, persona_id) VALUES (179, 179); INSERT INTO reserva (reserva_id, numero_huespedes, precio_de_plan, cantidad_noches, fecha_inicio, fecha_final, fecha_creacion, habitacion_id, huesped_id, plan_id, servicio_id) VALUES (179, 4, 342.752267274969, 1, '2020-4-27', '2020-04-28', '2024-12-27T08:51:56.785Z', 1, 179, 1, 2); INSERT INTO persona (persona_id, cedula, nombre, fecha_nacimiento, genero, fecha_creacion) VALUES (180, '120082495', 'Dewitt', '2011-02-13', 'Neither', '2024-02-11'); INSERT INTO huesped (huesped_id, persona_id) VALUES (180, 180); INSERT INTO reserva (reserva_id, numero_huespedes, precio_de_plan, cantidad_noches, fecha_inicio, fecha_final, fecha_creacion, habitacion_id, huesped_id, plan_id, servicio_id) VALUES (180, 2, 342.752267274969, 5, '2020-4-28', '2020-05-03', '2024-12-27T08:51:56.785Z', 1, 180, 1, 1); INSERT INTO persona (persona_id, cedula, nombre, fecha_nacimiento, genero, fecha_creacion) VALUES (181, '285353101', 'Judy', '2015-09-09', 'Female to male trans man', '2024-04-07'); INSERT INTO huesped (huesped_id, persona_id) VALUES (181, 181); INSERT INTO reserva (reserva_id, numero_huespedes, precio_de_plan, cantidad_noches, fecha_inicio, fecha_final, fecha_creacion, habitacion_id, huesped_id, plan_id, servicio_id) VALUES (181, 2, 342.752267274969, 3, '2020-4-28', '2020-05-01', '2024-12-27T08:51:56.785Z', 1, 181, 1, 2); INSERT INTO persona (persona_id, cedula, nombre, fecha_nacimiento, genero, fecha_creacion) VALUES (182, '575396728', 'Rosemary', '1976-10-22', 'Transsexual person', '2024-02-21'); INSERT INTO huesped (huesped_id, persona_id) VALUES (182, 182); INSERT INTO reserva (reserva_id, numero_huespedes, precio_de_plan, cantidad_noches, fecha_inicio, fecha_final, fecha_creacion, habitacion_id, huesped_id, plan_id, servicio_id) VALUES (182, 4, 342.752267274969, 7, '2020-4-28', '2020-05-05', '2024-12-27T08:51:56.785Z', 1, 182, 1, 2); INSERT INTO persona (persona_id, cedula, nombre, fecha_nacimiento, genero, fecha_creacion) VALUES (183, '905340969', 'Cleo', '2015-02-26', 'Gender neutral', '2023-03-07'); INSERT INTO huesped (huesped_id, persona_id) VALUES (183, 183); INSERT INTO reserva (reserva_id, numero_huespedes, precio_de_plan, cantidad_noches, fecha_inicio, fecha_final, fecha_creacion, habitacion_id, huesped_id, plan_id, servicio_id) VALUES (183, 4, 342.752267274969, 7, '2020-4-29', '2020-05-06', '2024-12-27T08:51:56.785Z', 1, 183, 1, 2); INSERT INTO persona (persona_id, cedula, nombre, fecha_nacimiento, genero, fecha_creacion) VALUES (184, '359035721', 'Hallie', '2004-03-01', 'Androgyne', '2023-10-21'); INSERT INTO huesped (huesped_id, persona_id) VALUES (184, 184); INSERT INTO reserva (reserva_id, numero_huespedes, precio_de_plan, cantidad_noches, fecha_inicio, fecha_final, fecha_creacion, habitacion_id, huesped_id, plan_id, servicio_id) VALUES (184, 3, 342.752267274969, 1, '2020-4-29', '2020-04-30', '2024-12-27T08:51:56.785Z', 1, 184, 1, 2); INSERT INTO persona (persona_id, cedula, nombre, fecha_nacimiento, genero, fecha_creacion) VALUES (185, '383236992', 'Jadyn', '2018-03-01', 'Two* person', '2024-04-14'); INSERT INTO huesped (huesped_id, persona_id) VALUES (185, 185); INSERT INTO reserva (reserva_id, numero_huespedes, precio_de_plan, cantidad_noches, fecha_inicio, fecha_final, fecha_creacion, habitacion_id, huesped_id, plan_id, servicio_id) VALUES (185, 3, 40.183739452843355, 6, '2020-4-29', '2020-05-05', '2024-12-27T08:51:56.785Z', 1, 185, 2, 1); INSERT INTO persona (persona_id, cedula, nombre, fecha_nacimiento, genero, fecha_creacion) VALUES (186, '932776099', 'Harry', '1989-04-24', 'F2M', '2023-07-03'); INSERT INTO huesped (huesped_id, persona_id) VALUES (186, 186); INSERT INTO reserva (reserva_id, numero_huespedes, precio_de_plan, cantidad_noches, fecha_inicio, fecha_final, fecha_creacion, habitacion_id, huesped_id, plan_id, servicio_id) VALUES (186, 4, 40.183739452843355, 5, '2020-4-1', '2020-04-06', '2024-12-27T08:51:56.785Z', 1, 186, 2, 2); INSERT INTO persona (persona_id, cedula, nombre, fecha_nacimiento, genero, fecha_creacion) VALUES (187, '822593198', 'Anais', '2004-02-05', 'Cis woman', '2023-09-27'); INSERT INTO huesped (huesped_id, persona_id) VALUES (187, 187); INSERT INTO reserva (reserva_id, numero_huespedes, precio_de_plan, cantidad_noches, fecha_inicio, fecha_final, fecha_creacion, habitacion_id, huesped_id, plan_id, servicio_id) VALUES (187, 2, 40.183739452843355, 5, '2020-4-1', '2020-04-06', '2024-12-27T08:51:56.785Z', 1, 187, 2, 1); INSERT INTO persona (persona_id, cedula, nombre, fecha_nacimiento, genero, fecha_creacion) VALUES (188, '491037848', 'Earnest', '1999-11-02', 'Female to male trans man', '2024-10-01'); INSERT INTO huesped (huesped_id, persona_id) VALUES (188, 188); INSERT INTO reserva (reserva_id, numero_huespedes, precio_de_plan, cantidad_noches, fecha_inicio, fecha_final, fecha_creacion, habitacion_id, huesped_id, plan_id, servicio_id) VALUES (188, 1, 342.752267274969, 7, '2020-4-1', '2020-04-08', '2024-12-27T08:51:56.785Z', 1, 188, 1, 1); INSERT INTO persona (persona_id, cedula, nombre, fecha_nacimiento, genero, fecha_creacion) VALUES (189, '858641118', 'Marquise', '2020-02-01', 'Polygender', '2024-06-07'); INSERT INTO huesped (huesped_id, persona_id) VALUES (189, 189); INSERT INTO reserva (reserva_id, numero_huespedes, precio_de_plan, cantidad_noches, fecha_inicio, fecha_final, fecha_creacion, habitacion_id, huesped_id, plan_id, servicio_id) VALUES (189, 1, 342.752267274969, 4, '2020-4-2', '2020-04-06', '2024-12-27T08:51:56.786Z', 1, 189, 1, 2); INSERT INTO persona (persona_id, cedula, nombre, fecha_nacimiento, genero, fecha_creacion) VALUES (190, '714110977', 'Grover', '2018-12-28', 'Agender', '2023-08-04'); INSERT INTO huesped (huesped_id, persona_id) VALUES (190, 190); INSERT INTO reserva (reserva_id, numero_huespedes, precio_de_plan, cantidad_noches, fecha_inicio, fecha_final, fecha_creacion, habitacion_id, huesped_id, plan_id, servicio_id) VALUES (190, 4, 342.752267274969, 1, '2020-4-2', '2020-04-03', '2024-12-27T08:51:56.786Z', 1, 190, 1, 2); INSERT INTO persona (persona_id, cedula, nombre, fecha_nacimiento, genero, fecha_creacion) VALUES (191, '572493833', 'Garrick', '1998-02-05', 'Transsexual man', '2024-10-01'); INSERT INTO huesped (huesped_id, persona_id) VALUES (191, 191); INSERT INTO reserva (reserva_id, numero_huespedes, precio_de_plan, cantidad_noches, fecha_inicio, fecha_final, fecha_creacion, habitacion_id, huesped_id, plan_id, servicio_id) VALUES (191, 4, 40.183739452843355, 3, '2020-4-4', '2020-04-07', '2024-12-27T08:51:56.786Z', 1, 191, 2, 1); INSERT INTO persona (persona_id, cedula, nombre, fecha_nacimiento, genero, fecha_creacion) VALUES (192, '913690829', 'Maiya', '2007-12-21', 'Trans person', '2023-01-24'); INSERT INTO huesped (huesped_id, persona_id) VALUES (192, 192); INSERT INTO reserva (reserva_id, numero_huespedes, precio_de_plan, cantidad_noches, fecha_inicio, fecha_final, fecha_creacion, habitacion_id, huesped_id, plan_id, servicio_id) VALUES (192, 1, 342.752267274969, 7, '2020-4-4', '2020-04-11', '2024-12-27T08:51:56.786Z', 1, 192, 1, 1); INSERT INTO persona (persona_id, cedula, nombre, fecha_nacimiento, genero, fecha_creacion) VALUES (193, '867978454', 'Dee', '2000-12-03', 'Transgender person', '2024-01-05'); INSERT INTO huesped (huesped_id, persona_id) VALUES (193, 193); INSERT INTO reserva (reserva_id, numero_huespedes, precio_de_plan, cantidad_noches, fecha_inicio, fecha_final, fecha_creacion, habitacion_id, huesped_id, plan_id, servicio_id) VALUES (193, 1, 342.752267274969, 3, '2020-4-4', '2020-04-07', '2024-12-27T08:51:56.786Z', 1, 193, 1, 1); INSERT INTO persona (persona_id, cedula, nombre, fecha_nacimiento, genero, fecha_creacion) VALUES (194, '150880564', 'Toy', '2011-12-25', 'Gender variant', '2024-09-02'); INSERT INTO huesped (huesped_id, persona_id) VALUES (194, 194); INSERT INTO reserva (reserva_id, numero_huespedes, precio_de_plan, cantidad_noches, fecha_inicio, fecha_final, fecha_creacion, habitacion_id, huesped_id, plan_id, servicio_id) VALUES (194, 4, 40.183739452843355, 5, '2020-4-5', '2020-04-10', '2024-12-27T08:51:56.786Z', 1, 194, 2, 2); INSERT INTO persona (persona_id, cedula, nombre, fecha_nacimiento, genero, fecha_creacion) VALUES (195, '350398971', 'Pat', '2002-05-27', 'Female to male transgender man', '2023-06-24'); INSERT INTO huesped (huesped_id, persona_id) VALUES (195, 195); INSERT INTO reserva (reserva_id, numero_huespedes, precio_de_plan, cantidad_noches, fecha_inicio, fecha_final, fecha_creacion, habitacion_id, huesped_id, plan_id, servicio_id) VALUES (195, 3, 40.183739452843355, 4, '2020-4-5', '2020-04-09', '2024-12-27T08:51:56.786Z', 1, 195, 2, 2); INSERT INTO persona (persona_id, cedula, nombre, fecha_nacimiento, genero, fecha_creacion) VALUES (196, '263532330', 'Chris', '1997-11-28', 'Transsexual man', '2023-05-13'); INSERT INTO huesped (huesped_id, persona_id) VALUES (196, 196); INSERT INTO reserva (reserva_id, numero_huespedes, precio_de_plan, cantidad_noches, fecha_inicio, fecha_final, fecha_creacion, habitacion_id, huesped_id, plan_id, servicio_id) VALUES (196, 4, 40.183739452843355, 6, '2020-4-5', '2020-04-11', '2024-12-27T08:51:56.786Z', 1, 196, 2, 2); INSERT INTO persona (persona_id, cedula, nombre, fecha_nacimiento, genero, fecha_creacion) VALUES (197, '696482406', 'America', '2012-05-13', 'Transgender female', '2024-05-12'); INSERT INTO huesped (huesped_id, persona_id) VALUES (197, 197); INSERT INTO reserva (reserva_id, numero_huespedes, precio_de_plan, cantidad_noches, fecha_inicio, fecha_final, fecha_creacion, habitacion_id, huesped_id, plan_id, servicio_id) VALUES (197, 3, 40.183739452843355, 1, '2020-4-7', '2020-04-08', '2024-12-27T08:51:56.786Z', 1, 197, 2, 2); INSERT INTO persona (persona_id, cedula, nombre, fecha_nacimiento, genero, fecha_creacion) VALUES (198, '502394080', 'Esther', '2017-06-20', 'Transsexual woman', '2024-04-11'); INSERT INTO huesped (huesped_id, persona_id) VALUES (198, 198); INSERT INTO reserva (reserva_id, numero_huespedes, precio_de_plan, cantidad_noches, fecha_inicio, fecha_final, fecha_creacion, habitacion_id, huesped_id, plan_id, servicio_id) VALUES (198, 1, 342.752267274969, 3, '2020-4-7', '2020-04-10', '2024-12-27T08:51:56.786Z', 1, 198, 1, 1); INSERT INTO persona (persona_id, cedula, nombre, fecha_nacimiento, genero, fecha_creacion) VALUES (199, '552299751', 'Lexus', '2023-11-30', 'Trans', '2024-07-25'); INSERT INTO huesped (huesped_id, persona_id) VALUES (199, 199); INSERT INTO reserva (reserva_id, numero_huespedes, precio_de_plan, cantidad_noches, fecha_inicio, fecha_final, fecha_creacion, habitacion_id, huesped_id, plan_id, servicio_id) VALUES (199, 2, 40.183739452843355, 5, '2020-4-8', '2020-04-13', '2024-12-27T08:51:56.786Z', 1, 199, 2, 1); INSERT INTO persona (persona_id, cedula, nombre, fecha_nacimiento, genero, fecha_creacion) VALUES (200, '336388416', 'Sister', '1992-06-18', 'Cis woman', '2023-11-04'); INSERT INTO huesped (huesped_id, persona_id) VALUES (200, 200); INSERT INTO reserva (reserva_id, numero_huespedes, precio_de_plan, cantidad_noches, fecha_inicio, fecha_final, fecha_creacion, habitacion_id, huesped_id, plan_id, servicio_id) VALUES (200, 4, 342.752267274969, 5, '2020-4-9', '2020-04-14', '2024-12-27T08:51:56.787Z', 1, 200, 1, 2); INSERT INTO persona (persona_id, cedula, nombre, fecha_nacimiento, genero, fecha_creacion) VALUES (201, '835427930', 'Santa', '2024-03-09', 'Trans female', '2024-08-02'); INSERT INTO huesped (huesped_id, persona_id) VALUES (201, 201); INSERT INTO reserva (reserva_id, numero_huespedes, precio_de_plan, cantidad_noches, fecha_inicio, fecha_final, fecha_creacion, habitacion_id, huesped_id, plan_id, servicio_id) VALUES (201, 1, 40.183739452843355, 2, '2020-4-9', '2020-04-11', '2024-12-27T08:51:56.787Z', 1, 201, 2, 1); INSERT INTO persona (persona_id, cedula, nombre, fecha_nacimiento, genero, fecha_creacion) VALUES (202, '519437158', 'Delores', '1987-04-04', 'Genderqueer', '2024-08-16'); INSERT INTO huesped (huesped_id, persona_id) VALUES (202, 202); INSERT INTO reserva (reserva_id, numero_huespedes, precio_de_plan, cantidad_noches, fecha_inicio, fecha_final, fecha_creacion, habitacion_id, huesped_id, plan_id, servicio_id) VALUES (202, 4, 40.183739452843355, 7, '2020-4-10', '2020-04-17', '2024-12-27T08:51:56.787Z', 1, 202, 2, 2); INSERT INTO persona (persona_id, cedula, nombre, fecha_nacimiento, genero, fecha_creacion) VALUES (203, '430159077', 'Margret', '2009-06-26', 'Intersex woman', '2024-03-06'); INSERT INTO huesped (huesped_id, persona_id) VALUES (203, 203); INSERT INTO reserva (reserva_id, numero_huespedes, precio_de_plan, cantidad_noches, fecha_inicio, fecha_final, fecha_creacion, habitacion_id, huesped_id, plan_id, servicio_id) VALUES (203, 1, 40.183739452843355, 4, '2020-4-10', '2020-04-14', '2024-12-27T08:51:56.787Z', 1, 203, 2, 2); INSERT INTO persona (persona_id, cedula, nombre, fecha_nacimiento, genero, fecha_creacion) VALUES (204, '210776938', 'Rory', '2024-04-01', 'Woman', '2024-10-11'); INSERT INTO huesped (huesped_id, persona_id) VALUES (204, 204); INSERT INTO reserva (reserva_id, numero_huespedes, precio_de_plan, cantidad_noches, fecha_inicio, fecha_final, fecha_creacion, habitacion_id, huesped_id, plan_id, servicio_id) VALUES (204, 2, 342.752267274969, 1, '2020-4-10', '2020-04-11', '2024-12-27T08:51:56.787Z', 1, 204, 1, 1); INSERT INTO persona (persona_id, cedula, nombre, fecha_nacimiento, genero, fecha_creacion) VALUES (205, '409457229', 'Paula', '2015-08-06', 'Transmasculine', '2024-08-23'); INSERT INTO huesped (huesped_id, persona_id) VALUES (205, 205); INSERT INTO reserva (reserva_id, numero_huespedes, precio_de_plan, cantidad_noches, fecha_inicio, fecha_final, fecha_creacion, habitacion_id, huesped_id, plan_id, servicio_id) VALUES (205, 2, 342.752267274969, 5, '2020-4-11', '2020-04-16', '2024-12-27T08:51:56.787Z', 1, 205, 1, 1); INSERT INTO persona (persona_id, cedula, nombre, fecha_nacimiento, genero, fecha_creacion) VALUES (206, '799180393', 'Hipolito', '2007-03-16', 'Female to male transsexual man', '2024-07-02'); INSERT INTO huesped (huesped_id, persona_id) VALUES (206, 206); INSERT INTO reserva (reserva_id, numero_huespedes, precio_de_plan, cantidad_noches, fecha_inicio, fecha_final, fecha_creacion, habitacion_id, huesped_id, plan_id, servicio_id) VALUES (206, 3, 342.752267274969, 6, '2020-4-13', '2020-04-19', '2024-12-27T08:51:56.787Z', 1, 206, 1, 2); INSERT INTO persona (persona_id, cedula, nombre, fecha_nacimiento, genero, fecha_creacion) VALUES (207, '304281574', 'Leopoldo', '2016-01-30', 'Female to male trans man', '2024-11-02'); INSERT INTO huesped (huesped_id, persona_id) VALUES (207, 207); INSERT INTO reserva (reserva_id, numero_huespedes, precio_de_plan, cantidad_noches, fecha_inicio, fecha_final, fecha_creacion, habitacion_id, huesped_id, plan_id, servicio_id) VALUES (207, 2, 342.752267274969, 1, '2020-4-13', '2020-04-14', '2024-12-27T08:51:56.792Z', 1, 207, 1, 1); INSERT INTO persona (persona_id, cedula, nombre, fecha_nacimiento, genero, fecha_creacion) VALUES (208, '641728529', 'Ari', '1996-12-05', 'Gender questioning', '2024-10-24'); INSERT INTO huesped (huesped_id, persona_id) VALUES (208, 208); INSERT INTO reserva (reserva_id, numero_huespedes, precio_de_plan, cantidad_noches, fecha_inicio, fecha_final, fecha_creacion, habitacion_id, huesped_id, plan_id, servicio_id) VALUES (208, 1, 40.183739452843355, 5, '2020-4-15', '2020-04-20', '2024-12-27T08:51:56.793Z', 1, 208, 2, 1); INSERT INTO persona (persona_id, cedula, nombre, fecha_nacimiento, genero, fecha_creacion) VALUES (209, '157005038', 'Peyton', '2018-05-05', 'Bigender', '2023-03-30'); INSERT INTO huesped (huesped_id, persona_id) VALUES (209, 209); INSERT INTO reserva (reserva_id, numero_huespedes, precio_de_plan, cantidad_noches, fecha_inicio, fecha_final, fecha_creacion, habitacion_id, huesped_id, plan_id, servicio_id) VALUES (209, 3, 342.752267274969, 6, '2020-4-17', '2020-04-23', '2024-12-27T08:51:56.793Z', 1, 209, 1, 1); INSERT INTO persona (persona_id, cedula, nombre, fecha_nacimiento, genero, fecha_creacion) VALUES (210, '419627901', 'Coleman', '2000-05-14', 'Neither', '2024-09-05'); INSERT INTO huesped (huesped_id, persona_id) VALUES (210, 210); INSERT INTO reserva (reserva_id, numero_huespedes, precio_de_plan, cantidad_noches, fecha_inicio, fecha_final, fecha_creacion, habitacion_id, huesped_id, plan_id, servicio_id) VALUES (210, 3, 342.752267274969, 4, '2020-4-22', '2020-04-26', '2024-12-27T08:51:56.793Z', 1, 210, 1, 1); INSERT INTO persona (persona_id, cedula, nombre, fecha_nacimiento, genero, fecha_creacion) VALUES (211, '322772329', 'Yessenia', '1994-01-20', 'Male to female transgender woman', '2024-05-17'); INSERT INTO huesped (huesped_id, persona_id) VALUES (211, 211); INSERT INTO reserva (reserva_id, numero_huespedes, precio_de_plan, cantidad_noches, fecha_inicio, fecha_final, fecha_creacion, habitacion_id, huesped_id, plan_id, servicio_id) VALUES (211, 1, 40.183739452843355, 4, '2020-4-22', '2020-04-26', '2024-12-27T08:51:56.793Z', 1, 211, 2, 2); INSERT INTO persona (persona_id, cedula, nombre, fecha_nacimiento, genero, fecha_creacion) VALUES (212, '798657208', 'Reymundo', '2022-05-30', 'Transsexual person', '2023-05-28'); INSERT INTO huesped (huesped_id, persona_id) VALUES (212, 212); INSERT INTO reserva (reserva_id, numero_huespedes, precio_de_plan, cantidad_noches, fecha_inicio, fecha_final, fecha_creacion, habitacion_id, huesped_id, plan_id, servicio_id) VALUES (212, 3, 342.752267274969, 3, '2020-4-22', '2020-04-25', '2024-12-27T08:51:56.793Z', 1, 212, 1, 2); INSERT INTO persona (persona_id, cedula, nombre, fecha_nacimiento, genero, fecha_creacion) VALUES (213, '269055432', 'Amaya', '1995-06-15', 'Female to male', '2023-11-16'); INSERT INTO huesped (huesped_id, persona_id) VALUES (213, 213); INSERT INTO reserva (reserva_id, numero_huespedes, precio_de_plan, cantidad_noches, fecha_inicio, fecha_final, fecha_creacion, habitacion_id, huesped_id, plan_id, servicio_id) VALUES (213, 1, 342.752267274969, 2, '2020-4-24', '2020-04-26', '2024-12-27T08:51:56.794Z', 1, 213, 1, 2); INSERT INTO persona (persona_id, cedula, nombre, fecha_nacimiento, genero, fecha_creacion) VALUES (214, '907388378', 'Darian', '1995-09-04', 'Cisgender female', '2024-06-05'); INSERT INTO huesped (huesped_id, persona_id) VALUES (214, 214); INSERT INTO reserva (reserva_id, numero_huespedes, precio_de_plan, cantidad_noches, fecha_inicio, fecha_final, fecha_creacion, habitacion_id, huesped_id, plan_id, servicio_id) VALUES (214, 1, 40.183739452843355, 2, '2020-4-24', '2020-04-26', '2024-12-27T08:51:56.794Z', 1, 214, 2, 2); INSERT INTO persona (persona_id, cedula, nombre, fecha_nacimiento, genero, fecha_creacion) VALUES (215, '701787357', 'Armand', '2015-04-23', 'Intersex person', '2024-04-09'); INSERT INTO huesped (huesped_id, persona_id) VALUES (215, 215); INSERT INTO reserva (reserva_id, numero_huespedes, precio_de_plan, cantidad_noches, fecha_inicio, fecha_final, fecha_creacion, habitacion_id, huesped_id, plan_id, servicio_id) VALUES (215, 1, 342.752267274969, 1, '2020-4-24', '2020-04-25', '2024-12-27T08:51:56.794Z', 1, 215, 1, 2); INSERT INTO persona (persona_id, cedula, nombre, fecha_nacimiento, genero, fecha_creacion) VALUES (216, '663696636', 'Lydia', '1986-06-15', 'Demi-man', '2024-08-24'); INSERT INTO huesped (huesped_id, persona_id) VALUES (216, 216); INSERT INTO reserva (reserva_id, numero_huespedes, precio_de_plan, cantidad_noches, fecha_inicio, fecha_final, fecha_creacion, habitacion_id, huesped_id, plan_id, servicio_id) VALUES (216, 1, 40.183739452843355, 3, '2020-4-25', '2020-04-28', '2024-12-27T08:51:56.794Z', 1, 216, 2, 2); INSERT INTO persona (persona_id, cedula, nombre, fecha_nacimiento, genero, fecha_creacion) VALUES (217, '973222979', 'Raegan', '1999-01-04', 'Cis male', '2023-10-10'); INSERT INTO huesped (huesped_id, persona_id) VALUES (217, 217); INSERT INTO reserva (reserva_id, numero_huespedes, precio_de_plan, cantidad_noches, fecha_inicio, fecha_final, fecha_creacion, habitacion_id, huesped_id, plan_id, servicio_id) VALUES (217, 3, 342.752267274969, 5, '2020-4-27', '2020-05-02', '2024-12-27T08:51:56.794Z', 1, 217, 1, 1); INSERT INTO persona (persona_id, cedula, nombre, fecha_nacimiento, genero, fecha_creacion) VALUES (218, '825849729', 'Louvenia', '2018-02-23', 'Trans man', '2024-09-13'); INSERT INTO huesped (huesped_id, persona_id) VALUES (218, 218); INSERT INTO reserva (reserva_id, numero_huespedes, precio_de_plan, cantidad_noches, fecha_inicio, fecha_final, fecha_creacion, habitacion_id, huesped_id, plan_id, servicio_id) VALUES (218, 4, 40.183739452843355, 2, '2020-4-28', '2020-04-30', '2024-12-27T08:51:56.794Z', 1, 218, 2, 2); INSERT INTO persona (persona_id, cedula, nombre, fecha_nacimiento, genero, fecha_creacion) VALUES (219, '902352093', 'Jocelyn', '2010-09-25', 'Other', '2024-10-18'); INSERT INTO huesped (huesped_id, persona_id) VALUES (219, 219); INSERT INTO reserva (reserva_id, numero_huespedes, precio_de_plan, cantidad_noches, fecha_inicio, fecha_final, fecha_creacion, habitacion_id, huesped_id, plan_id, servicio_id) VALUES (219, 4, 342.752267274969, 7, '2020-4-29', '2020-05-06', '2024-12-27T08:51:56.794Z', 1, 219, 1, 2); INSERT INTO persona (persona_id, cedula, nombre, fecha_nacimiento, genero, fecha_creacion) VALUES (220, '820316545', 'John', '2010-03-30', 'Transgender person', '2024-02-28'); INSERT INTO huesped (huesped_id, persona_id) VALUES (220, 220); INSERT INTO reserva (reserva_id, numero_huespedes, precio_de_plan, cantidad_noches, fecha_inicio, fecha_final, fecha_creacion, habitacion_id, huesped_id, plan_id, servicio_id) VALUES (220, 2, 342.752267274969, 5, '2020-4-29', '2020-05-04', '2024-12-27T08:51:56.794Z', 1, 220, 1, 1); INSERT INTO persona (persona_id, cedula, nombre, fecha_nacimiento, genero, fecha_creacion) VALUES (221, '585176862', 'Kim', '2017-06-17', 'Transsexual female', '2023-05-05'); INSERT INTO huesped (huesped_id, persona_id) VALUES (221, 221); INSERT INTO reserva (reserva_id, numero_huespedes, precio_de_plan, cantidad_noches, fecha_inicio, fecha_final, fecha_creacion, habitacion_id, huesped_id, plan_id, servicio_id) VALUES (221, 1, 40.183739452843355, 6, '2020-4-30', '2020-05-06', '2024-12-27T08:51:56.794Z', 1, 221, 2, 2); INSERT INTO persona (persona_id, cedula, nombre, fecha_nacimiento, genero, fecha_creacion) VALUES (222, '289851002', 'Meagan', '2019-08-21', 'Transsexual man', '2024-07-02'); INSERT INTO huesped (huesped_id, persona_id) VALUES (222, 222); INSERT INTO reserva (reserva_id, numero_huespedes, precio_de_plan, cantidad_noches, fecha_inicio, fecha_final, fecha_creacion, habitacion_id, huesped_id, plan_id, servicio_id) VALUES (222, 2, 342.752267274969, 4, '2020-4-30', '2020-05-04', '2024-12-27T08:51:56.794Z', 1, 222, 1, 2); INSERT INTO persona (persona_id, cedula, nombre, fecha_nacimiento, genero, fecha_creacion) VALUES (223, '167270073', 'Efren', '2011-09-30', 'Transsexual person', '2023-03-13'); INSERT INTO huesped (huesped_id, persona_id) VALUES (223, 223); INSERT INTO reserva (reserva_id, numero_huespedes, precio_de_plan, cantidad_noches, fecha_inicio, fecha_final, fecha_creacion, habitacion_id, huesped_id, plan_id, servicio_id) VALUES (223, 4, 40.183739452843355, 6, '2020-4-30', '2020-05-06', '2024-12-27T08:51:56.794Z', 1, 223, 2, 1); INSERT INTO persona (persona_id, cedula, nombre, fecha_nacimiento, genero, fecha_creacion) VALUES (224, '449361734', 'Royce', '2007-05-26', 'Hermaphrodite', '2024-01-04'); INSERT INTO huesped (huesped_id, persona_id) VALUES (224, 224); INSERT INTO reserva (reserva_id, numero_huespedes, precio_de_plan, cantidad_noches, fecha_inicio, fecha_final, fecha_creacion, habitacion_id, huesped_id, plan_id, servicio_id) VALUES (224, 1, 40.183739452843355, 3, '2020-4-1', '2020-04-04', '2024-12-27T08:51:56.794Z', 1, 224, 2, 2); INSERT INTO persona (persona_id, cedula, nombre, fecha_nacimiento, genero, fecha_creacion) VALUES (225, '412098125', 'Madyson', '1992-11-20', 'Pangender', '2024-12-03'); INSERT INTO huesped (huesped_id, persona_id) VALUES (225, 225); INSERT INTO reserva (reserva_id, numero_huespedes, precio_de_plan, cantidad_noches, fecha_inicio, fecha_final, fecha_creacion, habitacion_id, huesped_id, plan_id, servicio_id) VALUES (225, 1, 40.183739452843355, 2, '2020-4-1', '2020-04-03', '2024-12-27T08:51:56.794Z', 1, 225, 2, 1); INSERT INTO persona (persona_id, cedula, nombre, fecha_nacimiento, genero, fecha_creacion) VALUES (226, '464920346', 'Pierce', '2000-10-14', 'Hermaphrodite', '2024-06-25'); INSERT INTO huesped (huesped_id, persona_id) VALUES (226, 226); INSERT INTO reserva (reserva_id, numero_huespedes, precio_de_plan, cantidad_noches, fecha_inicio, fecha_final, fecha_creacion, habitacion_id, huesped_id, plan_id, servicio_id) VALUES (226, 3, 40.183739452843355, 5, '2020-4-1', '2020-04-06', '2024-12-27T08:51:56.794Z', 1, 226, 2, 1); INSERT INTO persona (persona_id, cedula, nombre, fecha_nacimiento, genero, fecha_creacion) VALUES (227, '771227848', 'Nikko', '1989-09-04', 'Gender fluid', '2024-07-20'); INSERT INTO huesped (huesped_id, persona_id) VALUES (227, 227); INSERT INTO reserva (reserva_id, numero_huespedes, precio_de_plan, cantidad_noches, fecha_inicio, fecha_final, fecha_creacion, habitacion_id, huesped_id, plan_id, servicio_id) VALUES (227, 3, 40.183739452843355, 6, '2020-4-2', '2020-04-08', '2024-12-27T08:51:56.795Z', 1, 227, 2, 1); INSERT INTO persona (persona_id, cedula, nombre, fecha_nacimiento, genero, fecha_creacion) VALUES (228, '619406710', 'Kadin', '2007-03-31', 'Female to male transsexual man', '2024-02-18'); INSERT INTO huesped (huesped_id, persona_id) VALUES (228, 228); INSERT INTO reserva (reserva_id, numero_huespedes, precio_de_plan, cantidad_noches, fecha_inicio, fecha_final, fecha_creacion, habitacion_id, huesped_id, plan_id, servicio_id) VALUES (228, 4, 342.752267274969, 3, '2020-4-2', '2020-04-05', '2024-12-27T08:51:56.795Z', 1, 228, 1, 1); INSERT INTO persona (persona_id, cedula, nombre, fecha_nacimiento, genero, fecha_creacion) VALUES (229, '111737316', 'Garland', '2019-08-07', 'Cis female', '2024-01-25'); INSERT INTO huesped (huesped_id, persona_id) VALUES (229, 229); INSERT INTO reserva (reserva_id, numero_huespedes, precio_de_plan, cantidad_noches, fecha_inicio, fecha_final, fecha_creacion, habitacion_id, huesped_id, plan_id, servicio_id) VALUES (229, 1, 342.752267274969, 4, '2020-4-3', '2020-04-07', '2024-12-27T08:51:56.795Z', 1, 229, 1, 2); INSERT INTO persona (persona_id, cedula, nombre, fecha_nacimiento, genero, fecha_creacion) VALUES (230, '203760418', 'Duncan', '1998-11-25', 'Bigender', '2023-10-28'); INSERT INTO huesped (huesped_id, persona_id) VALUES (230, 230); INSERT INTO reserva (reserva_id, numero_huespedes, precio_de_plan, cantidad_noches, fecha_inicio, fecha_final, fecha_creacion, habitacion_id, huesped_id, plan_id, servicio_id) VALUES (230, 4, 40.183739452843355, 7, '2020-4-4', '2020-04-11', '2024-12-27T08:51:56.795Z', 1, 230, 2, 1); INSERT INTO persona (persona_id, cedula, nombre, fecha_nacimiento, genero, fecha_creacion) VALUES (231, '604598962', 'Marquise', '2014-04-07', 'Neither', '2024-11-27'); INSERT INTO huesped (huesped_id, persona_id) VALUES (231, 231); INSERT INTO reserva (reserva_id, numero_huespedes, precio_de_plan, cantidad_noches, fecha_inicio, fecha_final, fecha_creacion, habitacion_id, huesped_id, plan_id, servicio_id) VALUES (231, 3, 40.183739452843355, 6, '2020-4-4', '2020-04-10', '2024-12-27T08:51:56.795Z', 1, 231, 2, 2); INSERT INTO persona (persona_id, cedula, nombre, fecha_nacimiento, genero, fecha_creacion) VALUES (232, '271592077', 'Kayla', '2007-11-04', 'Intersex woman', '2024-12-25'); INSERT INTO huesped (huesped_id, persona_id) VALUES (232, 232); INSERT INTO reserva (reserva_id, numero_huespedes, precio_de_plan, cantidad_noches, fecha_inicio, fecha_final, fecha_creacion, habitacion_id, huesped_id, plan_id, servicio_id) VALUES (232, 4, 342.752267274969, 7, '2020-4-4', '2020-04-11', '2024-12-27T08:51:56.795Z', 1, 232, 1, 1); INSERT INTO persona (persona_id, cedula, nombre, fecha_nacimiento, genero, fecha_creacion) VALUES (233, '197696666', 'Obie', '2023-05-23', 'Transsexual woman', '2023-06-10'); INSERT INTO huesped (huesped_id, persona_id) VALUES (233, 233); INSERT INTO reserva (reserva_id, numero_huespedes, precio_de_plan, cantidad_noches, fecha_inicio, fecha_final, fecha_creacion, habitacion_id, huesped_id, plan_id, servicio_id) VALUES (233, 1, 342.752267274969, 1, '2020-4-5', '2020-04-06', '2024-12-27T08:51:56.795Z', 1, 233, 1, 2); INSERT INTO persona (persona_id, cedula, nombre, fecha_nacimiento, genero, fecha_creacion) VALUES (234, '221690722', 'Elwin', '1980-06-03', 'Transmasculine', '2024-06-28'); INSERT INTO huesped (huesped_id, persona_id) VALUES (234, 234); INSERT INTO reserva (reserva_id, numero_huespedes, precio_de_plan, cantidad_noches, fecha_inicio, fecha_final, fecha_creacion, habitacion_id, huesped_id, plan_id, servicio_id) VALUES (234, 4, 40.183739452843355, 6, '2020-4-5', '2020-04-11', '2024-12-27T08:51:56.795Z', 1, 234, 2, 2); INSERT INTO persona (persona_id, cedula, nombre, fecha_nacimiento, genero, fecha_creacion) VALUES (235, '412449919', 'Sylvan', '2009-11-27', 'T* woman', '2024-05-16'); INSERT INTO huesped (huesped_id, persona_id) VALUES (235, 235); INSERT INTO reserva (reserva_id, numero_huespedes, precio_de_plan, cantidad_noches, fecha_inicio, fecha_final, fecha_creacion, habitacion_id, huesped_id, plan_id, servicio_id) VALUES (235, 1, 342.752267274969, 2, '2020-4-5', '2020-04-07', '2024-12-27T08:51:56.795Z', 1, 235, 1, 2); INSERT INTO persona (persona_id, cedula, nombre, fecha_nacimiento, genero, fecha_creacion) VALUES (236, '205590062', 'Gavin', '1987-12-03', 'Multigender', '2024-04-22'); INSERT INTO huesped (huesped_id, persona_id) VALUES (236, 236); INSERT INTO reserva (reserva_id, numero_huespedes, precio_de_plan, cantidad_noches, fecha_inicio, fecha_final, fecha_creacion, habitacion_id, huesped_id, plan_id, servicio_id) VALUES (236, 3, 342.752267274969, 6, '2020-4-6', '2020-04-12', '2024-12-27T08:51:56.795Z', 1, 236, 1, 1); INSERT INTO persona (persona_id, cedula, nombre, fecha_nacimiento, genero, fecha_creacion) VALUES (237, '162138913', 'Lexie', '2020-04-01', 'Bigender', '2024-04-11'); INSERT INTO huesped (huesped_id, persona_id) VALUES (237, 237); INSERT INTO reserva (reserva_id, numero_huespedes, precio_de_plan, cantidad_noches, fecha_inicio, fecha_final, fecha_creacion, habitacion_id, huesped_id, plan_id, servicio_id) VALUES (237, 3, 40.183739452843355, 3, '2020-4-7', '2020-04-10', '2024-12-27T08:51:56.795Z', 1, 237, 2, 1); INSERT INTO persona (persona_id, cedula, nombre, fecha_nacimiento, genero, fecha_creacion) VALUES (238, '730270939', 'Tomas', '1988-11-17', 'Demi-woman', '2024-05-18'); INSERT INTO huesped (huesped_id, persona_id) VALUES (238, 238); INSERT INTO reserva (reserva_id, numero_huespedes, precio_de_plan, cantidad_noches, fecha_inicio, fecha_final, fecha_creacion, habitacion_id, huesped_id, plan_id, servicio_id) VALUES (238, 1, 40.183739452843355, 7, '2020-4-7', '2020-04-14', '2024-12-27T08:51:56.795Z', 1, 238, 2, 2); INSERT INTO persona (persona_id, cedula, nombre, fecha_nacimiento, genero, fecha_creacion) VALUES (239, '234090041', 'Duane', '2012-10-29', 'T* woman', '2023-01-10'); INSERT INTO huesped (huesped_id, persona_id) VALUES (239, 239); INSERT INTO reserva (reserva_id, numero_huespedes, precio_de_plan, cantidad_noches, fecha_inicio, fecha_final, fecha_creacion, habitacion_id, huesped_id, plan_id, servicio_id) VALUES (239, 3, 40.183739452843355, 3, '2020-4-7', '2020-04-10', '2024-12-27T08:51:56.795Z', 1, 239, 2, 1); INSERT INTO persona (persona_id, cedula, nombre, fecha_nacimiento, genero, fecha_creacion) VALUES (240, '934741711', 'Eldon', '1966-01-24', 'Transmasculine', '2023-02-05'); INSERT INTO huesped (huesped_id, persona_id) VALUES (240, 240); INSERT INTO reserva (reserva_id, numero_huespedes, precio_de_plan, cantidad_noches, fecha_inicio, fecha_final, fecha_creacion, habitacion_id, huesped_id, plan_id, servicio_id) VALUES (240, 3, 40.183739452843355, 6, '2020-4-8', '2020-04-14', '2024-12-27T08:51:56.795Z', 1, 240, 2, 1); INSERT INTO persona (persona_id, cedula, nombre, fecha_nacimiento, genero, fecha_creacion) VALUES (241, '639257650', 'Fred', '1989-09-17', 'Male to female transgender woman', '2023-05-07'); INSERT INTO huesped (huesped_id, persona_id) VALUES (241, 241); INSERT INTO reserva (reserva_id, numero_huespedes, precio_de_plan, cantidad_noches, fecha_inicio, fecha_final, fecha_creacion, habitacion_id, huesped_id, plan_id, servicio_id) VALUES (241, 3, 342.752267274969, 5, '2020-4-10', '2020-04-15', '2024-12-27T08:51:56.796Z', 1, 241, 1, 2); INSERT INTO persona (persona_id, cedula, nombre, fecha_nacimiento, genero, fecha_creacion) VALUES (242, '528147251', 'Fred', '2016-12-28', 'Female to male transgender man', '2024-03-21'); INSERT INTO huesped (huesped_id, persona_id) VALUES (242, 242); INSERT INTO reserva (reserva_id, numero_huespedes, precio_de_plan, cantidad_noches, fecha_inicio, fecha_final, fecha_creacion, habitacion_id, huesped_id, plan_id, servicio_id) VALUES (242, 2, 342.752267274969, 4, '2020-4-14', '2020-04-18', '2024-12-27T08:51:56.796Z', 1, 242, 1, 1); INSERT INTO persona (persona_id, cedula, nombre, fecha_nacimiento, genero, fecha_creacion) VALUES (243, '740244529', 'Justine', '1989-11-14', 'Neither', '2023-04-06'); INSERT INTO huesped (huesped_id, persona_id) VALUES (243, 243); INSERT INTO reserva (reserva_id, numero_huespedes, precio_de_plan, cantidad_noches, fecha_inicio, fecha_final, fecha_creacion, habitacion_id, huesped_id, plan_id, servicio_id) VALUES (243, 1, 342.752267274969, 6, '2020-4-15', '2020-04-21', '2024-12-27T08:51:56.796Z', 1, 243, 1, 2); INSERT INTO persona (persona_id, cedula, nombre, fecha_nacimiento, genero, fecha_creacion) VALUES (244, '718211845', 'Clifford', '2020-03-25', 'Transsexual woman', '2024-09-25'); INSERT INTO huesped (huesped_id, persona_id) VALUES (244, 244); INSERT INTO reserva (reserva_id, numero_huespedes, precio_de_plan, cantidad_noches, fecha_inicio, fecha_final, fecha_creacion, habitacion_id, huesped_id, plan_id, servicio_id) VALUES (244, 1, 342.752267274969, 4, '2020-4-15', '2020-04-19', '2024-12-27T08:51:56.796Z', 1, 244, 1, 2); INSERT INTO persona (persona_id, cedula, nombre, fecha_nacimiento, genero, fecha_creacion) VALUES (245, '668596194', 'Soledad', '1990-04-23', 'Cisgender male', '2024-05-27'); INSERT INTO huesped (huesped_id, persona_id) VALUES (245, 245); INSERT INTO reserva (reserva_id, numero_huespedes, precio_de_plan, cantidad_noches, fecha_inicio, fecha_final, fecha_creacion, habitacion_id, huesped_id, plan_id, servicio_id) VALUES (245, 2, 40.183739452843355, 2, '2020-4-15', '2020-04-17', '2024-12-27T08:51:56.796Z', 1, 245, 2, 2); INSERT INTO persona (persona_id, cedula, nombre, fecha_nacimiento, genero, fecha_creacion) VALUES (246, '425300114', 'Johnpaul', '2014-03-05', 'Cisgender', '2024-03-16'); INSERT INTO huesped (huesped_id, persona_id) VALUES (246, 246); INSERT INTO reserva (reserva_id, numero_huespedes, precio_de_plan, cantidad_noches, fecha_inicio, fecha_final, fecha_creacion, habitacion_id, huesped_id, plan_id, servicio_id) VALUES (246, 4, 40.183739452843355, 6, '2020-4-17', '2020-04-23', '2024-12-27T08:51:56.796Z', 1, 246, 2, 1); INSERT INTO persona (persona_id, cedula, nombre, fecha_nacimiento, genero, fecha_creacion) VALUES (247, '640700715', 'Darlene', '1987-11-07', 'Cisgender man', '2024-04-10'); INSERT INTO huesped (huesped_id, persona_id) VALUES (247, 247); INSERT INTO reserva (reserva_id, numero_huespedes, precio_de_plan, cantidad_noches, fecha_inicio, fecha_final, fecha_creacion, habitacion_id, huesped_id, plan_id, servicio_id) VALUES (247, 4, 40.183739452843355, 4, '2020-4-17', '2020-04-21', '2024-12-27T08:51:56.796Z', 1, 247, 2, 1); INSERT INTO persona (persona_id, cedula, nombre, fecha_nacimiento, genero, fecha_creacion) VALUES (248, '128147796', 'Ozella', '1970-07-30', 'Neutrois', '2024-11-02'); INSERT INTO huesped (huesped_id, persona_id) VALUES (248, 248); INSERT INTO reserva (reserva_id, numero_huespedes, precio_de_plan, cantidad_noches, fecha_inicio, fecha_final, fecha_creacion, habitacion_id, huesped_id, plan_id, servicio_id) VALUES (248, 3, 342.752267274969, 6, '2020-4-18', '2020-04-24', '2024-12-27T08:51:56.797Z', 1, 248, 1, 1); INSERT INTO persona (persona_id, cedula, nombre, fecha_nacimiento, genero, fecha_creacion) VALUES (249, '825131531', 'Jovanny', '2021-07-07', 'Trans', '2024-08-27'); INSERT INTO huesped (huesped_id, persona_id) VALUES (249, 249); INSERT INTO reserva (reserva_id, numero_huespedes, precio_de_plan, cantidad_noches, fecha_inicio, fecha_final, fecha_creacion, habitacion_id, huesped_id, plan_id, servicio_id) VALUES (249, 2, 40.183739452843355, 1, '2020-4-18', '2020-04-19', '2024-12-27T08:51:56.797Z', 1, 249, 2, 1); INSERT INTO persona (persona_id, cedula, nombre, fecha_nacimiento, genero, fecha_creacion) VALUES (250, '193125808', 'Nola', '2021-02-20', 'Two-spirit', '2024-08-03'); INSERT INTO huesped (huesped_id, persona_id) VALUES (250, 250); INSERT INTO reserva (reserva_id, numero_huespedes, precio_de_plan, cantidad_noches, fecha_inicio, fecha_final, fecha_creacion, habitacion_id, huesped_id, plan_id, servicio_id) VALUES (250, 1, 40.183739452843355, 1, '2020-4-20', '2020-04-21', '2024-12-27T08:51:56.797Z', 1, 250, 2, 1); INSERT INTO persona (persona_id, cedula, nombre, fecha_nacimiento, genero, fecha_creacion) VALUES (251, '557131937', 'Milton', '1975-04-25', 'Demi-boy', '2024-08-06'); INSERT INTO huesped (huesped_id, persona_id) VALUES (251, 251); INSERT INTO reserva (reserva_id, numero_huespedes, precio_de_plan, cantidad_noches, fecha_inicio, fecha_final, fecha_creacion, habitacion_id, huesped_id, plan_id, servicio_id) VALUES (251, 4, 342.752267274969, 7, '2020-4-20', '2020-04-27', '2024-12-27T08:51:56.797Z', 1, 251, 1, 2); INSERT INTO persona (persona_id, cedula, nombre, fecha_nacimiento, genero, fecha_creacion) VALUES (252, '281484462', 'Daryl', '2020-10-01', 'T* man', '2024-11-15'); INSERT INTO huesped (huesped_id, persona_id) VALUES (252, 252); INSERT INTO reserva (reserva_id, numero_huespedes, precio_de_plan, cantidad_noches, fecha_inicio, fecha_final, fecha_creacion, habitacion_id, huesped_id, plan_id, servicio_id) VALUES (252, 4, 342.752267274969, 3, '2020-4-20', '2020-04-23', '2024-12-27T08:51:56.797Z', 1, 252, 1, 2); INSERT INTO persona (persona_id, cedula, nombre, fecha_nacimiento, genero, fecha_creacion) VALUES (253, '706460815', 'Hosea', '1986-07-30', 'Cisgender female', '2024-09-24'); INSERT INTO huesped (huesped_id, persona_id) VALUES (253, 253); INSERT INTO reserva (reserva_id, numero_huespedes, precio_de_plan, cantidad_noches, fecha_inicio, fecha_final, fecha_creacion, habitacion_id, huesped_id, plan_id, servicio_id) VALUES (253, 2, 40.183739452843355, 7, '2020-4-22', '2020-04-29', '2024-12-27T08:51:56.797Z', 1, 253, 2, 1); INSERT INTO persona (persona_id, cedula, nombre, fecha_nacimiento, genero, fecha_creacion) VALUES (254, '540341881', 'Adele', '1989-04-10', 'Neutrois', '2024-02-07'); INSERT INTO huesped (huesped_id, persona_id) VALUES (254, 254); INSERT INTO reserva (reserva_id, numero_huespedes, precio_de_plan, cantidad_noches, fecha_inicio, fecha_final, fecha_creacion, habitacion_id, huesped_id, plan_id, servicio_id) VALUES (254, 3, 40.183739452843355, 2, '2020-4-25', '2020-04-27', '2024-12-27T08:51:56.798Z', 1, 254, 2, 2); INSERT INTO persona (persona_id, cedula, nombre, fecha_nacimiento, genero, fecha_creacion) VALUES (255, '731575145', 'Rashawn', '2004-01-21', 'Two-spirit person', '2024-02-08'); INSERT INTO huesped (huesped_id, persona_id) VALUES (255, 255); INSERT INTO reserva (reserva_id, numero_huespedes, precio_de_plan, cantidad_noches, fecha_inicio, fecha_final, fecha_creacion, habitacion_id, huesped_id, plan_id, servicio_id) VALUES (255, 3, 40.183739452843355, 7, '2020-4-25', '2020-05-02', '2024-12-27T08:51:56.798Z', 1, 255, 2, 1); INSERT INTO persona (persona_id, cedula, nombre, fecha_nacimiento, genero, fecha_creacion) VALUES (256, '742566758', 'Salvatore', '2018-02-06', 'M2F', '2024-09-02'); INSERT INTO huesped (huesped_id, persona_id) VALUES (256, 256); INSERT INTO reserva (reserva_id, numero_huespedes, precio_de_plan, cantidad_noches, fecha_inicio, fecha_final, fecha_creacion, habitacion_id, huesped_id, plan_id, servicio_id) VALUES (256, 1, 342.752267274969, 4, '2020-4-25', '2020-04-29', '2024-12-27T08:51:56.798Z', 1, 256, 1, 2); INSERT INTO persona (persona_id, cedula, nombre, fecha_nacimiento, genero, fecha_creacion) VALUES (257, '835869749', 'Harmon', '1970-06-11', 'Neutrois', '2024-10-01'); INSERT INTO huesped (huesped_id, persona_id) VALUES (257, 257); INSERT INTO reserva (reserva_id, numero_huespedes, precio_de_plan, cantidad_noches, fecha_inicio, fecha_final, fecha_creacion, habitacion_id, huesped_id, plan_id, servicio_id) VALUES (257, 2, 342.752267274969, 7, '2020-4-26', '2020-05-03', '2024-12-27T08:51:56.798Z', 1, 257, 1, 1); INSERT INTO persona (persona_id, cedula, nombre, fecha_nacimiento, genero, fecha_creacion) VALUES (258, '471751291', 'Kaitlyn', '1990-12-30', 'Trans person', '2023-08-27'); INSERT INTO huesped (huesped_id, persona_id) VALUES (258, 258); INSERT INTO reserva (reserva_id, numero_huespedes, precio_de_plan, cantidad_noches, fecha_inicio, fecha_final, fecha_creacion, habitacion_id, huesped_id, plan_id, servicio_id) VALUES (258, 3, 40.183739452843355, 7, '2020-4-26', '2020-05-03', '2024-12-27T08:51:56.798Z', 1, 258, 2, 2); INSERT INTO persona (persona_id, cedula, nombre, fecha_nacimiento, genero, fecha_creacion) VALUES (259, '309955999', 'Verona', '2024-09-04', 'Transgender female', '2024-10-25'); INSERT INTO huesped (huesped_id, persona_id) VALUES (259, 259); INSERT INTO reserva (reserva_id, numero_huespedes, precio_de_plan, cantidad_noches, fecha_inicio, fecha_final, fecha_creacion, habitacion_id, huesped_id, plan_id, servicio_id) VALUES (259, 3, 342.752267274969, 3, '2020-4-27', '2020-04-30', '2024-12-27T08:51:56.798Z', 1, 259, 1, 2); INSERT INTO persona (persona_id, cedula, nombre, fecha_nacimiento, genero, fecha_creacion) VALUES (260, '630327671', 'Bart', '2024-03-31', 'Cisgender', '2024-09-19'); INSERT INTO huesped (huesped_id, persona_id) VALUES (260, 260); INSERT INTO reserva (reserva_id, numero_huespedes, precio_de_plan, cantidad_noches, fecha_inicio, fecha_final, fecha_creacion, habitacion_id, huesped_id, plan_id, servicio_id) VALUES (260, 2, 342.752267274969, 3, '2020-4-28', '2020-05-01', '2024-12-27T08:51:56.799Z', 1, 260, 1, 1); INSERT INTO persona (persona_id, cedula, nombre, fecha_nacimiento, genero, fecha_creacion) VALUES (261, '288842885', 'Leonie', '2002-12-16', 'Male to female transgender woman', '2024-07-20'); INSERT INTO huesped (huesped_id, persona_id) VALUES (261, 261); INSERT INTO reserva (reserva_id, numero_huespedes, precio_de_plan, cantidad_noches, fecha_inicio, fecha_final, fecha_creacion, habitacion_id, huesped_id, plan_id, servicio_id) VALUES (261, 4, 40.183739452843355, 4, '2020-4-29', '2020-05-03', '2024-12-27T08:51:56.799Z', 1, 261, 2, 1); INSERT INTO persona (persona_id, cedula, nombre, fecha_nacimiento, genero, fecha_creacion) VALUES (262, '100451989', 'Alene', '2000-01-11', 'Male to female transgender woman', '2024-01-13'); INSERT INTO huesped (huesped_id, persona_id) VALUES (262, 262); INSERT INTO reserva (reserva_id, numero_huespedes, precio_de_plan, cantidad_noches, fecha_inicio, fecha_final, fecha_creacion, habitacion_id, huesped_id, plan_id, servicio_id) VALUES (262, 4, 342.752267274969, 7, '2020-4-29', '2020-05-06', '2024-12-27T08:51:56.799Z', 1, 262, 1, 1); INSERT INTO persona (persona_id, cedula, nombre, fecha_nacimiento, genero, fecha_creacion) VALUES (263, '968920585', 'Leola', '2012-03-07', 'Intersex woman', '2024-12-24'); INSERT INTO huesped (huesped_id, persona_id) VALUES (263, 263); INSERT INTO reserva (reserva_id, numero_huespedes, precio_de_plan, cantidad_noches, fecha_inicio, fecha_final, fecha_creacion, habitacion_id, huesped_id, plan_id, servicio_id) VALUES (263, 4, 342.752267274969, 7, '2020-4-29', '2020-05-06', '2024-12-27T08:51:56.799Z', 1, 263, 1, 2); INSERT INTO persona (persona_id, cedula, nombre, fecha_nacimiento, genero, fecha_creacion) VALUES (264, '617217669', 'Santino', '1971-02-02', 'Trans man', '2024-09-08'); INSERT INTO huesped (huesped_id, persona_id) VALUES (264, 264); INSERT INTO reserva (reserva_id, numero_huespedes, precio_de_plan, cantidad_noches, fecha_inicio, fecha_final, fecha_creacion, habitacion_id, huesped_id, plan_id, servicio_id) VALUES (264, 1, 342.752267274969, 2, '2020-4-30', '2020-05-02', '2024-12-27T08:51:56.799Z', 1, 264, 1, 1); INSERT INTO persona (persona_id, cedula, nombre, fecha_nacimiento, genero, fecha_creacion) VALUES (265, '293261437', 'Lucie', '1991-03-02', 'Trans female', '2024-04-10'); INSERT INTO huesped (huesped_id, persona_id) VALUES (265, 265); INSERT INTO reserva (reserva_id, numero_huespedes, precio_de_plan, cantidad_noches, fecha_inicio, fecha_final, fecha_creacion, habitacion_id, huesped_id, plan_id, servicio_id) VALUES (265, 3, 40.183739452843355, 4, '2020-4-30', '2020-05-04', '2024-12-27T08:51:56.799Z', 1, 265, 2, 1); INSERT INTO persona (persona_id, cedula, nombre, fecha_nacimiento, genero, fecha_creacion) VALUES (266, '569675429', 'Hudson', '2022-10-31', 'Male to female trans woman', '2023-11-15'); INSERT INTO huesped (huesped_id, persona_id) VALUES (266, 266); INSERT INTO reserva (reserva_id, numero_huespedes, precio_de_plan, cantidad_noches, fecha_inicio, fecha_final, fecha_creacion, habitacion_id, huesped_id, plan_id, servicio_id) VALUES (266, 3, 40.183739452843355, 5, '2020-4-30', '2020-05-05', '2024-12-27T08:51:56.799Z', 1, 266, 2, 1); INSERT INTO persona (persona_id, cedula, nombre, fecha_nacimiento, genero, fecha_creacion) VALUES (267, '830757505', 'Everardo', '2000-05-15', 'Cisgender male', '2023-01-21'); INSERT INTO huesped (huesped_id, persona_id) VALUES (267, 267); INSERT INTO reserva (reserva_id, numero_huespedes, precio_de_plan, cantidad_noches, fecha_inicio, fecha_final, fecha_creacion, habitacion_id, huesped_id, plan_id, servicio_id) VALUES (267, 1, 342.752267274969, 3, '2020-1-3', '2020-01-06', '2024-12-27T08:51:56.799Z', 1, 267, 1, 2); INSERT INTO persona (persona_id, cedula, nombre, fecha_nacimiento, genero, fecha_creacion) VALUES (268, '297109142', 'Alek', '2018-01-23', 'Male to female', '2024-08-02'); INSERT INTO huesped (huesped_id, persona_id) VALUES (268, 268); INSERT INTO reserva (reserva_id, numero_huespedes, precio_de_plan, cantidad_noches, fecha_inicio, fecha_final, fecha_creacion, habitacion_id, huesped_id, plan_id, servicio_id) VALUES (268, 4, 342.752267274969, 2, '2020-1-5', '2020-01-07', '2024-12-27T08:51:56.799Z', 1, 268, 1, 1); INSERT INTO persona (persona_id, cedula, nombre, fecha_nacimiento, genero, fecha_creacion) VALUES (269, '626133077', 'Rachel', '2023-06-11', 'Demigender', '2024-09-27'); INSERT INTO huesped (huesped_id, persona_id) VALUES (269, 269); INSERT INTO reserva (reserva_id, numero_huespedes, precio_de_plan, cantidad_noches, fecha_inicio, fecha_final, fecha_creacion, habitacion_id, huesped_id, plan_id, servicio_id) VALUES (269, 4, 342.752267274969, 7, '2020-1-6', '2020-01-13', '2024-12-27T08:51:56.799Z', 1, 269, 1, 2); INSERT INTO persona (persona_id, cedula, nombre, fecha_nacimiento, genero, fecha_creacion) VALUES (270, '144817823', 'Percy', '1994-10-24', 'Other', '2023-10-04'); INSERT INTO huesped (huesped_id, persona_id) VALUES (270, 270); INSERT INTO reserva (reserva_id, numero_huespedes, precio_de_plan, cantidad_noches, fecha_inicio, fecha_final, fecha_creacion, habitacion_id, huesped_id, plan_id, servicio_id) VALUES (270, 4, 342.752267274969, 3, '2020-1-8', '2020-01-11', '2024-12-27T08:51:56.800Z', 1, 270, 1, 2); INSERT INTO persona (persona_id, cedula, nombre, fecha_nacimiento, genero, fecha_creacion) VALUES (271, '620717316', 'Joshuah', '1998-08-29', 'Transmasculine', '2024-11-03'); INSERT INTO huesped (huesped_id, persona_id) VALUES (271, 271); INSERT INTO reserva (reserva_id, numero_huespedes, precio_de_plan, cantidad_noches, fecha_inicio, fecha_final, fecha_creacion, habitacion_id, huesped_id, plan_id, servicio_id) VALUES (271, 1, 40.183739452843355, 6, '2020-1-12', '2020-01-18', '2024-12-27T08:51:56.800Z', 1, 271, 2, 2); INSERT INTO persona (persona_id, cedula, nombre, fecha_nacimiento, genero, fecha_creacion) VALUES (272, '849727753', 'Donald', '2012-06-27', 'Cis female', '2024-03-18'); INSERT INTO huesped (huesped_id, persona_id) VALUES (272, 272); INSERT INTO reserva (reserva_id, numero_huespedes, precio_de_plan, cantidad_noches, fecha_inicio, fecha_final, fecha_creacion, habitacion_id, huesped_id, plan_id, servicio_id) VALUES (272, 1, 40.183739452843355, 7, '2020-1-13', '2020-01-20', '2024-12-27T08:51:56.800Z', 1, 272, 2, 2); INSERT INTO persona (persona_id, cedula, nombre, fecha_nacimiento, genero, fecha_creacion) VALUES (273, '647658853', 'Lorenz', '2017-05-16', 'Trans male', '2024-04-13'); INSERT INTO huesped (huesped_id, persona_id) VALUES (273, 273); INSERT INTO reserva (reserva_id, numero_huespedes, precio_de_plan, cantidad_noches, fecha_inicio, fecha_final, fecha_creacion, habitacion_id, huesped_id, plan_id, servicio_id) VALUES (273, 1, 342.752267274969, 2, '2020-1-14', '2020-01-16', '2024-12-27T08:51:56.800Z', 1, 273, 1, 1); INSERT INTO persona (persona_id, cedula, nombre, fecha_nacimiento, genero, fecha_creacion) VALUES (274, '357027954', 'Bernie', '2014-11-10', 'Transsexual male', '2023-06-21'); INSERT INTO huesped (huesped_id, persona_id) VALUES (274, 274); INSERT INTO reserva (reserva_id, numero_huespedes, precio_de_plan, cantidad_noches, fecha_inicio, fecha_final, fecha_creacion, habitacion_id, huesped_id, plan_id, servicio_id) VALUES (274, 4, 342.752267274969, 7, '2020-1-15', '2020-01-22', '2024-12-27T08:51:56.800Z', 1, 274, 1, 2); INSERT INTO persona (persona_id, cedula, nombre, fecha_nacimiento, genero, fecha_creacion) VALUES (275, '265389623', 'Amos', '1983-08-22', 'Transsexual person', '2024-05-17'); INSERT INTO huesped (huesped_id, persona_id) VALUES (275, 275); INSERT INTO reserva (reserva_id, numero_huespedes, precio_de_plan, cantidad_noches, fecha_inicio, fecha_final, fecha_creacion, habitacion_id, huesped_id, plan_id, servicio_id) VALUES (275, 4, 40.183739452843355, 5, '2020-1-16', '2020-01-21', '2024-12-27T08:51:56.800Z', 1, 275, 2, 2); INSERT INTO persona (persona_id, cedula, nombre, fecha_nacimiento, genero, fecha_creacion) VALUES (276, '986842830', 'Manley', '1976-10-22', 'Transsexual woman', '2024-06-07'); INSERT INTO huesped (huesped_id, persona_id) VALUES (276, 276); INSERT INTO reserva (reserva_id, numero_huespedes, precio_de_plan, cantidad_noches, fecha_inicio, fecha_final, fecha_creacion, habitacion_id, huesped_id, plan_id, servicio_id) VALUES (276, 1, 40.183739452843355, 2, '2020-1-17', '2020-01-19', '2024-12-27T08:51:56.801Z', 1, 276, 2, 2); INSERT INTO persona (persona_id, cedula, nombre, fecha_nacimiento, genero, fecha_creacion) VALUES (277, '640509065', 'Lea', '2008-05-12', 'Neutrois', '2024-05-19'); INSERT INTO huesped (huesped_id, persona_id) VALUES (277, 277); INSERT INTO reserva (reserva_id, numero_huespedes, precio_de_plan, cantidad_noches, fecha_inicio, fecha_final, fecha_creacion, habitacion_id, huesped_id, plan_id, servicio_id) VALUES (277, 3, 342.752267274969, 6, '2020-1-22', '2020-01-28', '2024-12-27T08:51:56.801Z', 1, 277, 1, 1); INSERT INTO persona (persona_id, cedula, nombre, fecha_nacimiento, genero, fecha_creacion) VALUES (278, '703584262', 'Pearl', '2020-06-24', 'Demigender', '2024-11-25'); INSERT INTO huesped (huesped_id, persona_id) VALUES (278, 278); INSERT INTO reserva (reserva_id, numero_huespedes, precio_de_plan, cantidad_noches, fecha_inicio, fecha_final, fecha_creacion, habitacion_id, huesped_id, plan_id, servicio_id) VALUES (278, 1, 342.752267274969, 1, '2020-1-24', '2020-01-25', '2024-12-27T08:51:56.801Z', 1, 278, 1, 1); INSERT INTO persona (persona_id, cedula, nombre, fecha_nacimiento, genero, fecha_creacion) VALUES (279, '238504836', 'Carmen', '1995-10-28', 'Gender questioning', '2024-11-15'); INSERT INTO huesped (huesped_id, persona_id) VALUES (279, 279); INSERT INTO reserva (reserva_id, numero_huespedes, precio_de_plan, cantidad_noches, fecha_inicio, fecha_final, fecha_creacion, habitacion_id, huesped_id, plan_id, servicio_id) VALUES (279, 3, 342.752267274969, 4, '2020-1-26', '2020-01-30', '2024-12-27T08:51:56.801Z', 1, 279, 1, 2); INSERT INTO persona (persona_id, cedula, nombre, fecha_nacimiento, genero, fecha_creacion) VALUES (280, '397723465', 'Brock', '2006-12-11', 'Female to male transgender man', '2024-12-13'); INSERT INTO huesped (huesped_id, persona_id) VALUES (280, 280); INSERT INTO reserva (reserva_id, numero_huespedes, precio_de_plan, cantidad_noches, fecha_inicio, fecha_final, fecha_creacion, habitacion_id, huesped_id, plan_id, servicio_id) VALUES (280, 2, 40.183739452843355, 7, '2020-1-29', '2020-02-05', '2024-12-27T08:51:56.802Z', 1, 280, 2, 2); INSERT INTO persona (persona_id, cedula, nombre, fecha_nacimiento, genero, fecha_creacion) VALUES (281, '674302471', 'Terrill', '1987-02-11', 'Cisgender male', '2024-05-27'); INSERT INTO huesped (huesped_id, persona_id) VALUES (281, 281); INSERT INTO reserva (reserva_id, numero_huespedes, precio_de_plan, cantidad_noches, fecha_inicio, fecha_final, fecha_creacion, habitacion_id, huesped_id, plan_id, servicio_id) VALUES (281, 4, 342.752267274969, 5, '2020-1-30', '2020-02-04', '2024-12-27T08:51:56.802Z', 1, 281, 1, 2); INSERT INTO persona (persona_id, cedula, nombre, fecha_nacimiento, genero, fecha_creacion) VALUES (282, '713315316', 'Ambrose', '2021-10-17', 'Cisgender man', '2024-06-06'); INSERT INTO huesped (huesped_id, persona_id) VALUES (282, 282); INSERT INTO reserva (reserva_id, numero_huespedes, precio_de_plan, cantidad_noches, fecha_inicio, fecha_final, fecha_creacion, habitacion_id, huesped_id, plan_id, servicio_id) VALUES (282, 1, 40.183739452843355, 1, '2020-1-4', '2020-01-05', '2024-12-27T08:51:56.802Z', 1, 282, 2, 1); INSERT INTO persona (persona_id, cedula, nombre, fecha_nacimiento, genero, fecha_creacion) VALUES (283, '176769314', 'Dedrick', '1991-10-05', 'Two-spirit person', '2024-12-08'); INSERT INTO huesped (huesped_id, persona_id) VALUES (283, 283); INSERT INTO reserva (reserva_id, numero_huespedes, precio_de_plan, cantidad_noches, fecha_inicio, fecha_final, fecha_creacion, habitacion_id, huesped_id, plan_id, servicio_id) VALUES (283, 3, 40.183739452843355, 4, '2020-1-6', '2020-01-10', '2024-12-27T08:51:56.802Z', 1, 283, 2, 1); INSERT INTO persona (persona_id, cedula, nombre, fecha_nacimiento, genero, fecha_creacion) VALUES (284, '763813484', 'Merle', '1995-01-07', 'Bigender', '2024-01-17'); INSERT INTO huesped (huesped_id, persona_id) VALUES (284, 284); INSERT INTO reserva (reserva_id, numero_huespedes, precio_de_plan, cantidad_noches, fecha_inicio, fecha_final, fecha_creacion, habitacion_id, huesped_id, plan_id, servicio_id) VALUES (284, 3, 342.752267274969, 6, '2020-1-10', '2020-01-16', '2024-12-27T08:51:56.803Z', 1, 284, 1, 1); INSERT INTO persona (persona_id, cedula, nombre, fecha_nacimiento, genero, fecha_creacion) VALUES (285, '262507123', 'Laila', '1991-12-09', 'Female to male transsexual man', '2024-12-17'); INSERT INTO huesped (huesped_id, persona_id) VALUES (285, 285); INSERT INTO reserva (reserva_id, numero_huespedes, precio_de_plan, cantidad_noches, fecha_inicio, fecha_final, fecha_creacion, habitacion_id, huesped_id, plan_id, servicio_id) VALUES (285, 2, 342.752267274969, 4, '2020-1-11', '2020-01-15', '2024-12-27T08:51:56.803Z', 1, 285, 1, 1); INSERT INTO persona (persona_id, cedula, nombre, fecha_nacimiento, genero, fecha_creacion) VALUES (286, '243800255', 'Hazle', '1999-01-27', 'Polygender', '2023-03-23'); INSERT INTO huesped (huesped_id, persona_id) VALUES (286, 286); INSERT INTO reserva (reserva_id, numero_huespedes, precio_de_plan, cantidad_noches, fecha_inicio, fecha_final, fecha_creacion, habitacion_id, huesped_id, plan_id, servicio_id) VALUES (286, 4, 342.752267274969, 4, '2020-1-12', '2020-01-16', '2024-12-27T08:51:56.803Z', 1, 286, 1, 1); INSERT INTO persona (persona_id, cedula, nombre, fecha_nacimiento, genero, fecha_creacion) VALUES (287, '509957180', 'Chandler', '1979-12-20', 'Genderflux', '2023-07-01'); INSERT INTO huesped (huesped_id, persona_id) VALUES (287, 287); INSERT INTO reserva (reserva_id, numero_huespedes, precio_de_plan, cantidad_noches, fecha_inicio, fecha_final, fecha_creacion, habitacion_id, huesped_id, plan_id, servicio_id) VALUES (287, 1, 342.752267274969, 6, '2020-1-15', '2020-01-21', '2024-12-27T08:51:56.803Z', 1, 287, 1, 1); INSERT INTO persona (persona_id, cedula, nombre, fecha_nacimiento, genero, fecha_creacion) VALUES (288, '620689977', 'Rahsaan', '2002-12-01', 'Transsexual person', '2023-11-14'); INSERT INTO huesped (huesped_id, persona_id) VALUES (288, 288); INSERT INTO reserva (reserva_id, numero_huespedes, precio_de_plan, cantidad_noches, fecha_inicio, fecha_final, fecha_creacion, habitacion_id, huesped_id, plan_id, servicio_id) VALUES (288, 1, 40.183739452843355, 7, '2020-1-18', '2020-01-25', '2024-12-27T08:51:56.803Z', 1, 288, 2, 2); INSERT INTO persona (persona_id, cedula, nombre, fecha_nacimiento, genero, fecha_creacion) VALUES (289, '969677283', 'Keely', '1979-12-12', 'Transsexual male', '2024-07-31'); INSERT INTO huesped (huesped_id, persona_id) VALUES (289, 289); INSERT INTO reserva (reserva_id, numero_huespedes, precio_de_plan, cantidad_noches, fecha_inicio, fecha_final, fecha_creacion, habitacion_id, huesped_id, plan_id, servicio_id) VALUES (289, 4, 342.752267274969, 5, '2020-1-20', '2020-01-25', '2024-12-27T08:51:56.804Z', 1, 289, 1, 1); INSERT INTO persona (persona_id, cedula, nombre, fecha_nacimiento, genero, fecha_creacion) VALUES (290, '161621174', 'Earnest', '2020-07-20', 'Transgender female', '2024-11-22'); INSERT INTO huesped (huesped_id, persona_id) VALUES (290, 290); INSERT INTO reserva (reserva_id, numero_huespedes, precio_de_plan, cantidad_noches, fecha_inicio, fecha_final, fecha_creacion, habitacion_id, huesped_id, plan_id, servicio_id) VALUES (290, 2, 40.183739452843355, 3, '2020-1-22', '2020-01-25', '2024-12-27T08:51:56.804Z', 1, 290, 2, 2); INSERT INTO persona (persona_id, cedula, nombre, fecha_nacimiento, genero, fecha_creacion) VALUES (291, '946192755', 'Jordon', '2016-01-07', 'Omnigender', '2024-02-28'); INSERT INTO huesped (huesped_id, persona_id) VALUES (291, 291); INSERT INTO reserva (reserva_id, numero_huespedes, precio_de_plan, cantidad_noches, fecha_inicio, fecha_final, fecha_creacion, habitacion_id, huesped_id, plan_id, servicio_id) VALUES (291, 2, 342.752267274969, 6, '2020-1-25', '2020-01-31', '2024-12-27T08:51:56.804Z', 1, 291, 1, 2); INSERT INTO persona (persona_id, cedula, nombre, fecha_nacimiento, genero, fecha_creacion) VALUES (292, '342879315', 'Dangelo', '2024-06-13', 'Cisgender male', '2024-12-06'); INSERT INTO huesped (huesped_id, persona_id) VALUES (292, 292); INSERT INTO reserva (reserva_id, numero_huespedes, precio_de_plan, cantidad_noches, fecha_inicio, fecha_final, fecha_creacion, habitacion_id, huesped_id, plan_id, servicio_id) VALUES (292, 1, 40.183739452843355, 1, '2020-1-26', '2020-01-27', '2024-12-27T08:51:56.804Z', 1, 292, 2, 2); INSERT INTO persona (persona_id, cedula, nombre, fecha_nacimiento, genero, fecha_creacion) VALUES (293, '331868822', 'Marlene', '2009-06-11', 'Cis male', '2023-05-14'); INSERT INTO huesped (huesped_id, persona_id) VALUES (293, 293); INSERT INTO reserva (reserva_id, numero_huespedes, precio_de_plan, cantidad_noches, fecha_inicio, fecha_final, fecha_creacion, habitacion_id, huesped_id, plan_id, servicio_id) VALUES (293, 1, 342.752267274969, 2, '2020-1-27', '2020-01-29', '2024-12-27T08:51:56.804Z', 1, 293, 1, 2); INSERT INTO persona (persona_id, cedula, nombre, fecha_nacimiento, genero, fecha_creacion) VALUES (294, '772171401', 'Edmond', '2017-12-10', 'Cis male', '2024-08-12'); INSERT INTO huesped (huesped_id, persona_id) VALUES (294, 294); INSERT INTO reserva (reserva_id, numero_huespedes, precio_de_plan, cantidad_noches, fecha_inicio, fecha_final, fecha_creacion, habitacion_id, huesped_id, plan_id, servicio_id) VALUES (294, 4, 342.752267274969, 6, '2020-1-29', '2020-02-04', '2024-12-27T08:51:56.804Z', 1, 294, 1, 2); INSERT INTO persona (persona_id, cedula, nombre, fecha_nacimiento, genero, fecha_creacion) VALUES (295, '384688890', 'Earlene', '2004-02-08', 'Multigender', '2023-04-08'); INSERT INTO huesped (huesped_id, persona_id) VALUES (295, 295); INSERT INTO reserva (reserva_id, numero_huespedes, precio_de_plan, cantidad_noches, fecha_inicio, fecha_final, fecha_creacion, habitacion_id, huesped_id, plan_id, servicio_id) VALUES (295, 2, 40.183739452843355, 3, '2020-1-1', '2020-01-04', '2024-12-27T08:51:56.805Z', 1, 295, 2, 2); INSERT INTO persona (persona_id, cedula, nombre, fecha_nacimiento, genero, fecha_creacion) VALUES (296, '816509504', 'Jessica', '2009-01-15', 'T* woman', '2024-07-14'); INSERT INTO huesped (huesped_id, persona_id) VALUES (296, 296); INSERT INTO reserva (reserva_id, numero_huespedes, precio_de_plan, cantidad_noches, fecha_inicio, fecha_final, fecha_creacion, habitacion_id, huesped_id, plan_id, servicio_id) VALUES (296, 2, 342.752267274969, 7, '2020-1-3', '2020-01-10', '2024-12-27T08:51:56.805Z', 1, 296, 1, 1); INSERT INTO persona (persona_id, cedula, nombre, fecha_nacimiento, genero, fecha_creacion) VALUES (297, '583049791', 'Trinity', '2012-02-19', 'Intersex woman', '2024-03-19'); INSERT INTO huesped (huesped_id, persona_id) VALUES (297, 297); INSERT INTO reserva (reserva_id, numero_huespedes, precio_de_plan, cantidad_noches, fecha_inicio, fecha_final, fecha_creacion, habitacion_id, huesped_id, plan_id, servicio_id) VALUES (297, 4, 40.183739452843355, 4, '2020-1-5', '2020-01-09', '2024-12-27T08:51:56.805Z', 1, 297, 2, 2); INSERT INTO persona (persona_id, cedula, nombre, fecha_nacimiento, genero, fecha_creacion) VALUES (298, '244636817', 'Mitchell', '2016-08-20', 'Transsexual', '2024-07-26'); INSERT INTO huesped (huesped_id, persona_id) VALUES (298, 298); INSERT INTO reserva (reserva_id, numero_huespedes, precio_de_plan, cantidad_noches, fecha_inicio, fecha_final, fecha_creacion, habitacion_id, huesped_id, plan_id, servicio_id) VALUES (298, 1, 342.752267274969, 7, '2020-1-6', '2020-01-13', '2024-12-27T08:51:56.805Z', 1, 298, 1, 1); INSERT INTO persona (persona_id, cedula, nombre, fecha_nacimiento, genero, fecha_creacion) VALUES (299, '386194582', 'Philip', '2000-10-30', 'Transmasculine', '2023-12-14'); INSERT INTO huesped (huesped_id, persona_id) VALUES (299, 299); INSERT INTO reserva (reserva_id, numero_huespedes, precio_de_plan, cantidad_noches, fecha_inicio, fecha_final, fecha_creacion, habitacion_id, huesped_id, plan_id, servicio_id) VALUES (299, 2, 40.183739452843355, 3, '2020-1-7', '2020-01-10', '2024-12-27T08:51:56.805Z', 1, 299, 2, 2); INSERT INTO persona (persona_id, cedula, nombre, fecha_nacimiento, genero, fecha_creacion) VALUES (300, '700632969', 'Olin', '1994-02-19', 'Male to female transsexual woman', '2023-01-12'); INSERT INTO huesped (huesped_id, persona_id) VALUES (300, 300); INSERT INTO reserva (reserva_id, numero_huespedes, precio_de_plan, cantidad_noches, fecha_inicio, fecha_final, fecha_creacion, habitacion_id, huesped_id, plan_id, servicio_id) VALUES (300, 2, 40.183739452843355, 6, '2020-1-8', '2020-01-14', '2024-12-27T08:51:56.805Z', 1, 300, 2, 1); INSERT INTO persona (persona_id, cedula, nombre, fecha_nacimiento, genero, fecha_creacion) VALUES (301, '274701532', 'Dock', '2000-01-21', 'Cisgender man', '2024-11-02'); INSERT INTO huesped (huesped_id, persona_id) VALUES (301, 301); INSERT INTO reserva (reserva_id, numero_huespedes, precio_de_plan, cantidad_noches, fecha_inicio, fecha_final, fecha_creacion, habitacion_id, huesped_id, plan_id, servicio_id) VALUES (301, 1, 40.183739452843355, 7, '2020-1-9', '2020-01-16', '2024-12-27T08:51:56.805Z', 1, 301, 2, 1); INSERT INTO persona (persona_id, cedula, nombre, fecha_nacimiento, genero, fecha_creacion) VALUES (302, '172787912', 'Cindy', '2010-10-15', 'Female to male transsexual man', '2024-02-15'); INSERT INTO huesped (huesped_id, persona_id) VALUES (302, 302); INSERT INTO reserva (reserva_id, numero_huespedes, precio_de_plan, cantidad_noches, fecha_inicio, fecha_final, fecha_creacion, habitacion_id, huesped_id, plan_id, servicio_id) VALUES (302, 3, 342.752267274969, 4, '2020-1-10', '2020-01-14', '2024-12-27T08:51:56.806Z', 1, 302, 1, 1); INSERT INTO persona (persona_id, cedula, nombre, fecha_nacimiento, genero, fecha_creacion) VALUES (303, '430910560', 'Skyla', '2011-05-10', 'Two-spirit person', '2024-05-26'); INSERT INTO huesped (huesped_id, persona_id) VALUES (303, 303); INSERT INTO reserva (reserva_id, numero_huespedes, precio_de_plan, cantidad_noches, fecha_inicio, fecha_final, fecha_creacion, habitacion_id, huesped_id, plan_id, servicio_id) VALUES (303, 4, 40.183739452843355, 6, '2020-1-15', '2020-01-21', '2024-12-27T08:51:56.806Z', 1, 303, 2, 2); INSERT INTO persona (persona_id, cedula, nombre, fecha_nacimiento, genero, fecha_creacion) VALUES (304, '991500230', 'Ellen', '2015-03-26', 'T* man', '2024-12-24'); INSERT INTO huesped (huesped_id, persona_id) VALUES (304, 304); INSERT INTO reserva (reserva_id, numero_huespedes, precio_de_plan, cantidad_noches, fecha_inicio, fecha_final, fecha_creacion, habitacion_id, huesped_id, plan_id, servicio_id) VALUES (304, 4, 40.183739452843355, 2, '2020-1-17', '2020-01-19', '2024-12-27T08:51:56.806Z', 1, 304, 2, 2); INSERT INTO persona (persona_id, cedula, nombre, fecha_nacimiento, genero, fecha_creacion) VALUES (305, '388532640', 'Anibal', '1979-04-08', 'Female to male trans man', '2024-01-04'); INSERT INTO huesped (huesped_id, persona_id) VALUES (305, 305); INSERT INTO reserva (reserva_id, numero_huespedes, precio_de_plan, cantidad_noches, fecha_inicio, fecha_final, fecha_creacion, habitacion_id, huesped_id, plan_id, servicio_id) VALUES (305, 3, 40.183739452843355, 4, '2020-1-19', '2020-01-23', '2024-12-27T08:51:56.806Z', 1, 305, 2, 2); INSERT INTO persona (persona_id, cedula, nombre, fecha_nacimiento, genero, fecha_creacion) VALUES (306, '195648048', 'Yesenia', '2024-03-20', 'Gender fluid', '2024-09-21'); INSERT INTO huesped (huesped_id, persona_id) VALUES (306, 306); INSERT INTO reserva (reserva_id, numero_huespedes, precio_de_plan, cantidad_noches, fecha_inicio, fecha_final, fecha_creacion, habitacion_id, huesped_id, plan_id, servicio_id) VALUES (306, 2, 40.183739452843355, 2, '2020-1-20', '2020-01-22', '2024-12-27T08:51:56.806Z', 1, 306, 2, 2); INSERT INTO persona (persona_id, cedula, nombre, fecha_nacimiento, genero, fecha_creacion) VALUES (307, '625707917', 'Colby', '2015-11-12', 'Xenogender', '2024-10-18'); INSERT INTO huesped (huesped_id, persona_id) VALUES (307, 307); INSERT INTO reserva (reserva_id, numero_huespedes, precio_de_plan, cantidad_noches, fecha_inicio, fecha_final, fecha_creacion, habitacion_id, huesped_id, plan_id, servicio_id) VALUES (307, 3, 40.183739452843355, 4, '2020-1-23', '2020-01-27', '2024-12-27T08:51:56.807Z', 1, 307, 2, 2); INSERT INTO persona (persona_id, cedula, nombre, fecha_nacimiento, genero, fecha_creacion) VALUES (308, '368742557', 'Jennie', '2006-05-31', 'Intersex', '2024-07-11'); INSERT INTO huesped (huesped_id, persona_id) VALUES (308, 308); INSERT INTO reserva (reserva_id, numero_huespedes, precio_de_plan, cantidad_noches, fecha_inicio, fecha_final, fecha_creacion, habitacion_id, huesped_id, plan_id, servicio_id) VALUES (308, 3, 342.752267274969, 4, '2020-1-29', '2020-02-02', '2024-12-27T08:51:56.808Z', 1, 308, 1, 1); INSERT INTO persona (persona_id, cedula, nombre, fecha_nacimiento, genero, fecha_creacion) VALUES (309, '468226376', 'Boris', '2009-04-14', 'FTM', '2024-03-30'); INSERT INTO huesped (huesped_id, persona_id) VALUES (309, 309); INSERT INTO reserva (reserva_id, numero_huespedes, precio_de_plan, cantidad_noches, fecha_inicio, fecha_final, fecha_creacion, habitacion_id, huesped_id, plan_id, servicio_id) VALUES (309, 4, 40.183739452843355, 6, '2020-4-1', '2020-04-07', '2024-12-27T08:51:56.808Z', 1, 309, 2, 2); INSERT INTO persona (persona_id, cedula, nombre, fecha_nacimiento, genero, fecha_creacion) VALUES (310, '843411271', 'Margaretta', '2014-12-30', 'Androgynous', '2023-01-24'); INSERT INTO huesped (huesped_id, persona_id) VALUES (310, 310); INSERT INTO reserva (reserva_id, numero_huespedes, precio_de_plan, cantidad_noches, fecha_inicio, fecha_final, fecha_creacion, habitacion_id, huesped_id, plan_id, servicio_id) VALUES (310, 3, 40.183739452843355, 7, '2020-4-1', '2020-04-08', '2024-12-27T08:51:56.808Z', 1, 310, 2, 1); INSERT INTO persona (persona_id, cedula, nombre, fecha_nacimiento, genero, fecha_creacion) VALUES (311, '569846849', 'Rebeka', '1970-04-19', 'Xenogender', '2024-07-08'); INSERT INTO huesped (huesped_id, persona_id) VALUES (311, 311); INSERT INTO reserva (reserva_id, numero_huespedes, precio_de_plan, cantidad_noches, fecha_inicio, fecha_final, fecha_creacion, habitacion_id, huesped_id, plan_id, servicio_id) VALUES (311, 1, 40.183739452843355, 7, '2020-4-1', '2020-04-08', '2024-12-27T08:51:56.808Z', 1, 311, 2, 1); INSERT INTO persona (persona_id, cedula, nombre, fecha_nacimiento, genero, fecha_creacion) VALUES (312, '741267640', 'Beulah', '2015-01-11', 'Female to male', '2024-04-20'); INSERT INTO huesped (huesped_id, persona_id) VALUES (312, 312); INSERT INTO reserva (reserva_id, numero_huespedes, precio_de_plan, cantidad_noches, fecha_inicio, fecha_final, fecha_creacion, habitacion_id, huesped_id, plan_id, servicio_id) VALUES (312, 1, 342.752267274969, 5, '2020-4-3', '2020-04-08', '2024-12-27T08:51:56.808Z', 1, 312, 1, 2); INSERT INTO persona (persona_id, cedula, nombre, fecha_nacimiento, genero, fecha_creacion) VALUES (313, '798306989', 'Alysson', '2003-02-14', 'Male to female transgender woman', '2024-06-14'); INSERT INTO huesped (huesped_id, persona_id) VALUES (313, 313); INSERT INTO reserva (reserva_id, numero_huespedes, precio_de_plan, cantidad_noches, fecha_inicio, fecha_final, fecha_creacion, habitacion_id, huesped_id, plan_id, servicio_id) VALUES (313, 1, 342.752267274969, 5, '2020-4-3', '2020-04-08', '2024-12-27T08:51:56.808Z', 1, 313, 1, 2); INSERT INTO persona (persona_id, cedula, nombre, fecha_nacimiento, genero, fecha_creacion) VALUES (314, '173650371', 'Candice', '2015-01-15', 'Transgender female', '2023-06-13'); INSERT INTO huesped (huesped_id, persona_id) VALUES (314, 314); INSERT INTO reserva (reserva_id, numero_huespedes, precio_de_plan, cantidad_noches, fecha_inicio, fecha_final, fecha_creacion, habitacion_id, huesped_id, plan_id, servicio_id) VALUES (314, 1, 342.752267274969, 1, '2020-4-3', '2020-04-04', '2024-12-27T08:51:56.808Z', 1, 314, 1, 1); INSERT INTO persona (persona_id, cedula, nombre, fecha_nacimiento, genero, fecha_creacion) VALUES (315, '608067058', 'Keshaun', '2018-07-20', 'Intersex person', '2024-03-11'); INSERT INTO huesped (huesped_id, persona_id) VALUES (315, 315); INSERT INTO reserva (reserva_id, numero_huespedes, precio_de_plan, cantidad_noches, fecha_inicio, fecha_final, fecha_creacion, habitacion_id, huesped_id, plan_id, servicio_id) VALUES (315, 3, 342.752267274969, 1, '2020-4-5', '2020-04-06', '2024-12-27T08:51:56.809Z', 1, 315, 1, 1); INSERT INTO persona (persona_id, cedula, nombre, fecha_nacimiento, genero, fecha_creacion) VALUES (316, '628351908', 'Noble', '2010-06-16', 'Demi-girl', '2024-12-01'); INSERT INTO huesped (huesped_id, persona_id) VALUES (316, 316); INSERT INTO reserva (reserva_id, numero_huespedes, precio_de_plan, cantidad_noches, fecha_inicio, fecha_final, fecha_creacion, habitacion_id, huesped_id, plan_id, servicio_id) VALUES (316, 4, 342.752267274969, 1, '2020-4-5', '2020-04-06', '2024-12-27T08:51:56.809Z', 1, 316, 1, 1); INSERT INTO persona (persona_id, cedula, nombre, fecha_nacimiento, genero, fecha_creacion) VALUES (317, '178582922', 'Torrance', '2015-03-19', 'FTM', '2024-06-08'); INSERT INTO huesped (huesped_id, persona_id) VALUES (317, 317); INSERT INTO reserva (reserva_id, numero_huespedes, precio_de_plan, cantidad_noches, fecha_inicio, fecha_final, fecha_creacion, habitacion_id, huesped_id, plan_id, servicio_id) VALUES (317, 4, 342.752267274969, 2, '2020-4-5', '2020-04-07', '2024-12-27T08:51:56.809Z', 1, 317, 1, 2); INSERT INTO persona (persona_id, cedula, nombre, fecha_nacimiento, genero, fecha_creacion) VALUES (318, '132717978', 'Enola', '2016-06-26', 'Transmasculine', '2024-08-05'); INSERT INTO huesped (huesped_id, persona_id) VALUES (318, 318); INSERT INTO reserva (reserva_id, numero_huespedes, precio_de_plan, cantidad_noches, fecha_inicio, fecha_final, fecha_creacion, habitacion_id, huesped_id, plan_id, servicio_id) VALUES (318, 4, 342.752267274969, 3, '2020-4-6', '2020-04-09', '2024-12-27T08:51:56.809Z', 1, 318, 1, 2); INSERT INTO persona (persona_id, cedula, nombre, fecha_nacimiento, genero, fecha_creacion) VALUES (319, '834541788', 'Miracle', '2021-03-07', 'Intersex', '2024-09-27'); INSERT INTO huesped (huesped_id, persona_id) VALUES (319, 319); INSERT INTO reserva (reserva_id, numero_huespedes, precio_de_plan, cantidad_noches, fecha_inicio, fecha_final, fecha_creacion, habitacion_id, huesped_id, plan_id, servicio_id) VALUES (319, 2, 40.183739452843355, 7, '2020-4-7', '2020-04-14', '2024-12-27T08:51:56.809Z', 1, 319, 2, 2); INSERT INTO persona (persona_id, cedula, nombre, fecha_nacimiento, genero, fecha_creacion) VALUES (320, '102847026', 'Lily', '1984-04-24', 'Genderflux', '2024-07-07'); INSERT INTO huesped (huesped_id, persona_id) VALUES (320, 320); INSERT INTO reserva (reserva_id, numero_huespedes, precio_de_plan, cantidad_noches, fecha_inicio, fecha_final, fecha_creacion, habitacion_id, huesped_id, plan_id, servicio_id) VALUES (320, 4, 40.183739452843355, 2, '2020-4-7', '2020-04-09', '2024-12-27T08:51:56.809Z', 1, 320, 2, 2); INSERT INTO persona (persona_id, cedula, nombre, fecha_nacimiento, genero, fecha_creacion) VALUES (321, '973812456', 'Alvah', '2017-07-01', 'Cis woman', '2024-02-06'); INSERT INTO huesped (huesped_id, persona_id) VALUES (321, 321); INSERT INTO reserva (reserva_id, numero_huespedes, precio_de_plan, cantidad_noches, fecha_inicio, fecha_final, fecha_creacion, habitacion_id, huesped_id, plan_id, servicio_id) VALUES (321, 1, 40.183739452843355, 3, '2020-4-7', '2020-04-10', '2024-12-27T08:51:56.809Z', 1, 321, 2, 1); INSERT INTO persona (persona_id, cedula, nombre, fecha_nacimiento, genero, fecha_creacion) VALUES (322, '621886793', 'Halle', '1979-09-04', 'Male to female', '2024-10-18'); INSERT INTO huesped (huesped_id, persona_id) VALUES (322, 322); INSERT INTO reserva (reserva_id, numero_huespedes, precio_de_plan, cantidad_noches, fecha_inicio, fecha_final, fecha_creacion, habitacion_id, huesped_id, plan_id, servicio_id) VALUES (322, 4, 342.752267274969, 7, '2020-4-9', '2020-04-16', '2024-12-27T08:51:56.809Z', 1, 322, 1, 2); INSERT INTO persona (persona_id, cedula, nombre, fecha_nacimiento, genero, fecha_creacion) VALUES (323, '937507856', 'Lilla', '1998-06-15', 'Trans male', '2024-05-15'); INSERT INTO huesped (huesped_id, persona_id) VALUES (323, 323); INSERT INTO reserva (reserva_id, numero_huespedes, precio_de_plan, cantidad_noches, fecha_inicio, fecha_final, fecha_creacion, habitacion_id, huesped_id, plan_id, servicio_id) VALUES (323, 2, 40.183739452843355, 2, '2020-4-9', '2020-04-11', '2024-12-27T08:51:56.809Z', 1, 323, 2, 1); INSERT INTO persona (persona_id, cedula, nombre, fecha_nacimiento, genero, fecha_creacion) VALUES (324, '716839764', 'Liana', '2014-10-29', 'Two* person', '2024-10-18'); INSERT INTO huesped (huesped_id, persona_id) VALUES (324, 324); INSERT INTO reserva (reserva_id, numero_huespedes, precio_de_plan, cantidad_noches, fecha_inicio, fecha_final, fecha_creacion, habitacion_id, huesped_id, plan_id, servicio_id) VALUES (324, 1, 40.183739452843355, 5, '2020-4-10', '2020-04-15', '2024-12-27T08:51:56.809Z', 1, 324, 2, 1); INSERT INTO persona (persona_id, cedula, nombre, fecha_nacimiento, genero, fecha_creacion) VALUES (325, '652875457', 'Trevion', '1998-03-17', 'Transsexual', '2024-04-03'); INSERT INTO huesped (huesped_id, persona_id) VALUES (325, 325); INSERT INTO reserva (reserva_id, numero_huespedes, precio_de_plan, cantidad_noches, fecha_inicio, fecha_final, fecha_creacion, habitacion_id, huesped_id, plan_id, servicio_id) VALUES (325, 4, 40.183739452843355, 1, '2020-4-10', '2020-04-11', '2024-12-27T08:51:56.809Z', 1, 325, 2, 1); INSERT INTO persona (persona_id, cedula, nombre, fecha_nacimiento, genero, fecha_creacion) VALUES (326, '384138734', 'Theresa', '1998-09-17', 'Transgender person', '2024-12-03'); INSERT INTO huesped (huesped_id, persona_id) VALUES (326, 326); INSERT INTO reserva (reserva_id, numero_huespedes, precio_de_plan, cantidad_noches, fecha_inicio, fecha_final, fecha_creacion, habitacion_id, huesped_id, plan_id, servicio_id) VALUES (326, 1, 342.752267274969, 7, '2020-4-10', '2020-04-17', '2024-12-27T08:51:56.809Z', 1, 326, 1, 1); INSERT INTO persona (persona_id, cedula, nombre, fecha_nacimiento, genero, fecha_creacion) VALUES (327, '784029808', 'Rosemarie', '1987-02-06', 'Other', '2024-11-30'); INSERT INTO huesped (huesped_id, persona_id) VALUES (327, 327); INSERT INTO reserva (reserva_id, numero_huespedes, precio_de_plan, cantidad_noches, fecha_inicio, fecha_final, fecha_creacion, habitacion_id, huesped_id, plan_id, servicio_id) VALUES (327, 2, 40.183739452843355, 7, '2020-4-11', '2020-04-18', '2024-12-27T08:51:56.809Z', 1, 327, 2, 2); INSERT INTO persona (persona_id, cedula, nombre, fecha_nacimiento, genero, fecha_creacion) VALUES (328, '544600979', 'Jessie', '2017-06-06', 'Pangender', '2024-04-21'); INSERT INTO huesped (huesped_id, persona_id) VALUES (328, 328); INSERT INTO reserva (reserva_id, numero_huespedes, precio_de_plan, cantidad_noches, fecha_inicio, fecha_final, fecha_creacion, habitacion_id, huesped_id, plan_id, servicio_id) VALUES (328, 4, 342.752267274969, 3, '2020-4-11', '2020-04-14', '2024-12-27T08:51:56.809Z', 1, 328, 1, 1); INSERT INTO persona (persona_id, cedula, nombre, fecha_nacimiento, genero, fecha_creacion) VALUES (329, '281525988', 'Carmen', '1997-12-15', 'Demi-boy', '2024-02-25'); INSERT INTO huesped (huesped_id, persona_id) VALUES (329, 329); INSERT INTO reserva (reserva_id, numero_huespedes, precio_de_plan, cantidad_noches, fecha_inicio, fecha_final, fecha_creacion, habitacion_id, huesped_id, plan_id, servicio_id) VALUES (329, 2, 40.183739452843355, 5, '2020-4-13', '2020-04-18', '2024-12-27T08:51:56.809Z', 1, 329, 2, 1); INSERT INTO persona (persona_id, cedula, nombre, fecha_nacimiento, genero, fecha_creacion) VALUES (330, '542548029', 'Barbara', '1973-02-25', 'Hermaphrodite', '2024-09-02'); INSERT INTO huesped (huesped_id, persona_id) VALUES (330, 330); INSERT INTO reserva (reserva_id, numero_huespedes, precio_de_plan, cantidad_noches, fecha_inicio, fecha_final, fecha_creacion, habitacion_id, huesped_id, plan_id, servicio_id) VALUES (330, 4, 40.183739452843355, 3, '2020-4-14', '2020-04-17', '2024-12-27T08:51:56.810Z', 1, 330, 2, 2); INSERT INTO persona (persona_id, cedula, nombre, fecha_nacimiento, genero, fecha_creacion) VALUES (331, '772087688', 'Gavin', '1999-04-18', 'Trans person', '2024-03-02'); INSERT INTO huesped (huesped_id, persona_id) VALUES (331, 331); INSERT INTO reserva (reserva_id, numero_huespedes, precio_de_plan, cantidad_noches, fecha_inicio, fecha_final, fecha_creacion, habitacion_id, huesped_id, plan_id, servicio_id) VALUES (331, 1, 342.752267274969, 3, '2020-4-14', '2020-04-17', '2024-12-27T08:51:56.810Z', 1, 331, 1, 1); INSERT INTO persona (persona_id, cedula, nombre, fecha_nacimiento, genero, fecha_creacion) VALUES (332, '622071305', 'Herta', '2003-11-25', 'Trans person', '2024-06-02'); INSERT INTO huesped (huesped_id, persona_id) VALUES (332, 332); INSERT INTO reserva (reserva_id, numero_huespedes, precio_de_plan, cantidad_noches, fecha_inicio, fecha_final, fecha_creacion, habitacion_id, huesped_id, plan_id, servicio_id) VALUES (332, 1, 342.752267274969, 7, '2020-4-15', '2020-04-22', '2024-12-27T08:51:56.810Z', 1, 332, 1, 2); INSERT INTO persona (persona_id, cedula, nombre, fecha_nacimiento, genero, fecha_creacion) VALUES (333, '781819505', 'Kacie', '2007-05-02', 'Gender questioning', '2024-02-02'); INSERT INTO huesped (huesped_id, persona_id) VALUES (333, 333); INSERT INTO reserva (reserva_id, numero_huespedes, precio_de_plan, cantidad_noches, fecha_inicio, fecha_final, fecha_creacion, habitacion_id, huesped_id, plan_id, servicio_id) VALUES (333, 2, 40.183739452843355, 2, '2020-4-15', '2020-04-17', '2024-12-27T08:51:56.810Z', 1, 333, 2, 2); INSERT INTO persona (persona_id, cedula, nombre, fecha_nacimiento, genero, fecha_creacion) VALUES (334, '885395459', 'Tyler', '2000-05-08', 'Intersex person', '2024-04-16'); INSERT INTO huesped (huesped_id, persona_id) VALUES (334, 334); INSERT INTO reserva (reserva_id, numero_huespedes, precio_de_plan, cantidad_noches, fecha_inicio, fecha_final, fecha_creacion, habitacion_id, huesped_id, plan_id, servicio_id) VALUES (334, 2, 40.183739452843355, 1, '2020-4-15', '2020-04-16', '2024-12-27T08:51:56.810Z', 1, 334, 2, 2); INSERT INTO persona (persona_id, cedula, nombre, fecha_nacimiento, genero, fecha_creacion) VALUES (335, '931650884', 'Josefa', '2012-09-20', 'Female to male', '2024-07-25'); INSERT INTO huesped (huesped_id, persona_id) VALUES (335, 335); INSERT INTO reserva (reserva_id, numero_huespedes, precio_de_plan, cantidad_noches, fecha_inicio, fecha_final, fecha_creacion, habitacion_id, huesped_id, plan_id, servicio_id) VALUES (335, 3, 40.183739452843355, 4, '2020-4-18', '2020-04-22', '2024-12-27T08:51:56.810Z', 1, 335, 2, 1); INSERT INTO persona (persona_id, cedula, nombre, fecha_nacimiento, genero, fecha_creacion) VALUES (336, '341211369', 'Sister', '2015-07-01', 'Transsexual female', '2023-01-13'); INSERT INTO huesped (huesped_id, persona_id) VALUES (336, 336); INSERT INTO reserva (reserva_id, numero_huespedes, precio_de_plan, cantidad_noches, fecha_inicio, fecha_final, fecha_creacion, habitacion_id, huesped_id, plan_id, servicio_id) VALUES (336, 3, 40.183739452843355, 7, '2020-4-18', '2020-04-25', '2024-12-27T08:51:56.810Z', 1, 336, 2, 1); INSERT INTO persona (persona_id, cedula, nombre, fecha_nacimiento, genero, fecha_creacion) VALUES (337, '168730475', 'Gladys', '2015-01-09', 'Omnigender', '2023-05-20'); INSERT INTO huesped (huesped_id, persona_id) VALUES (337, 337); INSERT INTO reserva (reserva_id, numero_huespedes, precio_de_plan, cantidad_noches, fecha_inicio, fecha_final, fecha_creacion, habitacion_id, huesped_id, plan_id, servicio_id) VALUES (337, 1, 342.752267274969, 5, '2020-4-18', '2020-04-23', '2024-12-27T08:51:56.810Z', 1, 337, 1, 2); INSERT INTO persona (persona_id, cedula, nombre, fecha_nacimiento, genero, fecha_creacion) VALUES (338, '833869212', 'Bradly', '2022-11-06', 'Woman', '2023-06-26'); INSERT INTO huesped (huesped_id, persona_id) VALUES (338, 338); INSERT INTO reserva (reserva_id, numero_huespedes, precio_de_plan, cantidad_noches, fecha_inicio, fecha_final, fecha_creacion, habitacion_id, huesped_id, plan_id, servicio_id) VALUES (338, 2, 342.752267274969, 3, '2020-4-19', '2020-04-22', '2024-12-27T08:51:56.810Z', 1, 338, 1, 2); INSERT INTO persona (persona_id, cedula, nombre, fecha_nacimiento, genero, fecha_creacion) VALUES (339, '703244227', 'Leonor', '2000-01-25', 'Demi-woman', '2023-02-27'); INSERT INTO huesped (huesped_id, persona_id) VALUES (339, 339); INSERT INTO reserva (reserva_id, numero_huespedes, precio_de_plan, cantidad_noches, fecha_inicio, fecha_final, fecha_creacion, habitacion_id, huesped_id, plan_id, servicio_id) VALUES (339, 4, 342.752267274969, 5, '2020-4-19', '2020-04-24', '2024-12-27T08:51:56.810Z', 1, 339, 1, 1); INSERT INTO persona (persona_id, cedula, nombre, fecha_nacimiento, genero, fecha_creacion) VALUES (340, '798049206', 'Zoe', '1982-10-18', 'Gender nonconforming', '2024-07-13'); INSERT INTO huesped (huesped_id, persona_id) VALUES (340, 340); INSERT INTO reserva (reserva_id, numero_huespedes, precio_de_plan, cantidad_noches, fecha_inicio, fecha_final, fecha_creacion, habitacion_id, huesped_id, plan_id, servicio_id) VALUES (340, 2, 342.752267274969, 2, '2020-4-19', '2020-04-21', '2024-12-27T08:51:56.810Z', 1, 340, 1, 2); INSERT INTO persona (persona_id, cedula, nombre, fecha_nacimiento, genero, fecha_creacion) VALUES (341, '734773532', 'Vernon', '2020-12-23', 'Cisgender female', '2024-12-18'); INSERT INTO huesped (huesped_id, persona_id) VALUES (341, 341); INSERT INTO reserva (reserva_id, numero_huespedes, precio_de_plan, cantidad_noches, fecha_inicio, fecha_final, fecha_creacion, habitacion_id, huesped_id, plan_id, servicio_id) VALUES (341, 2, 342.752267274969, 2, '2020-4-22', '2020-04-24', '2024-12-27T08:51:56.810Z', 1, 341, 1, 2); INSERT INTO persona (persona_id, cedula, nombre, fecha_nacimiento, genero, fecha_creacion) VALUES (342, '638169951', 'Rudolph', '2010-03-06', 'Female to male trans man', '2024-08-04'); INSERT INTO huesped (huesped_id, persona_id) VALUES (342, 342); INSERT INTO reserva (reserva_id, numero_huespedes, precio_de_plan, cantidad_noches, fecha_inicio, fecha_final, fecha_creacion, habitacion_id, huesped_id, plan_id, servicio_id) VALUES (342, 4, 342.752267274969, 2, '2020-4-28', '2020-04-30', '2024-12-27T08:51:56.811Z', 1, 342, 1, 2); INSERT INTO persona (persona_id, cedula, nombre, fecha_nacimiento, genero, fecha_creacion) VALUES (343, '824388161', 'Adrain', '2022-12-14', 'Two-spirit person', '2023-05-29'); INSERT INTO huesped (huesped_id, persona_id) VALUES (343, 343); INSERT INTO reserva (reserva_id, numero_huespedes, precio_de_plan, cantidad_noches, fecha_inicio, fecha_final, fecha_creacion, habitacion_id, huesped_id, plan_id, servicio_id) VALUES (343, 2, 342.752267274969, 1, '2020-4-28', '2020-04-29', '2024-12-27T08:51:56.811Z', 1, 343, 1, 2); INSERT INTO persona (persona_id, cedula, nombre, fecha_nacimiento, genero, fecha_creacion) VALUES (344, '449160267', 'Breanne', '1996-11-27', 'Demi-girl', '2024-11-09'); INSERT INTO huesped (huesped_id, persona_id) VALUES (344, 344); INSERT INTO reserva (reserva_id, numero_huespedes, precio_de_plan, cantidad_noches, fecha_inicio, fecha_final, fecha_creacion, habitacion_id, huesped_id, plan_id, servicio_id) VALUES (344, 2, 40.183739452843355, 7, '2020-4-28', '2020-05-05', '2024-12-27T08:51:56.811Z', 1, 344, 2, 1); INSERT INTO persona (persona_id, cedula, nombre, fecha_nacimiento, genero, fecha_creacion) VALUES (345, '908874487', 'Reba', '1976-07-15', 'Multigender', '2024-12-06'); INSERT INTO huesped (huesped_id, persona_id) VALUES (345, 345); INSERT INTO reserva (reserva_id, numero_huespedes, precio_de_plan, cantidad_noches, fecha_inicio, fecha_final, fecha_creacion, habitacion_id, huesped_id, plan_id, servicio_id) VALUES (345, 3, 342.752267274969, 7, '2020-4-30', '2020-05-07', '2024-12-27T08:51:56.811Z', 1, 345, 1, 2); INSERT INTO persona (persona_id, cedula, nombre, fecha_nacimiento, genero, fecha_creacion) VALUES (346, '479269279', 'Wanda', '2016-07-11', 'T* man', '2023-08-12'); INSERT INTO huesped (huesped_id, persona_id) VALUES (346, 346); INSERT INTO reserva (reserva_id, numero_huespedes, precio_de_plan, cantidad_noches, fecha_inicio, fecha_final, fecha_creacion, habitacion_id, huesped_id, plan_id, servicio_id) VALUES (346, 3, 40.183739452843355, 6, '2021-1-2', '2021-01-08', '2024-12-27T08:51:56.811Z', 1, 346, 2, 2); INSERT INTO persona (persona_id, cedula, nombre, fecha_nacimiento, genero, fecha_creacion) VALUES (347, '755897756', 'Elwyn', '2015-08-13', 'Pangender', '2024-01-20'); INSERT INTO huesped (huesped_id, persona_id) VALUES (347, 347); INSERT INTO reserva (reserva_id, numero_huespedes, precio_de_plan, cantidad_noches, fecha_inicio, fecha_final, fecha_creacion, habitacion_id, huesped_id, plan_id, servicio_id) VALUES (347, 2, 342.752267274969, 3, '2021-1-4', '2021-01-07', '2024-12-27T08:51:56.811Z', 1, 347, 1, 2); INSERT INTO persona (persona_id, cedula, nombre, fecha_nacimiento, genero, fecha_creacion) VALUES (348, '588221461', 'Winston', '1982-04-14', 'Cis man', '2024-03-27'); INSERT INTO huesped (huesped_id, persona_id) VALUES (348, 348); INSERT INTO reserva (reserva_id, numero_huespedes, precio_de_plan, cantidad_noches, fecha_inicio, fecha_final, fecha_creacion, habitacion_id, huesped_id, plan_id, servicio_id) VALUES (348, 4, 40.183739452843355, 3, '2021-1-5', '2021-01-08', '2024-12-27T08:51:56.811Z', 1, 348, 2, 1); INSERT INTO persona (persona_id, cedula, nombre, fecha_nacimiento, genero, fecha_creacion) VALUES (349, '248286736', 'Adaline', '2012-04-25', 'Transsexual woman', '2024-04-16'); INSERT INTO huesped (huesped_id, persona_id) VALUES (349, 349); INSERT INTO reserva (reserva_id, numero_huespedes, precio_de_plan, cantidad_noches, fecha_inicio, fecha_final, fecha_creacion, habitacion_id, huesped_id, plan_id, servicio_id) VALUES (349, 3, 342.752267274969, 1, '2021-1-6', '2021-01-07', '2024-12-27T08:51:56.811Z', 1, 349, 1, 1); INSERT INTO persona (persona_id, cedula, nombre, fecha_nacimiento, genero, fecha_creacion) VALUES (350, '396358242', 'Ethan', '2004-06-06', 'Cisgender male', '2023-05-16'); INSERT INTO huesped (huesped_id, persona_id) VALUES (350, 350); INSERT INTO reserva (reserva_id, numero_huespedes, precio_de_plan, cantidad_noches, fecha_inicio, fecha_final, fecha_creacion, habitacion_id, huesped_id, plan_id, servicio_id) VALUES (350, 1, 342.752267274969, 6, '2021-1-7', '2021-01-13', '2024-12-27T08:51:56.811Z', 1, 350, 1, 2); INSERT INTO persona (persona_id, cedula, nombre, fecha_nacimiento, genero, fecha_creacion) VALUES (351, '380740508', 'Griffin', '1996-07-26', 'Gender nonconforming', '2023-02-06'); INSERT INTO huesped (huesped_id, persona_id) VALUES (351, 351); INSERT INTO reserva (reserva_id, numero_huespedes, precio_de_plan, cantidad_noches, fecha_inicio, fecha_final, fecha_creacion, habitacion_id, huesped_id, plan_id, servicio_id) VALUES (351, 3, 40.183739452843355, 3, '2021-1-8', '2021-01-11', '2024-12-27T08:51:56.811Z', 1, 351, 2, 2); INSERT INTO persona (persona_id, cedula, nombre, fecha_nacimiento, genero, fecha_creacion) VALUES (352, '203347497', 'Reyna', '2010-09-09', 'Cis', '2024-02-02'); INSERT INTO huesped (huesped_id, persona_id) VALUES (352, 352); INSERT INTO reserva (reserva_id, numero_huespedes, precio_de_plan, cantidad_noches, fecha_inicio, fecha_final, fecha_creacion, habitacion_id, huesped_id, plan_id, servicio_id) VALUES (352, 1, 40.183739452843355, 1, '2021-1-9', '2021-01-10', '2024-12-27T08:51:56.811Z', 1, 352, 2, 2); INSERT INTO persona (persona_id, cedula, nombre, fecha_nacimiento, genero, fecha_creacion) VALUES (353, '712273655', 'Arthur', '2017-08-30', 'Gender nonconforming', '2024-09-12'); INSERT INTO huesped (huesped_id, persona_id) VALUES (353, 353); INSERT INTO reserva (reserva_id, numero_huespedes, precio_de_plan, cantidad_noches, fecha_inicio, fecha_final, fecha_creacion, habitacion_id, huesped_id, plan_id, servicio_id) VALUES (353, 4, 342.752267274969, 3, '2021-1-10', '2021-01-13', '2024-12-27T08:51:56.811Z', 1, 353, 1, 1); INSERT INTO persona (persona_id, cedula, nombre, fecha_nacimiento, genero, fecha_creacion) VALUES (354, '761641477', 'Terrill', '2004-12-22', 'Female to male', '2023-09-03'); INSERT INTO huesped (huesped_id, persona_id) VALUES (354, 354); INSERT INTO reserva (reserva_id, numero_huespedes, precio_de_plan, cantidad_noches, fecha_inicio, fecha_final, fecha_creacion, habitacion_id, huesped_id, plan_id, servicio_id) VALUES (354, 3, 342.752267274969, 1, '2021-1-11', '2021-01-12', '2024-12-27T08:51:56.811Z', 1, 354, 1, 1); INSERT INTO persona (persona_id, cedula, nombre, fecha_nacimiento, genero, fecha_creacion) VALUES (355, '940438392', 'Craig', '1999-04-08', 'Cisgender female', '2023-04-15'); INSERT INTO huesped (huesped_id, persona_id) VALUES (355, 355); INSERT INTO reserva (reserva_id, numero_huespedes, precio_de_plan, cantidad_noches, fecha_inicio, fecha_final, fecha_creacion, habitacion_id, huesped_id, plan_id, servicio_id) VALUES (355, 2, 40.183739452843355, 3, '2021-1-12', '2021-01-15', '2024-12-27T08:51:56.811Z', 1, 355, 2, 1); INSERT INTO persona (persona_id, cedula, nombre, fecha_nacimiento, genero, fecha_creacion) VALUES (356, '480222213', 'Beverly', '1985-05-26', 'M2F', '2024-08-01'); INSERT INTO huesped (huesped_id, persona_id) VALUES (356, 356); INSERT INTO reserva (reserva_id, numero_huespedes, precio_de_plan, cantidad_noches, fecha_inicio, fecha_final, fecha_creacion, habitacion_id, huesped_id, plan_id, servicio_id) VALUES (356, 2, 342.752267274969, 3, '2021-1-13', '2021-01-16', '2024-12-27T08:51:56.811Z', 1, 356, 1, 1); INSERT INTO persona (persona_id, cedula, nombre, fecha_nacimiento, genero, fecha_creacion) VALUES (357, '127287508', 'Katheryn', '2013-12-23', 'Demi-boy', '2024-01-22'); INSERT INTO huesped (huesped_id, persona_id) VALUES (357, 357); INSERT INTO reserva (reserva_id, numero_huespedes, precio_de_plan, cantidad_noches, fecha_inicio, fecha_final, fecha_creacion, habitacion_id, huesped_id, plan_id, servicio_id) VALUES (357, 4, 40.183739452843355, 1, '2021-1-15', '2021-01-16', '2024-12-27T08:51:56.811Z', 1, 357, 2, 1); INSERT INTO persona (persona_id, cedula, nombre, fecha_nacimiento, genero, fecha_creacion) VALUES (358, '574115979', 'Marcos', '1996-02-22', 'Multigender', '2024-03-10'); INSERT INTO huesped (huesped_id, persona_id) VALUES (358, 358); INSERT INTO reserva (reserva_id, numero_huespedes, precio_de_plan, cantidad_noches, fecha_inicio, fecha_final, fecha_creacion, habitacion_id, huesped_id, plan_id, servicio_id) VALUES (358, 4, 40.183739452843355, 1, '2021-1-18', '2021-01-19', '2024-12-27T08:51:56.811Z', 1, 358, 2, 2); INSERT INTO persona (persona_id, cedula, nombre, fecha_nacimiento, genero, fecha_creacion) VALUES (359, '749737750', 'Reggie', '2007-09-19', 'Genderflux', '2024-04-13'); INSERT INTO huesped (huesped_id, persona_id) VALUES (359, 359); INSERT INTO reserva (reserva_id, numero_huespedes, precio_de_plan, cantidad_noches, fecha_inicio, fecha_final, fecha_creacion, habitacion_id, huesped_id, plan_id, servicio_id) VALUES (359, 2, 342.752267274969, 4, '2021-1-19', '2021-01-23', '2024-12-27T08:51:56.811Z', 1, 359, 1, 2); INSERT INTO persona (persona_id, cedula, nombre, fecha_nacimiento, genero, fecha_creacion) VALUES (360, '995906904', 'Bertrand', '2014-09-27', 'Transmasculine', '2023-08-14'); INSERT INTO huesped (huesped_id, persona_id) VALUES (360, 360); INSERT INTO reserva (reserva_id, numero_huespedes, precio_de_plan, cantidad_noches, fecha_inicio, fecha_final, fecha_creacion, habitacion_id, huesped_id, plan_id, servicio_id) VALUES (360, 4, 40.183739452843355, 6, '2021-1-20', '2021-01-26', '2024-12-27T08:51:56.811Z', 1, 360, 2, 2); INSERT INTO persona (persona_id, cedula, nombre, fecha_nacimiento, genero, fecha_creacion) VALUES (361, '850114054', 'Arnoldo', '2009-06-15', 'Gender fluid', '2024-04-08'); INSERT INTO huesped (huesped_id, persona_id) VALUES (361, 361); INSERT INTO reserva (reserva_id, numero_huespedes, precio_de_plan, cantidad_noches, fecha_inicio, fecha_final, fecha_creacion, habitacion_id, huesped_id, plan_id, servicio_id) VALUES (361, 1, 342.752267274969, 4, '2021-1-21', '2021-01-25', '2024-12-27T08:51:56.811Z', 1, 361, 1, 2); INSERT INTO persona (persona_id, cedula, nombre, fecha_nacimiento, genero, fecha_creacion) VALUES (362, '826989598', 'Augustus', '2023-08-15', 'Pangender', '2024-04-04'); INSERT INTO huesped (huesped_id, persona_id) VALUES (362, 362); INSERT INTO reserva (reserva_id, numero_huespedes, precio_de_plan, cantidad_noches, fecha_inicio, fecha_final, fecha_creacion, habitacion_id, huesped_id, plan_id, servicio_id) VALUES (362, 3, 40.183739452843355, 1, '2021-1-22', '2021-01-23', '2024-12-27T08:51:56.811Z', 1, 362, 2, 2); INSERT INTO persona (persona_id, cedula, nombre, fecha_nacimiento, genero, fecha_creacion) VALUES (363, '553026083', 'Antonia', '1994-05-02', 'Cisgender male', '2024-05-02'); INSERT INTO huesped (huesped_id, persona_id) VALUES (363, 363); INSERT INTO reserva (reserva_id, numero_huespedes, precio_de_plan, cantidad_noches, fecha_inicio, fecha_final, fecha_creacion, habitacion_id, huesped_id, plan_id, servicio_id) VALUES (363, 2, 342.752267274969, 3, '2021-1-24', '2021-01-27', '2024-12-27T08:51:56.811Z', 1, 363, 1, 1); INSERT INTO persona (persona_id, cedula, nombre, fecha_nacimiento, genero, fecha_creacion) VALUES (364, '207777890', 'Hadley', '2006-04-22', 'Female to male trans man', '2023-12-23'); INSERT INTO huesped (huesped_id, persona_id) VALUES (364, 364); INSERT INTO reserva (reserva_id, numero_huespedes, precio_de_plan, cantidad_noches, fecha_inicio, fecha_final, fecha_creacion, habitacion_id, huesped_id, plan_id, servicio_id) VALUES (364, 3, 342.752267274969, 7, '2021-1-26', '2021-02-02', '2024-12-27T08:51:56.811Z', 1, 364, 1, 1); INSERT INTO persona (persona_id, cedula, nombre, fecha_nacimiento, genero, fecha_creacion) VALUES (365, '766156321', 'Domingo', '1979-08-01', 'Neutrois', '2024-07-25'); INSERT INTO huesped (huesped_id, persona_id) VALUES (365, 365); INSERT INTO reserva (reserva_id, numero_huespedes, precio_de_plan, cantidad_noches, fecha_inicio, fecha_final, fecha_creacion, habitacion_id, huesped_id, plan_id, servicio_id) VALUES (365, 3, 40.183739452843355, 6, '2021-1-30', '2021-02-05', '2024-12-27T08:51:56.811Z', 1, 365, 2, 2); INSERT INTO persona (persona_id, cedula, nombre, fecha_nacimiento, genero, fecha_creacion) VALUES (366, '857327560', 'Eduardo', '2015-11-26', 'Bigender', '2023-09-12'); INSERT INTO huesped (huesped_id, persona_id) VALUES (366, 366); INSERT INTO reserva (reserva_id, numero_huespedes, precio_de_plan, cantidad_noches, fecha_inicio, fecha_final, fecha_creacion, habitacion_id, huesped_id, plan_id, servicio_id) VALUES (366, 3, 40.183739452843355, 1, '2021-1-31', '2021-02-01', '2024-12-27T08:51:56.811Z', 1, 366, 2, 2); INSERT INTO persona (persona_id, cedula, nombre, fecha_nacimiento, genero, fecha_creacion) VALUES (367, '148065053', 'Anabelle', '2000-05-30', 'Female to male trans man', '2023-12-10'); INSERT INTO huesped (huesped_id, persona_id) VALUES (367, 367); INSERT INTO reserva (reserva_id, numero_huespedes, precio_de_plan, cantidad_noches, fecha_inicio, fecha_final, fecha_creacion, habitacion_id, huesped_id, plan_id, servicio_id) VALUES (367, 2, 342.752267274969, 3, '2021-1-2', '2021-01-05', '2024-12-27T08:51:56.811Z', 1, 367, 1, 2); INSERT INTO persona (persona_id, cedula, nombre, fecha_nacimiento, genero, fecha_creacion) VALUES (368, '908698879', 'Mateo', '1988-11-29', 'Trans woman', '2024-06-25'); INSERT INTO huesped (huesped_id, persona_id) VALUES (368, 368); INSERT INTO reserva (reserva_id, numero_huespedes, precio_de_plan, cantidad_noches, fecha_inicio, fecha_final, fecha_creacion, habitacion_id, huesped_id, plan_id, servicio_id) VALUES (368, 3, 40.183739452843355, 7, '2021-1-5', '2021-01-12', '2024-12-27T08:51:56.811Z', 1, 368, 2, 2); INSERT INTO persona (persona_id, cedula, nombre, fecha_nacimiento, genero, fecha_creacion) VALUES (369, '891405004', 'Bernie', '1975-04-20', 'Transsexual woman', '2023-11-16'); INSERT INTO huesped (huesped_id, persona_id) VALUES (369, 369); INSERT INTO reserva (reserva_id, numero_huespedes, precio_de_plan, cantidad_noches, fecha_inicio, fecha_final, fecha_creacion, habitacion_id, huesped_id, plan_id, servicio_id) VALUES (369, 1, 40.183739452843355, 1, '2021-1-10', '2021-01-11', '2024-12-27T08:51:56.812Z', 1, 369, 2, 2); INSERT INTO persona (persona_id, cedula, nombre, fecha_nacimiento, genero, fecha_creacion) VALUES (370, '489353308', 'Candida', '2002-08-22', 'Cisgender man', '2024-05-11'); INSERT INTO huesped (huesped_id, persona_id) VALUES (370, 370); INSERT INTO reserva (reserva_id, numero_huespedes, precio_de_plan, cantidad_noches, fecha_inicio, fecha_final, fecha_creacion, habitacion_id, huesped_id, plan_id, servicio_id) VALUES (370, 3, 40.183739452843355, 2, '2021-1-11', '2021-01-13', '2024-12-27T08:51:56.812Z', 1, 370, 2, 2); INSERT INTO persona (persona_id, cedula, nombre, fecha_nacimiento, genero, fecha_creacion) VALUES (371, '550753892', 'Maybell', '2014-04-29', 'M2F', '2024-06-19'); INSERT INTO huesped (huesped_id, persona_id) VALUES (371, 371); INSERT INTO reserva (reserva_id, numero_huespedes, precio_de_plan, cantidad_noches, fecha_inicio, fecha_final, fecha_creacion, habitacion_id, huesped_id, plan_id, servicio_id) VALUES (371, 1, 40.183739452843355, 2, '2021-1-13', '2021-01-15', '2024-12-27T08:51:56.812Z', 1, 371, 2, 2); INSERT INTO persona (persona_id, cedula, nombre, fecha_nacimiento, genero, fecha_creacion) VALUES (372, '846515473', 'Naomi', '2013-11-24', 'Intersex woman', '2023-05-04'); INSERT INTO huesped (huesped_id, persona_id) VALUES (372, 372); INSERT INTO reserva (reserva_id, numero_huespedes, precio_de_plan, cantidad_noches, fecha_inicio, fecha_final, fecha_creacion, habitacion_id, huesped_id, plan_id, servicio_id) VALUES (372, 2, 40.183739452843355, 5, '2021-1-14', '2021-01-19', '2024-12-27T08:51:56.812Z', 1, 372, 2, 1); INSERT INTO persona (persona_id, cedula, nombre, fecha_nacimiento, genero, fecha_creacion) VALUES (373, '308697807', 'Price', '2007-03-10', 'Female to male transgender man', '2024-12-16'); INSERT INTO huesped (huesped_id, persona_id) VALUES (373, 373); INSERT INTO reserva (reserva_id, numero_huespedes, precio_de_plan, cantidad_noches, fecha_inicio, fecha_final, fecha_creacion, habitacion_id, huesped_id, plan_id, servicio_id) VALUES (373, 2, 342.752267274969, 3, '2021-1-15', '2021-01-18', '2024-12-27T08:51:56.812Z', 1, 373, 1, 2); INSERT INTO persona (persona_id, cedula, nombre, fecha_nacimiento, genero, fecha_creacion) VALUES (374, '644099695', 'Ole', '1978-08-07', 'Man', '2024-05-05'); INSERT INTO huesped (huesped_id, persona_id) VALUES (374, 374); INSERT INTO reserva (reserva_id, numero_huespedes, precio_de_plan, cantidad_noches, fecha_inicio, fecha_final, fecha_creacion, habitacion_id, huesped_id, plan_id, servicio_id) VALUES (374, 3, 40.183739452843355, 3, '2021-1-16', '2021-01-19', '2024-12-27T08:51:56.812Z', 1, 374, 2, 1); INSERT INTO persona (persona_id, cedula, nombre, fecha_nacimiento, genero, fecha_creacion) VALUES (375, '562540530', 'Tristian', '2004-01-31', 'Intersex man', '2023-02-17'); INSERT INTO huesped (huesped_id, persona_id) VALUES (375, 375); INSERT INTO reserva (reserva_id, numero_huespedes, precio_de_plan, cantidad_noches, fecha_inicio, fecha_final, fecha_creacion, habitacion_id, huesped_id, plan_id, servicio_id) VALUES (375, 2, 40.183739452843355, 4, '2021-1-18', '2021-01-22', '2024-12-27T08:51:56.812Z', 1, 375, 2, 1); INSERT INTO persona (persona_id, cedula, nombre, fecha_nacimiento, genero, fecha_creacion) VALUES (376, '791193405', 'Peyton', '2013-08-03', 'Cis man', '2024-12-02'); INSERT INTO huesped (huesped_id, persona_id) VALUES (376, 376); INSERT INTO reserva (reserva_id, numero_huespedes, precio_de_plan, cantidad_noches, fecha_inicio, fecha_final, fecha_creacion, habitacion_id, huesped_id, plan_id, servicio_id) VALUES (376, 1, 342.752267274969, 5, '2021-1-20', '2021-01-25', '2024-12-27T08:51:56.812Z', 1, 376, 1, 2); INSERT INTO persona (persona_id, cedula, nombre, fecha_nacimiento, genero, fecha_creacion) VALUES (377, '626136683', 'Willow', '2019-10-19', 'Two-spirit', '2023-01-23'); INSERT INTO huesped (huesped_id, persona_id) VALUES (377, 377); INSERT INTO reserva (reserva_id, numero_huespedes, precio_de_plan, cantidad_noches, fecha_inicio, fecha_final, fecha_creacion, habitacion_id, huesped_id, plan_id, servicio_id) VALUES (377, 1, 40.183739452843355, 6, '2021-1-23', '2021-01-29', '2024-12-27T08:51:56.812Z', 1, 377, 2, 1); INSERT INTO persona (persona_id, cedula, nombre, fecha_nacimiento, genero, fecha_creacion) VALUES (378, '564061261', 'Kylee', '1987-08-01', 'Trigender', '2023-04-21'); INSERT INTO huesped (huesped_id, persona_id) VALUES (378, 378); INSERT INTO reserva (reserva_id, numero_huespedes, precio_de_plan, cantidad_noches, fecha_inicio, fecha_final, fecha_creacion, habitacion_id, huesped_id, plan_id, servicio_id) VALUES (378, 2, 342.752267274969, 6, '2021-1-24', '2021-01-30', '2024-12-27T08:51:56.812Z', 1, 378, 1, 1); INSERT INTO persona (persona_id, cedula, nombre, fecha_nacimiento, genero, fecha_creacion) VALUES (379, '874296961', 'Hortense', '2009-09-02', 'Male to female transgender woman', '2024-12-17'); INSERT INTO huesped (huesped_id, persona_id) VALUES (379, 379); INSERT INTO reserva (reserva_id, numero_huespedes, precio_de_plan, cantidad_noches, fecha_inicio, fecha_final, fecha_creacion, habitacion_id, huesped_id, plan_id, servicio_id) VALUES (379, 2, 342.752267274969, 5, '2021-1-25', '2021-01-30', '2024-12-27T08:51:56.812Z', 1, 379, 1, 1); INSERT INTO persona (persona_id, cedula, nombre, fecha_nacimiento, genero, fecha_creacion) VALUES (380, '857082594', 'Trudie', '2018-04-02', 'Demigender', '2023-10-10'); INSERT INTO huesped (huesped_id, persona_id) VALUES (380, 380); INSERT INTO reserva (reserva_id, numero_huespedes, precio_de_plan, cantidad_noches, fecha_inicio, fecha_final, fecha_creacion, habitacion_id, huesped_id, plan_id, servicio_id) VALUES (380, 3, 40.183739452843355, 7, '2021-1-26', '2021-02-02', '2024-12-27T08:51:56.812Z', 1, 380, 2, 2); INSERT INTO persona (persona_id, cedula, nombre, fecha_nacimiento, genero, fecha_creacion) VALUES (381, '262843801', 'Josefa', '1970-04-12', 'Intersex man', '2024-08-12'); INSERT INTO huesped (huesped_id, persona_id) VALUES (381, 381); INSERT INTO reserva (reserva_id, numero_huespedes, precio_de_plan, cantidad_noches, fecha_inicio, fecha_final, fecha_creacion, habitacion_id, huesped_id, plan_id, servicio_id) VALUES (381, 1, 40.183739452843355, 1, '2021-1-27', '2021-01-28', '2024-12-27T08:51:56.812Z', 1, 381, 2, 1); INSERT INTO persona (persona_id, cedula, nombre, fecha_nacimiento, genero, fecha_creacion) VALUES (382, '719707553', 'Minnie', '2012-06-25', 'Trans man', '2024-04-01'); INSERT INTO huesped (huesped_id, persona_id) VALUES (382, 382); INSERT INTO reserva (reserva_id, numero_huespedes, precio_de_plan, cantidad_noches, fecha_inicio, fecha_final, fecha_creacion, habitacion_id, huesped_id, plan_id, servicio_id) VALUES (382, 3, 342.752267274969, 7, '2021-1-28', '2021-02-04', '2024-12-27T08:51:56.812Z', 1, 382, 1, 2); INSERT INTO persona (persona_id, cedula, nombre, fecha_nacimiento, genero, fecha_creacion) VALUES (383, '446162619', 'Lawson', '1999-09-28', 'Male to female trans woman', '2024-06-10'); INSERT INTO huesped (huesped_id, persona_id) VALUES (383, 383); INSERT INTO reserva (reserva_id, numero_huespedes, precio_de_plan, cantidad_noches, fecha_inicio, fecha_final, fecha_creacion, habitacion_id, huesped_id, plan_id, servicio_id) VALUES (383, 2, 40.183739452843355, 5, '2021-1-29', '2021-02-03', '2024-12-27T08:51:56.812Z', 1, 383, 2, 1); INSERT INTO persona (persona_id, cedula, nombre, fecha_nacimiento, genero, fecha_creacion) VALUES (384, '412192887', 'Vickie', '1998-01-26', 'Intersex person', '2024-02-28'); INSERT INTO huesped (huesped_id, persona_id) VALUES (384, 384); INSERT INTO reserva (reserva_id, numero_huespedes, precio_de_plan, cantidad_noches, fecha_inicio, fecha_final, fecha_creacion, habitacion_id, huesped_id, plan_id, servicio_id) VALUES (384, 1, 40.183739452843355, 2, '2021-1-31', '2021-02-02', '2024-12-27T08:51:56.812Z', 1, 384, 2, 2); INSERT INTO persona (persona_id, cedula, nombre, fecha_nacimiento, genero, fecha_creacion) VALUES (385, '199493082', 'Mariane', '1982-04-22', 'Female to male transgender man', '2023-05-03'); INSERT INTO huesped (huesped_id, persona_id) VALUES (385, 385); INSERT INTO reserva (reserva_id, numero_huespedes, precio_de_plan, cantidad_noches, fecha_inicio, fecha_final, fecha_creacion, habitacion_id, huesped_id, plan_id, servicio_id) VALUES (385, 1, 40.183739452843355, 4, '2021-1-2', '2021-01-06', '2024-12-27T08:51:56.812Z', 1, 385, 2, 1); INSERT INTO persona (persona_id, cedula, nombre, fecha_nacimiento, genero, fecha_creacion) VALUES (386, '883033178', 'Elouise', '2007-03-21', 'Pangender', '2024-06-18'); INSERT INTO huesped (huesped_id, persona_id) VALUES (386, 386); INSERT INTO reserva (reserva_id, numero_huespedes, precio_de_plan, cantidad_noches, fecha_inicio, fecha_final, fecha_creacion, habitacion_id, huesped_id, plan_id, servicio_id) VALUES (386, 2, 40.183739452843355, 5, '2021-1-3', '2021-01-08', '2024-12-27T08:51:56.812Z', 1, 386, 2, 2); INSERT INTO persona (persona_id, cedula, nombre, fecha_nacimiento, genero, fecha_creacion) VALUES (387, '180078566', 'Myrl', '1997-07-27', 'Cisgender female', '2024-09-03'); INSERT INTO huesped (huesped_id, persona_id) VALUES (387, 387); INSERT INTO reserva (reserva_id, numero_huespedes, precio_de_plan, cantidad_noches, fecha_inicio, fecha_final, fecha_creacion, habitacion_id, huesped_id, plan_id, servicio_id) VALUES (387, 4, 342.752267274969, 7, '2021-1-4', '2021-01-11', '2024-12-27T08:51:56.812Z', 1, 387, 1, 2); INSERT INTO persona (persona_id, cedula, nombre, fecha_nacimiento, genero, fecha_creacion) VALUES (388, '898622193', 'Felicia', '1976-02-07', 'Cisgender male', '2024-11-05'); INSERT INTO huesped (huesped_id, persona_id) VALUES (388, 388); INSERT INTO reserva (reserva_id, numero_huespedes, precio_de_plan, cantidad_noches, fecha_inicio, fecha_final, fecha_creacion, habitacion_id, huesped_id, plan_id, servicio_id) VALUES (388, 2, 342.752267274969, 5, '2021-1-5', '2021-01-10', '2024-12-27T08:51:56.812Z', 1, 388, 1, 1); INSERT INTO persona (persona_id, cedula, nombre, fecha_nacimiento, genero, fecha_creacion) VALUES (389, '189874644', 'Winifred', '2023-08-25', 'Gender variant', '2024-03-15'); INSERT INTO huesped (huesped_id, persona_id) VALUES (389, 389); INSERT INTO reserva (reserva_id, numero_huespedes, precio_de_plan, cantidad_noches, fecha_inicio, fecha_final, fecha_creacion, habitacion_id, huesped_id, plan_id, servicio_id) VALUES (389, 3, 40.183739452843355, 3, '2021-1-6', '2021-01-09', '2024-12-27T08:51:56.812Z', 1, 389, 2, 2); INSERT INTO persona (persona_id, cedula, nombre, fecha_nacimiento, genero, fecha_creacion) VALUES (390, '241262842', 'Alison', '2022-08-07', 'Cis woman', '2024-12-02'); INSERT INTO huesped (huesped_id, persona_id) VALUES (390, 390); INSERT INTO reserva (reserva_id, numero_huespedes, precio_de_plan, cantidad_noches, fecha_inicio, fecha_final, fecha_creacion, habitacion_id, huesped_id, plan_id, servicio_id) VALUES (390, 3, 342.752267274969, 4, '2021-1-7', '2021-01-11', '2024-12-27T08:51:56.812Z', 1, 390, 1, 1); INSERT INTO persona (persona_id, cedula, nombre, fecha_nacimiento, genero, fecha_creacion) VALUES (391, '477711714', 'Zechariah', '1992-06-13', 'Two-spirit', '2024-07-04'); INSERT INTO huesped (huesped_id, persona_id) VALUES (391, 391); INSERT INTO reserva (reserva_id, numero_huespedes, precio_de_plan, cantidad_noches, fecha_inicio, fecha_final, fecha_creacion, habitacion_id, huesped_id, plan_id, servicio_id) VALUES (391, 4, 40.183739452843355, 5, '2021-1-8', '2021-01-13', '2024-12-27T08:51:56.812Z', 1, 391, 2, 1); INSERT INTO persona (persona_id, cedula, nombre, fecha_nacimiento, genero, fecha_creacion) VALUES (392, '243852880', 'Merle', '1999-06-09', 'Transsexual', '2024-10-23'); INSERT INTO huesped (huesped_id, persona_id) VALUES (392, 392); INSERT INTO reserva (reserva_id, numero_huespedes, precio_de_plan, cantidad_noches, fecha_inicio, fecha_final, fecha_creacion, habitacion_id, huesped_id, plan_id, servicio_id) VALUES (392, 2, 342.752267274969, 1, '2021-1-13', '2021-01-14', '2024-12-27T08:51:56.812Z', 1, 392, 1, 1); INSERT INTO persona (persona_id, cedula, nombre, fecha_nacimiento, genero, fecha_creacion) VALUES (393, '482927158', 'Estell', '2008-06-12', 'Androgynous', '2024-06-15'); INSERT INTO huesped (huesped_id, persona_id) VALUES (393, 393); INSERT INTO reserva (reserva_id, numero_huespedes, precio_de_plan, cantidad_noches, fecha_inicio, fecha_final, fecha_creacion, habitacion_id, huesped_id, plan_id, servicio_id) VALUES (393, 1, 40.183739452843355, 5, '2021-1-14', '2021-01-19', '2024-12-27T08:51:56.812Z', 1, 393, 2, 1); INSERT INTO persona (persona_id, cedula, nombre, fecha_nacimiento, genero, fecha_creacion) VALUES (394, '925564448', 'Cameron', '2016-03-09', 'M2F', '2024-11-07'); INSERT INTO huesped (huesped_id, persona_id) VALUES (394, 394); INSERT INTO reserva (reserva_id, numero_huespedes, precio_de_plan, cantidad_noches, fecha_inicio, fecha_final, fecha_creacion, habitacion_id, huesped_id, plan_id, servicio_id) VALUES (394, 2, 40.183739452843355, 6, '2021-1-16', '2021-01-22', '2024-12-27T08:51:56.812Z', 1, 394, 2, 2); INSERT INTO persona (persona_id, cedula, nombre, fecha_nacimiento, genero, fecha_creacion) VALUES (395, '208335421', 'Alberta', '2008-08-25', 'Genderqueer', '2024-01-01'); INSERT INTO huesped (huesped_id, persona_id) VALUES (395, 395); INSERT INTO reserva (reserva_id, numero_huespedes, precio_de_plan, cantidad_noches, fecha_inicio, fecha_final, fecha_creacion, habitacion_id, huesped_id, plan_id, servicio_id) VALUES (395, 2, 40.183739452843355, 5, '2021-1-17', '2021-01-22', '2024-12-27T08:51:56.812Z', 1, 395, 2, 1); INSERT INTO persona (persona_id, cedula, nombre, fecha_nacimiento, genero, fecha_creacion) VALUES (396, '543893205', 'Harmony', '2000-01-09', 'Cisgender woman', '2024-04-16'); INSERT INTO huesped (huesped_id, persona_id) VALUES (396, 396); INSERT INTO reserva (reserva_id, numero_huespedes, precio_de_plan, cantidad_noches, fecha_inicio, fecha_final, fecha_creacion, habitacion_id, huesped_id, plan_id, servicio_id) VALUES (396, 3, 342.752267274969, 6, '2021-1-18', '2021-01-24', '2024-12-27T08:51:56.812Z', 1, 396, 1, 1); INSERT INTO persona (persona_id, cedula, nombre, fecha_nacimiento, genero, fecha_creacion) VALUES (397, '584000648', 'Eve', '2021-04-25', 'Omnigender', '2023-07-03'); INSERT INTO huesped (huesped_id, persona_id) VALUES (397, 397); INSERT INTO reserva (reserva_id, numero_huespedes, precio_de_plan, cantidad_noches, fecha_inicio, fecha_final, fecha_creacion, habitacion_id, huesped_id, plan_id, servicio_id) VALUES (397, 2, 40.183739452843355, 5, '2021-1-20', '2021-01-25', '2024-12-27T08:51:56.812Z', 1, 397, 2, 2); INSERT INTO persona (persona_id, cedula, nombre, fecha_nacimiento, genero, fecha_creacion) VALUES (398, '264896080', 'Anahi', '2017-07-12', 'Trigender', '2024-11-23'); INSERT INTO huesped (huesped_id, persona_id) VALUES (398, 398); INSERT INTO reserva (reserva_id, numero_huespedes, precio_de_plan, cantidad_noches, fecha_inicio, fecha_final, fecha_creacion, habitacion_id, huesped_id, plan_id, servicio_id) VALUES (398, 4, 40.183739452843355, 6, '2021-1-24', '2021-01-30', '2024-12-27T08:51:56.812Z', 1, 398, 2, 2); INSERT INTO persona (persona_id, cedula, nombre, fecha_nacimiento, genero, fecha_creacion) VALUES (399, '984402541', 'Osvaldo', '1969-07-04', 'Demi-woman', '2024-07-25'); INSERT INTO huesped (huesped_id, persona_id) VALUES (399, 399); INSERT INTO reserva (reserva_id, numero_huespedes, precio_de_plan, cantidad_noches, fecha_inicio, fecha_final, fecha_creacion, habitacion_id, huesped_id, plan_id, servicio_id) VALUES (399, 3, 342.752267274969, 7, '2021-1-27', '2021-02-03', '2024-12-27T08:51:56.813Z', 1, 399, 1, 2); INSERT INTO persona (persona_id, cedula, nombre, fecha_nacimiento, genero, fecha_creacion) VALUES (400, '149118071', 'Bettye', '2004-05-03', 'Two* person', '2024-06-04'); INSERT INTO huesped (huesped_id, persona_id) VALUES (400, 400); INSERT INTO reserva (reserva_id, numero_huespedes, precio_de_plan, cantidad_noches, fecha_inicio, fecha_final, fecha_creacion, habitacion_id, huesped_id, plan_id, servicio_id) VALUES (400, 3, 40.183739452843355, 2, '2021-1-30', '2021-02-01', '2024-12-27T08:51:56.813Z', 1, 400, 2, 1); INSERT INTO persona (persona_id, cedula, nombre, fecha_nacimiento, genero, fecha_creacion) VALUES (401, '655725365', 'Francesca', '2000-07-23', 'Trigender', '2024-05-31'); INSERT INTO huesped (huesped_id, persona_id) VALUES (401, 401); INSERT INTO reserva (reserva_id, numero_huespedes, precio_de_plan, cantidad_noches, fecha_inicio, fecha_final, fecha_creacion, habitacion_id, huesped_id, plan_id, servicio_id) VALUES (401, 4, 342.752267274969, 2, '2021-1-31', '2021-02-02', '2024-12-27T08:51:56.813Z', 1, 401, 1, 2); INSERT INTO persona (persona_id, cedula, nombre, fecha_nacimiento, genero, fecha_creacion) VALUES (402, '662704891', 'Minerva', '1991-09-12', 'Gender fluid', '2024-05-22'); INSERT INTO huesped (huesped_id, persona_id) VALUES (402, 402); INSERT INTO reserva (reserva_id, numero_huespedes, precio_de_plan, cantidad_noches, fecha_inicio, fecha_final, fecha_creacion, habitacion_id, huesped_id, plan_id, servicio_id) VALUES (402, 4, 40.183739452843355, 3, '2021-4-1', '2021-04-04', '2024-12-27T08:51:56.813Z', 1, 402, 2, 1); INSERT INTO persona (persona_id, cedula, nombre, fecha_nacimiento, genero, fecha_creacion) VALUES (403, '303332208', 'Kylie', '2005-11-18', 'FTM', '2024-11-19'); INSERT INTO huesped (huesped_id, persona_id) VALUES (403, 403); INSERT INTO reserva (reserva_id, numero_huespedes, precio_de_plan, cantidad_noches, fecha_inicio, fecha_final, fecha_creacion, habitacion_id, huesped_id, plan_id, servicio_id) VALUES (403, 2, 40.183739452843355, 4, '2021-4-2', '2021-04-06', '2024-12-27T08:51:56.813Z', 1, 403, 2, 2); INSERT INTO persona (persona_id, cedula, nombre, fecha_nacimiento, genero, fecha_creacion) VALUES (404, '904021466', 'Alex', '1990-03-10', 'Cisgender female', '2023-10-01'); INSERT INTO huesped (huesped_id, persona_id) VALUES (404, 404); INSERT INTO reserva (reserva_id, numero_huespedes, precio_de_plan, cantidad_noches, fecha_inicio, fecha_final, fecha_creacion, habitacion_id, huesped_id, plan_id, servicio_id) VALUES (404, 2, 342.752267274969, 3, '2021-4-2', '2021-04-05', '2024-12-27T08:51:56.813Z', 1, 404, 1, 1); INSERT INTO persona (persona_id, cedula, nombre, fecha_nacimiento, genero, fecha_creacion) VALUES (405, '873751440', 'Gerardo', '2012-12-03', 'Cisgender', '2024-06-12'); INSERT INTO huesped (huesped_id, persona_id) VALUES (405, 405); INSERT INTO reserva (reserva_id, numero_huespedes, precio_de_plan, cantidad_noches, fecha_inicio, fecha_final, fecha_creacion, habitacion_id, huesped_id, plan_id, servicio_id) VALUES (405, 4, 342.752267274969, 7, '2021-4-2', '2021-04-09', '2024-12-27T08:51:56.813Z', 1, 405, 1, 2); INSERT INTO persona (persona_id, cedula, nombre, fecha_nacimiento, genero, fecha_creacion) VALUES (406, '396659356', 'Fritz', '2020-09-06', 'Woman', '2024-02-26'); INSERT INTO huesped (huesped_id, persona_id) VALUES (406, 406); INSERT INTO reserva (reserva_id, numero_huespedes, precio_de_plan, cantidad_noches, fecha_inicio, fecha_final, fecha_creacion, habitacion_id, huesped_id, plan_id, servicio_id) VALUES (406, 3, 342.752267274969, 4, '2021-4-4', '2021-04-08', '2024-12-27T08:51:56.813Z', 1, 406, 1, 1); INSERT INTO persona (persona_id, cedula, nombre, fecha_nacimiento, genero, fecha_creacion) VALUES (407, '105807568', 'Rubye', '2000-09-20', 'Demi-boy', '2024-06-25'); INSERT INTO huesped (huesped_id, persona_id) VALUES (407, 407); INSERT INTO reserva (reserva_id, numero_huespedes, precio_de_plan, cantidad_noches, fecha_inicio, fecha_final, fecha_creacion, habitacion_id, huesped_id, plan_id, servicio_id) VALUES (407, 3, 40.183739452843355, 1, '2021-4-4', '2021-04-05', '2024-12-27T08:51:56.813Z', 1, 407, 2, 1); INSERT INTO persona (persona_id, cedula, nombre, fecha_nacimiento, genero, fecha_creacion) VALUES (408, '853495960', 'Creola', '2021-05-31', 'Cis', '2024-03-21'); INSERT INTO huesped (huesped_id, persona_id) VALUES (408, 408); INSERT INTO reserva (reserva_id, numero_huespedes, precio_de_plan, cantidad_noches, fecha_inicio, fecha_final, fecha_creacion, habitacion_id, huesped_id, plan_id, servicio_id) VALUES (408, 4, 40.183739452843355, 2, '2021-4-4', '2021-04-06', '2024-12-27T08:51:56.813Z', 1, 408, 2, 2); INSERT INTO persona (persona_id, cedula, nombre, fecha_nacimiento, genero, fecha_creacion) VALUES (409, '263356550', 'Willy', '2016-09-10', 'Genderflux', '2023-06-25'); INSERT INTO huesped (huesped_id, persona_id) VALUES (409, 409); INSERT INTO reserva (reserva_id, numero_huespedes, precio_de_plan, cantidad_noches, fecha_inicio, fecha_final, fecha_creacion, habitacion_id, huesped_id, plan_id, servicio_id) VALUES (409, 2, 342.752267274969, 6, '2021-4-7', '2021-04-13', '2024-12-27T08:51:56.813Z', 1, 409, 1, 1); INSERT INTO persona (persona_id, cedula, nombre, fecha_nacimiento, genero, fecha_creacion) VALUES (410, '374222926', 'Isabel', '2012-12-17', 'Androgyne', '2024-11-30'); INSERT INTO huesped (huesped_id, persona_id) VALUES (410, 410); INSERT INTO reserva (reserva_id, numero_huespedes, precio_de_plan, cantidad_noches, fecha_inicio, fecha_final, fecha_creacion, habitacion_id, huesped_id, plan_id, servicio_id) VALUES (410, 1, 342.752267274969, 1, '2021-4-7', '2021-04-08', '2024-12-27T08:51:56.813Z', 1, 410, 1, 1); INSERT INTO persona (persona_id, cedula, nombre, fecha_nacimiento, genero, fecha_creacion) VALUES (411, '340835835', 'Nelson', '2010-01-17', 'Male to female trans woman', '2023-11-23'); INSERT INTO huesped (huesped_id, persona_id) VALUES (411, 411); INSERT INTO reserva (reserva_id, numero_huespedes, precio_de_plan, cantidad_noches, fecha_inicio, fecha_final, fecha_creacion, habitacion_id, huesped_id, plan_id, servicio_id) VALUES (411, 3, 40.183739452843355, 3, '2021-4-8', '2021-04-11', '2024-12-27T08:51:56.813Z', 1, 411, 2, 1); INSERT INTO persona (persona_id, cedula, nombre, fecha_nacimiento, genero, fecha_creacion) VALUES (412, '957096458', 'Alanis', '2009-05-18', 'Non-binary', '2024-06-21'); INSERT INTO huesped (huesped_id, persona_id) VALUES (412, 412); INSERT INTO reserva (reserva_id, numero_huespedes, precio_de_plan, cantidad_noches, fecha_inicio, fecha_final, fecha_creacion, habitacion_id, huesped_id, plan_id, servicio_id) VALUES (412, 4, 40.183739452843355, 3, '2021-4-8', '2021-04-11', '2024-12-27T08:51:56.813Z', 1, 412, 2, 1); INSERT INTO persona (persona_id, cedula, nombre, fecha_nacimiento, genero, fecha_creacion) VALUES (413, '313327321', 'Tess', '2003-06-08', 'Pangender', '2024-05-17'); INSERT INTO huesped (huesped_id, persona_id) VALUES (413, 413); INSERT INTO reserva (reserva_id, numero_huespedes, precio_de_plan, cantidad_noches, fecha_inicio, fecha_final, fecha_creacion, habitacion_id, huesped_id, plan_id, servicio_id) VALUES (413, 1, 342.752267274969, 5, '2021-4-8', '2021-04-13', '2024-12-27T08:51:56.813Z', 1, 413, 1, 1); INSERT INTO persona (persona_id, cedula, nombre, fecha_nacimiento, genero, fecha_creacion) VALUES (414, '734004878', 'Manuel', '1999-03-27', 'Transsexual', '2024-05-15'); INSERT INTO huesped (huesped_id, persona_id) VALUES (414, 414); INSERT INTO reserva (reserva_id, numero_huespedes, precio_de_plan, cantidad_noches, fecha_inicio, fecha_final, fecha_creacion, habitacion_id, huesped_id, plan_id, servicio_id) VALUES (414, 1, 40.183739452843355, 4, '2021-4-9', '2021-04-13', '2024-12-27T08:51:56.813Z', 1, 414, 2, 2); INSERT INTO persona (persona_id, cedula, nombre, fecha_nacimiento, genero, fecha_creacion) VALUES (415, '820895061', 'Shakira', '2017-11-09', 'Transsexual person', '2024-06-19'); INSERT INTO huesped (huesped_id, persona_id) VALUES (415, 415); INSERT INTO reserva (reserva_id, numero_huespedes, precio_de_plan, cantidad_noches, fecha_inicio, fecha_final, fecha_creacion, habitacion_id, huesped_id, plan_id, servicio_id) VALUES (415, 2, 342.752267274969, 5, '2021-4-9', '2021-04-14', '2024-12-27T08:51:56.813Z', 1, 415, 1, 1); INSERT INTO persona (persona_id, cedula, nombre, fecha_nacimiento, genero, fecha_creacion) VALUES (416, '337393967', 'Arianna', '2009-08-20', 'Woman', '2024-05-09'); INSERT INTO huesped (huesped_id, persona_id) VALUES (416, 416); INSERT INTO reserva (reserva_id, numero_huespedes, precio_de_plan, cantidad_noches, fecha_inicio, fecha_final, fecha_creacion, habitacion_id, huesped_id, plan_id, servicio_id) VALUES (416, 1, 342.752267274969, 2, '2021-4-9', '2021-04-11', '2024-12-27T08:51:56.813Z', 1, 416, 1, 1); INSERT INTO persona (persona_id, cedula, nombre, fecha_nacimiento, genero, fecha_creacion) VALUES (417, '495379823', 'Lorenza', '1997-10-23', 'Male to female transsexual woman', '2024-03-23'); INSERT INTO huesped (huesped_id, persona_id) VALUES (417, 417); INSERT INTO reserva (reserva_id, numero_huespedes, precio_de_plan, cantidad_noches, fecha_inicio, fecha_final, fecha_creacion, habitacion_id, huesped_id, plan_id, servicio_id) VALUES (417, 2, 40.183739452843355, 1, '2021-4-10', '2021-04-11', '2024-12-27T08:51:56.813Z', 1, 417, 2, 2); INSERT INTO persona (persona_id, cedula, nombre, fecha_nacimiento, genero, fecha_creacion) VALUES (418, '111952246', 'Jamie', '2003-07-09', 'Transsexual man', '2024-08-13'); INSERT INTO huesped (huesped_id, persona_id) VALUES (418, 418); INSERT INTO reserva (reserva_id, numero_huespedes, precio_de_plan, cantidad_noches, fecha_inicio, fecha_final, fecha_creacion, habitacion_id, huesped_id, plan_id, servicio_id) VALUES (418, 3, 342.752267274969, 6, '2021-4-10', '2021-04-16', '2024-12-27T08:51:56.813Z', 1, 418, 1, 2); INSERT INTO persona (persona_id, cedula, nombre, fecha_nacimiento, genero, fecha_creacion) VALUES (419, '315609624', 'Lauretta', '2016-02-11', 'Multigender', '2024-10-26'); INSERT INTO huesped (huesped_id, persona_id) VALUES (419, 419); INSERT INTO reserva (reserva_id, numero_huespedes, precio_de_plan, cantidad_noches, fecha_inicio, fecha_final, fecha_creacion, habitacion_id, huesped_id, plan_id, servicio_id) VALUES (419, 3, 40.183739452843355, 1, '2021-4-10', '2021-04-11', '2024-12-27T08:51:56.813Z', 1, 419, 2, 1); INSERT INTO persona (persona_id, cedula, nombre, fecha_nacimiento, genero, fecha_creacion) VALUES (420, '909190324', 'Jedediah', '2022-08-21', 'Woman', '2023-11-19'); INSERT INTO huesped (huesped_id, persona_id) VALUES (420, 420); INSERT INTO reserva (reserva_id, numero_huespedes, precio_de_plan, cantidad_noches, fecha_inicio, fecha_final, fecha_creacion, habitacion_id, huesped_id, plan_id, servicio_id) VALUES (420, 1, 40.183739452843355, 7, '2021-4-11', '2021-04-18', '2024-12-27T08:51:56.813Z', 1, 420, 2, 2); INSERT INTO persona (persona_id, cedula, nombre, fecha_nacimiento, genero, fecha_creacion) VALUES (421, '934499443', 'Elliott', '2023-03-30', 'Cis female', '2024-07-09'); INSERT INTO huesped (huesped_id, persona_id) VALUES (421, 421); INSERT INTO reserva (reserva_id, numero_huespedes, precio_de_plan, cantidad_noches, fecha_inicio, fecha_final, fecha_creacion, habitacion_id, huesped_id, plan_id, servicio_id) VALUES (421, 2, 342.752267274969, 4, '2021-4-11', '2021-04-15', '2024-12-27T08:51:56.813Z', 1, 421, 1, 1); INSERT INTO persona (persona_id, cedula, nombre, fecha_nacimiento, genero, fecha_creacion) VALUES (422, '328494805', 'Camila', '2004-10-29', 'Trans', '2023-02-12'); INSERT INTO huesped (huesped_id, persona_id) VALUES (422, 422); INSERT INTO reserva (reserva_id, numero_huespedes, precio_de_plan, cantidad_noches, fecha_inicio, fecha_final, fecha_creacion, habitacion_id, huesped_id, plan_id, servicio_id) VALUES (422, 3, 342.752267274969, 5, '2021-4-12', '2021-04-17', '2024-12-27T08:51:56.813Z', 1, 422, 1, 1); INSERT INTO persona (persona_id, cedula, nombre, fecha_nacimiento, genero, fecha_creacion) VALUES (423, '196964718', 'Adelle', '2010-01-11', 'Neither', '2024-01-05'); INSERT INTO huesped (huesped_id, persona_id) VALUES (423, 423); INSERT INTO reserva (reserva_id, numero_huespedes, precio_de_plan, cantidad_noches, fecha_inicio, fecha_final, fecha_creacion, habitacion_id, huesped_id, plan_id, servicio_id) VALUES (423, 4, 342.752267274969, 2, '2021-4-13', '2021-04-15', '2024-12-27T08:51:56.813Z', 1, 423, 1, 2); INSERT INTO persona (persona_id, cedula, nombre, fecha_nacimiento, genero, fecha_creacion) VALUES (424, '295780278', 'Lennie', '1969-02-25', 'Cis man', '2024-12-02'); INSERT INTO huesped (huesped_id, persona_id) VALUES (424, 424); INSERT INTO reserva (reserva_id, numero_huespedes, precio_de_plan, cantidad_noches, fecha_inicio, fecha_final, fecha_creacion, habitacion_id, huesped_id, plan_id, servicio_id) VALUES (424, 2, 342.752267274969, 2, '2021-4-13', '2021-04-15', '2024-12-27T08:51:56.813Z', 1, 424, 1, 2); INSERT INTO persona (persona_id, cedula, nombre, fecha_nacimiento, genero, fecha_creacion) VALUES (425, '873534062', 'Alexis', '1980-08-12', 'Transgender person', '2024-05-11'); INSERT INTO huesped (huesped_id, persona_id) VALUES (425, 425); INSERT INTO reserva (reserva_id, numero_huespedes, precio_de_plan, cantidad_noches, fecha_inicio, fecha_final, fecha_creacion, habitacion_id, huesped_id, plan_id, servicio_id) VALUES (425, 2, 40.183739452843355, 3, '2021-4-15', '2021-04-18', '2024-12-27T08:51:56.813Z', 1, 425, 2, 1); INSERT INTO persona (persona_id, cedula, nombre, fecha_nacimiento, genero, fecha_creacion) VALUES (426, '293614283', 'Allene', '1986-04-28', 'Transsexual', '2024-12-07'); INSERT INTO huesped (huesped_id, persona_id) VALUES (426, 426); INSERT INTO reserva (reserva_id, numero_huespedes, precio_de_plan, cantidad_noches, fecha_inicio, fecha_final, fecha_creacion, habitacion_id, huesped_id, plan_id, servicio_id) VALUES (426, 2, 40.183739452843355, 6, '2021-4-16', '2021-04-22', '2024-12-27T08:51:56.813Z', 1, 426, 2, 1); INSERT INTO persona (persona_id, cedula, nombre, fecha_nacimiento, genero, fecha_creacion) VALUES (427, '174325755', 'Kurt', '2024-09-28', 'Trigender', '2024-02-23'); INSERT INTO huesped (huesped_id, persona_id) VALUES (427, 427); INSERT INTO reserva (reserva_id, numero_huespedes, precio_de_plan, cantidad_noches, fecha_inicio, fecha_final, fecha_creacion, habitacion_id, huesped_id, plan_id, servicio_id) VALUES (427, 1, 342.752267274969, 1, '2021-4-17', '2021-04-18', '2024-12-27T08:51:56.813Z', 1, 427, 1, 2); INSERT INTO persona (persona_id, cedula, nombre, fecha_nacimiento, genero, fecha_creacion) VALUES (428, '523853862', 'Pierre', '1976-08-14', 'Androgyne', '2024-09-13'); INSERT INTO huesped (huesped_id, persona_id) VALUES (428, 428); INSERT INTO reserva (reserva_id, numero_huespedes, precio_de_plan, cantidad_noches, fecha_inicio, fecha_final, fecha_creacion, habitacion_id, huesped_id, plan_id, servicio_id) VALUES (428, 1, 40.183739452843355, 5, '2021-4-17', '2021-04-22', '2024-12-27T08:51:56.813Z', 1, 428, 2, 2); INSERT INTO persona (persona_id, cedula, nombre, fecha_nacimiento, genero, fecha_creacion) VALUES (429, '617415254', 'Consuelo', '2024-06-15', 'Female to male transgender man', '2024-12-24'); INSERT INTO huesped (huesped_id, persona_id) VALUES (429, 429); INSERT INTO reserva (reserva_id, numero_huespedes, precio_de_plan, cantidad_noches, fecha_inicio, fecha_final, fecha_creacion, habitacion_id, huesped_id, plan_id, servicio_id) VALUES (429, 4, 40.183739452843355, 5, '2021-4-18', '2021-04-23', '2024-12-27T08:51:56.813Z', 1, 429, 2, 1); INSERT INTO persona (persona_id, cedula, nombre, fecha_nacimiento, genero, fecha_creacion) VALUES (430, '607347910', 'Tyson', '2000-07-27', 'T* woman', '2024-10-21'); INSERT INTO huesped (huesped_id, persona_id) VALUES (430, 430); INSERT INTO reserva (reserva_id, numero_huespedes, precio_de_plan, cantidad_noches, fecha_inicio, fecha_final, fecha_creacion, habitacion_id, huesped_id, plan_id, servicio_id) VALUES (430, 2, 40.183739452843355, 1, '2021-4-18', '2021-04-19', '2024-12-27T08:51:56.813Z', 1, 430, 2, 2); INSERT INTO persona (persona_id, cedula, nombre, fecha_nacimiento, genero, fecha_creacion) VALUES (431, '105796812', 'Javonte', '2008-05-29', 'T* woman', '2024-02-12'); INSERT INTO huesped (huesped_id, persona_id) VALUES (431, 431); INSERT INTO reserva (reserva_id, numero_huespedes, precio_de_plan, cantidad_noches, fecha_inicio, fecha_final, fecha_creacion, habitacion_id, huesped_id, plan_id, servicio_id) VALUES (431, 2, 342.752267274969, 6, '2021-4-20', '2021-04-26', '2024-12-27T08:51:56.813Z', 1, 431, 1, 1); INSERT INTO persona (persona_id, cedula, nombre, fecha_nacimiento, genero, fecha_creacion) VALUES (432, '950522989', 'Mariano', '2013-08-15', 'Cis male', '2024-08-04'); INSERT INTO huesped (huesped_id, persona_id) VALUES (432, 432); INSERT INTO reserva (reserva_id, numero_huespedes, precio_de_plan, cantidad_noches, fecha_inicio, fecha_final, fecha_creacion, habitacion_id, huesped_id, plan_id, servicio_id) VALUES (432, 4, 40.183739452843355, 3, '2021-4-22', '2021-04-25', '2024-12-27T08:51:56.813Z', 1, 432, 2, 2); INSERT INTO persona (persona_id, cedula, nombre, fecha_nacimiento, genero, fecha_creacion) VALUES (433, '708797399', 'Cicero', '1998-05-12', 'Cisgender male', '2024-04-04'); INSERT INTO huesped (huesped_id, persona_id) VALUES (433, 433); INSERT INTO reserva (reserva_id, numero_huespedes, precio_de_plan, cantidad_noches, fecha_inicio, fecha_final, fecha_creacion, habitacion_id, huesped_id, plan_id, servicio_id) VALUES (433, 2, 342.752267274969, 7, '2021-4-23', '2021-04-30', '2024-12-27T08:51:56.813Z', 1, 433, 1, 2); INSERT INTO persona (persona_id, cedula, nombre, fecha_nacimiento, genero, fecha_creacion) VALUES (434, '252612308', 'Marcelo', '2011-09-15', 'Woman', '2024-11-07'); INSERT INTO huesped (huesped_id, persona_id) VALUES (434, 434); INSERT INTO reserva (reserva_id, numero_huespedes, precio_de_plan, cantidad_noches, fecha_inicio, fecha_final, fecha_creacion, habitacion_id, huesped_id, plan_id, servicio_id) VALUES (434, 1, 342.752267274969, 1, '2021-4-23', '2021-04-24', '2024-12-27T08:51:56.813Z', 1, 434, 1, 2); INSERT INTO persona (persona_id, cedula, nombre, fecha_nacimiento, genero, fecha_creacion) VALUES (435, '222618198', 'Akeem', '2017-01-26', 'Non-binary', '2024-05-02'); INSERT INTO huesped (huesped_id, persona_id) VALUES (435, 435); INSERT INTO reserva (reserva_id, numero_huespedes, precio_de_plan, cantidad_noches, fecha_inicio, fecha_final, fecha_creacion, habitacion_id, huesped_id, plan_id, servicio_id) VALUES (435, 1, 342.752267274969, 4, '2021-4-23', '2021-04-27', '2024-12-27T08:51:56.813Z', 1, 435, 1, 2); INSERT INTO persona (persona_id, cedula, nombre, fecha_nacimiento, genero, fecha_creacion) VALUES (436, '354332094', 'Scottie', '2012-06-28', 'Demi-man', '2023-02-05'); INSERT INTO huesped (huesped_id, persona_id) VALUES (436, 436); INSERT INTO reserva (reserva_id, numero_huespedes, precio_de_plan, cantidad_noches, fecha_inicio, fecha_final, fecha_creacion, habitacion_id, huesped_id, plan_id, servicio_id) VALUES (436, 4, 40.183739452843355, 6, '2021-4-24', '2021-04-30', '2024-12-27T08:51:56.813Z', 1, 436, 2, 2); INSERT INTO persona (persona_id, cedula, nombre, fecha_nacimiento, genero, fecha_creacion) VALUES (437, '757426517', 'Lorena', '2001-06-22', 'Gender variant', '2024-11-04'); INSERT INTO huesped (huesped_id, persona_id) VALUES (437, 437); INSERT INTO reserva (reserva_id, numero_huespedes, precio_de_plan, cantidad_noches, fecha_inicio, fecha_final, fecha_creacion, habitacion_id, huesped_id, plan_id, servicio_id) VALUES (437, 1, 342.752267274969, 6, '2021-4-24', '2021-04-30', '2024-12-27T08:51:56.813Z', 1, 437, 1, 2); INSERT INTO persona (persona_id, cedula, nombre, fecha_nacimiento, genero, fecha_creacion) VALUES (438, '843226563', 'Stephen', '2010-03-24', 'Bigender', '2024-05-11'); INSERT INTO huesped (huesped_id, persona_id) VALUES (438, 438); INSERT INTO reserva (reserva_id, numero_huespedes, precio_de_plan, cantidad_noches, fecha_inicio, fecha_final, fecha_creacion, habitacion_id, huesped_id, plan_id, servicio_id) VALUES (438, 4, 40.183739452843355, 2, '2021-4-25', '2021-04-27', '2024-12-27T08:51:56.813Z', 1, 438, 2, 2); INSERT INTO persona (persona_id, cedula, nombre, fecha_nacimiento, genero, fecha_creacion) VALUES (439, '668855168', 'Wyman', '1979-09-19', 'Gender neutral', '2023-02-28'); INSERT INTO huesped (huesped_id, persona_id) VALUES (439, 439); INSERT INTO reserva (reserva_id, numero_huespedes, precio_de_plan, cantidad_noches, fecha_inicio, fecha_final, fecha_creacion, habitacion_id, huesped_id, plan_id, servicio_id) VALUES (439, 4, 40.183739452843355, 6, '2021-4-25', '2021-05-01', '2024-12-27T08:51:56.813Z', 1, 439, 2, 1); INSERT INTO persona (persona_id, cedula, nombre, fecha_nacimiento, genero, fecha_creacion) VALUES (440, '479115226', 'Krystina', '2019-04-26', 'Intersex person', '2024-10-06'); INSERT INTO huesped (huesped_id, persona_id) VALUES (440, 440); INSERT INTO reserva (reserva_id, numero_huespedes, precio_de_plan, cantidad_noches, fecha_inicio, fecha_final, fecha_creacion, habitacion_id, huesped_id, plan_id, servicio_id) VALUES (440, 2, 40.183739452843355, 3, '2021-4-25', '2021-04-28', '2024-12-27T08:51:56.813Z', 1, 440, 2, 1); INSERT INTO persona (persona_id, cedula, nombre, fecha_nacimiento, genero, fecha_creacion) VALUES (441, '965855221', 'Damon', '1995-09-23', 'Trigender', '2024-06-05'); INSERT INTO huesped (huesped_id, persona_id) VALUES (441, 441); INSERT INTO reserva (reserva_id, numero_huespedes, precio_de_plan, cantidad_noches, fecha_inicio, fecha_final, fecha_creacion, habitacion_id, huesped_id, plan_id, servicio_id) VALUES (441, 3, 40.183739452843355, 7, '2021-4-26', '2021-05-03', '2024-12-27T08:51:56.814Z', 1, 441, 2, 1); INSERT INTO persona (persona_id, cedula, nombre, fecha_nacimiento, genero, fecha_creacion) VALUES (442, '762875573', 'Chadd', '1969-12-31', 'Demi-woman', '2024-05-31'); INSERT INTO huesped (huesped_id, persona_id) VALUES (442, 442); INSERT INTO reserva (reserva_id, numero_huespedes, precio_de_plan, cantidad_noches, fecha_inicio, fecha_final, fecha_creacion, habitacion_id, huesped_id, plan_id, servicio_id) VALUES (442, 1, 342.752267274969, 5, '2021-4-29', '2021-05-04', '2024-12-27T08:51:56.814Z', 1, 442, 1, 1); INSERT INTO persona (persona_id, cedula, nombre, fecha_nacimiento, genero, fecha_creacion) VALUES (443, '710306877', 'Roberta', '2008-07-18', 'Genderqueer', '2024-05-30'); INSERT INTO huesped (huesped_id, persona_id) VALUES (443, 443); INSERT INTO reserva (reserva_id, numero_huespedes, precio_de_plan, cantidad_noches, fecha_inicio, fecha_final, fecha_creacion, habitacion_id, huesped_id, plan_id, servicio_id) VALUES (443, 2, 342.752267274969, 6, '2021-4-29', '2021-05-05', '2024-12-27T08:51:56.814Z', 1, 443, 1, 2); INSERT INTO persona (persona_id, cedula, nombre, fecha_nacimiento, genero, fecha_creacion) VALUES (444, '661064797', 'Genesis', '1975-05-14', 'Female to male transsexual man', '2024-08-02'); INSERT INTO huesped (huesped_id, persona_id) VALUES (444, 444); INSERT INTO reserva (reserva_id, numero_huespedes, precio_de_plan, cantidad_noches, fecha_inicio, fecha_final, fecha_creacion, habitacion_id, huesped_id, plan_id, servicio_id) VALUES (444, 2, 342.752267274969, 5, '2021-4-30', '2021-05-05', '2024-12-27T08:51:56.814Z', 1, 444, 1, 2); INSERT INTO persona (persona_id, cedula, nombre, fecha_nacimiento, genero, fecha_creacion) VALUES (445, '195404886', 'Sophia', '1986-12-07', 'Male to female transsexual woman', '2024-05-22'); INSERT INTO huesped (huesped_id, persona_id) VALUES (445, 445); INSERT INTO reserva (reserva_id, numero_huespedes, precio_de_plan, cantidad_noches, fecha_inicio, fecha_final, fecha_creacion, habitacion_id, huesped_id, plan_id, servicio_id) VALUES (445, 3, 342.752267274969, 2, '2021-4-1', '2021-04-03', '2024-12-27T08:51:56.814Z', 1, 445, 1, 2); INSERT INTO persona (persona_id, cedula, nombre, fecha_nacimiento, genero, fecha_creacion) VALUES (446, '458343677', 'Kayli', '2018-11-06', 'FTM', '2024-02-10'); INSERT INTO huesped (huesped_id, persona_id) VALUES (446, 446); INSERT INTO reserva (reserva_id, numero_huespedes, precio_de_plan, cantidad_noches, fecha_inicio, fecha_final, fecha_creacion, habitacion_id, huesped_id, plan_id, servicio_id) VALUES (446, 1, 40.183739452843355, 1, '2021-4-1', '2021-04-02', '2024-12-27T08:51:56.814Z', 1, 446, 2, 1); INSERT INTO persona (persona_id, cedula, nombre, fecha_nacimiento, genero, fecha_creacion) VALUES (447, '225260583', 'Magdalen', '1993-03-15', 'Male to female', '2024-03-27'); INSERT INTO huesped (huesped_id, persona_id) VALUES (447, 447); INSERT INTO reserva (reserva_id, numero_huespedes, precio_de_plan, cantidad_noches, fecha_inicio, fecha_final, fecha_creacion, habitacion_id, huesped_id, plan_id, servicio_id) VALUES (447, 1, 40.183739452843355, 3, '2021-4-1', '2021-04-04', '2024-12-27T08:51:56.814Z', 1, 447, 2, 1); INSERT INTO persona (persona_id, cedula, nombre, fecha_nacimiento, genero, fecha_creacion) VALUES (448, '419315005', 'Maud', '2015-07-28', 'Trans', '2023-06-04'); INSERT INTO huesped (huesped_id, persona_id) VALUES (448, 448); INSERT INTO reserva (reserva_id, numero_huespedes, precio_de_plan, cantidad_noches, fecha_inicio, fecha_final, fecha_creacion, habitacion_id, huesped_id, plan_id, servicio_id) VALUES (448, 2, 342.752267274969, 2, '2021-4-2', '2021-04-04', '2024-12-27T08:51:56.814Z', 1, 448, 1, 1); INSERT INTO persona (persona_id, cedula, nombre, fecha_nacimiento, genero, fecha_creacion) VALUES (449, '922985367', 'Sage', '1996-12-09', 'Cisgender female', '2024-10-27'); INSERT INTO huesped (huesped_id, persona_id) VALUES (449, 449); INSERT INTO reserva (reserva_id, numero_huespedes, precio_de_plan, cantidad_noches, fecha_inicio, fecha_final, fecha_creacion, habitacion_id, huesped_id, plan_id, servicio_id) VALUES (449, 3, 40.183739452843355, 1, '2021-4-2', '2021-04-03', '2024-12-27T08:51:56.814Z', 1, 449, 2, 2); INSERT INTO persona (persona_id, cedula, nombre, fecha_nacimiento, genero, fecha_creacion) VALUES (450, '554233890', 'Magnolia', '2012-08-22', 'Two* person', '2024-07-09'); INSERT INTO huesped (huesped_id, persona_id) VALUES (450, 450); INSERT INTO reserva (reserva_id, numero_huespedes, precio_de_plan, cantidad_noches, fecha_inicio, fecha_final, fecha_creacion, habitacion_id, huesped_id, plan_id, servicio_id) VALUES (450, 2, 342.752267274969, 5, '2021-4-2', '2021-04-07', '2024-12-27T08:51:56.814Z', 1, 450, 1, 2); INSERT INTO persona (persona_id, cedula, nombre, fecha_nacimiento, genero, fecha_creacion) VALUES (451, '987908983', 'Samara', '1997-03-28', 'Male to female transsexual woman', '2023-12-07'); INSERT INTO huesped (huesped_id, persona_id) VALUES (451, 451); INSERT INTO reserva (reserva_id, numero_huespedes, precio_de_plan, cantidad_noches, fecha_inicio, fecha_final, fecha_creacion, habitacion_id, huesped_id, plan_id, servicio_id) VALUES (451, 3, 40.183739452843355, 6, '2021-4-3', '2021-04-09', '2024-12-27T08:51:56.814Z', 1, 451, 2, 1); INSERT INTO persona (persona_id, cedula, nombre, fecha_nacimiento, genero, fecha_creacion) VALUES (452, '380653815', 'Aiden', '2021-02-03', 'Female to male transsexual man', '2024-12-05'); INSERT INTO huesped (huesped_id, persona_id) VALUES (452, 452); INSERT INTO reserva (reserva_id, numero_huespedes, precio_de_plan, cantidad_noches, fecha_inicio, fecha_final, fecha_creacion, habitacion_id, huesped_id, plan_id, servicio_id) VALUES (452, 4, 342.752267274969, 4, '2021-4-5', '2021-04-09', '2024-12-27T08:51:56.814Z', 1, 452, 1, 1); INSERT INTO persona (persona_id, cedula, nombre, fecha_nacimiento, genero, fecha_creacion) VALUES (453, '427886456', 'Annabelle', '2006-06-29', 'Transgender female', '2023-10-31'); INSERT INTO huesped (huesped_id, persona_id) VALUES (453, 453); INSERT INTO reserva (reserva_id, numero_huespedes, precio_de_plan, cantidad_noches, fecha_inicio, fecha_final, fecha_creacion, habitacion_id, huesped_id, plan_id, servicio_id) VALUES (453, 3, 40.183739452843355, 5, '2021-4-5', '2021-04-10', '2024-12-27T08:51:56.814Z', 1, 453, 2, 2); INSERT INTO persona (persona_id, cedula, nombre, fecha_nacimiento, genero, fecha_creacion) VALUES (454, '605009600', 'Lesly', '2013-01-27', 'Man', '2024-04-27'); INSERT INTO huesped (huesped_id, persona_id) VALUES (454, 454); INSERT INTO reserva (reserva_id, numero_huespedes, precio_de_plan, cantidad_noches, fecha_inicio, fecha_final, fecha_creacion, habitacion_id, huesped_id, plan_id, servicio_id) VALUES (454, 4, 40.183739452843355, 6, '2021-4-6', '2021-04-12', '2024-12-27T08:51:56.814Z', 1, 454, 2, 2); INSERT INTO persona (persona_id, cedula, nombre, fecha_nacimiento, genero, fecha_creacion) VALUES (455, '365431472', 'Nicholas', '2008-11-25', 'Intersex', '2024-11-13'); INSERT INTO huesped (huesped_id, persona_id) VALUES (455, 455); INSERT INTO reserva (reserva_id, numero_huespedes, precio_de_plan, cantidad_noches, fecha_inicio, fecha_final, fecha_creacion, habitacion_id, huesped_id, plan_id, servicio_id) VALUES (455, 1, 342.752267274969, 3, '2021-4-6', '2021-04-09', '2024-12-27T08:51:56.814Z', 1, 455, 1, 1); INSERT INTO persona (persona_id, cedula, nombre, fecha_nacimiento, genero, fecha_creacion) VALUES (456, '601041640', 'Yessenia', '2016-10-17', 'Androgyne', '2024-10-13'); INSERT INTO huesped (huesped_id, persona_id) VALUES (456, 456); INSERT INTO reserva (reserva_id, numero_huespedes, precio_de_plan, cantidad_noches, fecha_inicio, fecha_final, fecha_creacion, habitacion_id, huesped_id, plan_id, servicio_id) VALUES (456, 2, 342.752267274969, 6, '2021-4-7', '2021-04-13', '2024-12-27T08:51:56.814Z', 1, 456, 1, 2); INSERT INTO persona (persona_id, cedula, nombre, fecha_nacimiento, genero, fecha_creacion) VALUES (457, '401970832', 'Elody', '2013-02-18', 'Two* person', '2024-12-04'); INSERT INTO huesped (huesped_id, persona_id) VALUES (457, 457); INSERT INTO reserva (reserva_id, numero_huespedes, precio_de_plan, cantidad_noches, fecha_inicio, fecha_final, fecha_creacion, habitacion_id, huesped_id, plan_id, servicio_id) VALUES (457, 2, 40.183739452843355, 4, '2021-4-7', '2021-04-11', '2024-12-27T08:51:56.814Z', 1, 457, 2, 2); INSERT INTO persona (persona_id, cedula, nombre, fecha_nacimiento, genero, fecha_creacion) VALUES (458, '687990533', 'Nia', '1991-08-17', 'Male to female transgender woman', '2024-12-04'); INSERT INTO huesped (huesped_id, persona_id) VALUES (458, 458); INSERT INTO reserva (reserva_id, numero_huespedes, precio_de_plan, cantidad_noches, fecha_inicio, fecha_final, fecha_creacion, habitacion_id, huesped_id, plan_id, servicio_id) VALUES (458, 3, 342.752267274969, 7, '2021-4-8', '2021-04-15', '2024-12-27T08:51:56.814Z', 1, 458, 1, 2); INSERT INTO persona (persona_id, cedula, nombre, fecha_nacimiento, genero, fecha_creacion) VALUES (459, '197527702', 'Kimberly', '1989-10-25', 'Female to male transgender man', '2024-09-09'); INSERT INTO huesped (huesped_id, persona_id) VALUES (459, 459); INSERT INTO reserva (reserva_id, numero_huespedes, precio_de_plan, cantidad_noches, fecha_inicio, fecha_final, fecha_creacion, habitacion_id, huesped_id, plan_id, servicio_id) VALUES (459, 3, 342.752267274969, 5, '2021-4-8', '2021-04-13', '2024-12-27T08:51:56.814Z', 1, 459, 1, 2); INSERT INTO persona (persona_id, cedula, nombre, fecha_nacimiento, genero, fecha_creacion) VALUES (460, '323460428', 'Muhammad', '2014-11-14', 'Trans male', '2023-09-11'); INSERT INTO huesped (huesped_id, persona_id) VALUES (460, 460); INSERT INTO reserva (reserva_id, numero_huespedes, precio_de_plan, cantidad_noches, fecha_inicio, fecha_final, fecha_creacion, habitacion_id, huesped_id, plan_id, servicio_id) VALUES (460, 1, 40.183739452843355, 7, '2021-4-9', '2021-04-16', '2024-12-27T08:51:56.814Z', 1, 460, 2, 2); INSERT INTO persona (persona_id, cedula, nombre, fecha_nacimiento, genero, fecha_creacion) VALUES (461, '161378846', 'Nona', '1973-04-14', 'Intersex woman', '2023-11-27'); INSERT INTO huesped (huesped_id, persona_id) VALUES (461, 461); INSERT INTO reserva (reserva_id, numero_huespedes, precio_de_plan, cantidad_noches, fecha_inicio, fecha_final, fecha_creacion, habitacion_id, huesped_id, plan_id, servicio_id) VALUES (461, 3, 342.752267274969, 3, '2021-4-9', '2021-04-12', '2024-12-27T08:51:56.814Z', 1, 461, 1, 2); INSERT INTO persona (persona_id, cedula, nombre, fecha_nacimiento, genero, fecha_creacion) VALUES (462, '954623688', 'Jadyn', '1976-02-05', 'Cis woman', '2023-05-19'); INSERT INTO huesped (huesped_id, persona_id) VALUES (462, 462); INSERT INTO reserva (reserva_id, numero_huespedes, precio_de_plan, cantidad_noches, fecha_inicio, fecha_final, fecha_creacion, habitacion_id, huesped_id, plan_id, servicio_id) VALUES (462, 2, 40.183739452843355, 4, '2021-4-9', '2021-04-13', '2024-12-27T08:51:56.814Z', 1, 462, 2, 2); INSERT INTO persona (persona_id, cedula, nombre, fecha_nacimiento, genero, fecha_creacion) VALUES (463, '772951214', 'Mariane', '1997-11-30', 'Trans male', '2023-10-28'); INSERT INTO huesped (huesped_id, persona_id) VALUES (463, 463); INSERT INTO reserva (reserva_id, numero_huespedes, precio_de_plan, cantidad_noches, fecha_inicio, fecha_final, fecha_creacion, habitacion_id, huesped_id, plan_id, servicio_id) VALUES (463, 3, 342.752267274969, 3, '2021-4-10', '2021-04-13', '2024-12-27T08:51:56.814Z', 1, 463, 1, 2); INSERT INTO persona (persona_id, cedula, nombre, fecha_nacimiento, genero, fecha_creacion) VALUES (464, '790587017', 'Wiley', '2012-09-16', 'Polygender', '2024-11-03'); INSERT INTO huesped (huesped_id, persona_id) VALUES (464, 464); INSERT INTO reserva (reserva_id, numero_huespedes, precio_de_plan, cantidad_noches, fecha_inicio, fecha_final, fecha_creacion, habitacion_id, huesped_id, plan_id, servicio_id) VALUES (464, 4, 40.183739452843355, 1, '2021-4-10', '2021-04-11', '2024-12-27T08:51:56.814Z', 1, 464, 2, 2); INSERT INTO persona (persona_id, cedula, nombre, fecha_nacimiento, genero, fecha_creacion) VALUES (465, '512348558', 'Mara', '1987-11-02', 'Trans male', '2024-03-25'); INSERT INTO huesped (huesped_id, persona_id) VALUES (465, 465); INSERT INTO reserva (reserva_id, numero_huespedes, precio_de_plan, cantidad_noches, fecha_inicio, fecha_final, fecha_creacion, habitacion_id, huesped_id, plan_id, servicio_id) VALUES (465, 4, 40.183739452843355, 1, '2021-4-11', '2021-04-12', '2024-12-27T08:51:56.814Z', 1, 465, 2, 1); INSERT INTO persona (persona_id, cedula, nombre, fecha_nacimiento, genero, fecha_creacion) VALUES (466, '424620333', 'Nicholas', '2003-05-20', 'Gender variant', '2024-03-16'); INSERT INTO huesped (huesped_id, persona_id) VALUES (466, 466); INSERT INTO reserva (reserva_id, numero_huespedes, precio_de_plan, cantidad_noches, fecha_inicio, fecha_final, fecha_creacion, habitacion_id, huesped_id, plan_id, servicio_id) VALUES (466, 1, 342.752267274969, 5, '2021-4-11', '2021-04-16', '2024-12-27T08:51:56.814Z', 1, 466, 1, 2); INSERT INTO persona (persona_id, cedula, nombre, fecha_nacimiento, genero, fecha_creacion) VALUES (467, '616517920', 'Mary', '1997-06-13', 'Multigender', '2023-06-22'); INSERT INTO huesped (huesped_id, persona_id) VALUES (467, 467); INSERT INTO reserva (reserva_id, numero_huespedes, precio_de_plan, cantidad_noches, fecha_inicio, fecha_final, fecha_creacion, habitacion_id, huesped_id, plan_id, servicio_id) VALUES (467, 2, 342.752267274969, 2, '2021-4-11', '2021-04-13', '2024-12-27T08:51:56.814Z', 1, 467, 1, 2); INSERT INTO persona (persona_id, cedula, nombre, fecha_nacimiento, genero, fecha_creacion) VALUES (468, '258423323', 'Kaelyn', '2011-11-10', 'Hermaphrodite', '2024-11-30'); INSERT INTO huesped (huesped_id, persona_id) VALUES (468, 468); INSERT INTO reserva (reserva_id, numero_huespedes, precio_de_plan, cantidad_noches, fecha_inicio, fecha_final, fecha_creacion, habitacion_id, huesped_id, plan_id, servicio_id) VALUES (468, 4, 342.752267274969, 7, '2021-4-12', '2021-04-19', '2024-12-27T08:51:56.814Z', 1, 468, 1, 2); INSERT INTO persona (persona_id, cedula, nombre, fecha_nacimiento, genero, fecha_creacion) VALUES (469, '784991686', 'Lauretta', '2008-01-09', 'Transmasculine', '2024-08-18'); INSERT INTO huesped (huesped_id, persona_id) VALUES (469, 469); INSERT INTO reserva (reserva_id, numero_huespedes, precio_de_plan, cantidad_noches, fecha_inicio, fecha_final, fecha_creacion, habitacion_id, huesped_id, plan_id, servicio_id) VALUES (469, 3, 342.752267274969, 7, '2021-4-12', '2021-04-19', '2024-12-27T08:51:56.814Z', 1, 469, 1, 2); INSERT INTO persona (persona_id, cedula, nombre, fecha_nacimiento, genero, fecha_creacion) VALUES (470, '508131233', 'Hillard', '2008-03-03', 'Transgender female', '2024-04-04'); INSERT INTO huesped (huesped_id, persona_id) VALUES (470, 470); INSERT INTO reserva (reserva_id, numero_huespedes, precio_de_plan, cantidad_noches, fecha_inicio, fecha_final, fecha_creacion, habitacion_id, huesped_id, plan_id, servicio_id) VALUES (470, 3, 342.752267274969, 2, '2021-4-12', '2021-04-14', '2024-12-27T08:51:56.814Z', 1, 470, 1, 1); INSERT INTO persona (persona_id, cedula, nombre, fecha_nacimiento, genero, fecha_creacion) VALUES (471, '227983311', 'Lilyan', '2007-01-06', 'Demi-boy', '2023-09-05'); INSERT INTO huesped (huesped_id, persona_id) VALUES (471, 471); INSERT INTO reserva (reserva_id, numero_huespedes, precio_de_plan, cantidad_noches, fecha_inicio, fecha_final, fecha_creacion, habitacion_id, huesped_id, plan_id, servicio_id) VALUES (471, 2, 40.183739452843355, 4, '2021-4-15', '2021-04-19', '2024-12-27T08:51:56.814Z', 1, 471, 2, 1); INSERT INTO persona (persona_id, cedula, nombre, fecha_nacimiento, genero, fecha_creacion) VALUES (472, '631407131', 'Kristoffer', '1987-04-13', 'Other', '2024-08-12'); INSERT INTO huesped (huesped_id, persona_id) VALUES (472, 472); INSERT INTO reserva (reserva_id, numero_huespedes, precio_de_plan, cantidad_noches, fecha_inicio, fecha_final, fecha_creacion, habitacion_id, huesped_id, plan_id, servicio_id) VALUES (472, 3, 40.183739452843355, 2, '2021-4-15', '2021-04-17', '2024-12-27T08:51:56.814Z', 1, 472, 2, 1); INSERT INTO persona (persona_id, cedula, nombre, fecha_nacimiento, genero, fecha_creacion) VALUES (473, '672572190', 'Leonor', '1989-10-05', 'Demi-man', '2024-07-20'); INSERT INTO huesped (huesped_id, persona_id) VALUES (473, 473); INSERT INTO reserva (reserva_id, numero_huespedes, precio_de_plan, cantidad_noches, fecha_inicio, fecha_final, fecha_creacion, habitacion_id, huesped_id, plan_id, servicio_id) VALUES (473, 1, 342.752267274969, 1, '2021-4-16', '2021-04-17', '2024-12-27T08:51:56.814Z', 1, 473, 1, 1); INSERT INTO persona (persona_id, cedula, nombre, fecha_nacimiento, genero, fecha_creacion) VALUES (474, '327757868', 'Stanford', '2000-03-01', 'Other', '2024-09-12'); INSERT INTO huesped (huesped_id, persona_id) VALUES (474, 474); INSERT INTO reserva (reserva_id, numero_huespedes, precio_de_plan, cantidad_noches, fecha_inicio, fecha_final, fecha_creacion, habitacion_id, huesped_id, plan_id, servicio_id) VALUES (474, 2, 40.183739452843355, 3, '2021-4-16', '2021-04-19', '2024-12-27T08:51:56.814Z', 1, 474, 2, 1); INSERT INTO persona (persona_id, cedula, nombre, fecha_nacimiento, genero, fecha_creacion) VALUES (475, '366126754', 'Macey', '2008-12-19', 'Transsexual male', '2024-06-17'); INSERT INTO huesped (huesped_id, persona_id) VALUES (475, 475); INSERT INTO reserva (reserva_id, numero_huespedes, precio_de_plan, cantidad_noches, fecha_inicio, fecha_final, fecha_creacion, habitacion_id, huesped_id, plan_id, servicio_id) VALUES (475, 2, 342.752267274969, 2, '2021-4-16', '2021-04-18', '2024-12-27T08:51:56.814Z', 1, 475, 1, 2); INSERT INTO persona (persona_id, cedula, nombre, fecha_nacimiento, genero, fecha_creacion) VALUES (476, '432210906', 'Leora', '1992-10-26', 'Female to male', '2024-09-13'); INSERT INTO huesped (huesped_id, persona_id) VALUES (476, 476); INSERT INTO reserva (reserva_id, numero_huespedes, precio_de_plan, cantidad_noches, fecha_inicio, fecha_final, fecha_creacion, habitacion_id, huesped_id, plan_id, servicio_id) VALUES (476, 3, 40.183739452843355, 1, '2021-4-17', '2021-04-18', '2024-12-27T08:51:56.814Z', 1, 476, 2, 2); INSERT INTO persona (persona_id, cedula, nombre, fecha_nacimiento, genero, fecha_creacion) VALUES (477, '828768921', 'Stephan', '2015-04-29', 'Cis', '2023-11-22'); INSERT INTO huesped (huesped_id, persona_id) VALUES (477, 477); INSERT INTO reserva (reserva_id, numero_huespedes, precio_de_plan, cantidad_noches, fecha_inicio, fecha_final, fecha_creacion, habitacion_id, huesped_id, plan_id, servicio_id) VALUES (477, 1, 342.752267274969, 7, '2021-4-17', '2021-04-24', '2024-12-27T08:51:56.814Z', 1, 477, 1, 2); INSERT INTO persona (persona_id, cedula, nombre, fecha_nacimiento, genero, fecha_creacion) VALUES (478, '183703105', 'Gregoria', '2007-09-22', 'Non-binary', '2024-06-01'); INSERT INTO huesped (huesped_id, persona_id) VALUES (478, 478); INSERT INTO reserva (reserva_id, numero_huespedes, precio_de_plan, cantidad_noches, fecha_inicio, fecha_final, fecha_creacion, habitacion_id, huesped_id, plan_id, servicio_id) VALUES (478, 4, 40.183739452843355, 2, '2021-4-18', '2021-04-20', '2024-12-27T08:51:56.815Z', 1, 478, 2, 2); INSERT INTO persona (persona_id, cedula, nombre, fecha_nacimiento, genero, fecha_creacion) VALUES (479, '250901109', 'Annabel', '1994-02-24', 'Two* person', '2023-09-19'); INSERT INTO huesped (huesped_id, persona_id) VALUES (479, 479); INSERT INTO reserva (reserva_id, numero_huespedes, precio_de_plan, cantidad_noches, fecha_inicio, fecha_final, fecha_creacion, habitacion_id, huesped_id, plan_id, servicio_id) VALUES (479, 4, 342.752267274969, 6, '2021-4-19', '2021-04-25', '2024-12-27T08:51:56.815Z', 1, 479, 1, 2); INSERT INTO persona (persona_id, cedula, nombre, fecha_nacimiento, genero, fecha_creacion) VALUES (480, '692737151', 'Lamont', '2008-11-02', 'Female to male trans man', '2024-08-05'); INSERT INTO huesped (huesped_id, persona_id) VALUES (480, 480); INSERT INTO reserva (reserva_id, numero_huespedes, precio_de_plan, cantidad_noches, fecha_inicio, fecha_final, fecha_creacion, habitacion_id, huesped_id, plan_id, servicio_id) VALUES (480, 1, 40.183739452843355, 4, '2021-4-19', '2021-04-23', '2024-12-27T08:51:56.815Z', 1, 480, 2, 2); INSERT INTO persona (persona_id, cedula, nombre, fecha_nacimiento, genero, fecha_creacion) VALUES (481, '870500821', 'Theodora', '1998-06-04', 'Trans man', '2024-01-27'); INSERT INTO huesped (huesped_id, persona_id) VALUES (481, 481); INSERT INTO reserva (reserva_id, numero_huespedes, precio_de_plan, cantidad_noches, fecha_inicio, fecha_final, fecha_creacion, habitacion_id, huesped_id, plan_id, servicio_id) VALUES (481, 3, 40.183739452843355, 3, '2021-4-20', '2021-04-23', '2024-12-27T08:51:56.815Z', 1, 481, 2, 2); INSERT INTO persona (persona_id, cedula, nombre, fecha_nacimiento, genero, fecha_creacion) VALUES (482, '315601529', 'Haskell', '1978-01-31', 'Two-spirit person', '2023-10-23'); INSERT INTO huesped (huesped_id, persona_id) VALUES (482, 482); INSERT INTO reserva (reserva_id, numero_huespedes, precio_de_plan, cantidad_noches, fecha_inicio, fecha_final, fecha_creacion, habitacion_id, huesped_id, plan_id, servicio_id) VALUES (482, 3, 40.183739452843355, 2, '2021-4-20', '2021-04-22', '2024-12-27T08:51:56.815Z', 1, 482, 2, 1); INSERT INTO persona (persona_id, cedula, nombre, fecha_nacimiento, genero, fecha_creacion) VALUES (483, '634506154', 'Morton', '2014-10-20', 'Two* person', '2024-02-08'); INSERT INTO huesped (huesped_id, persona_id) VALUES (483, 483); INSERT INTO reserva (reserva_id, numero_huespedes, precio_de_plan, cantidad_noches, fecha_inicio, fecha_final, fecha_creacion, habitacion_id, huesped_id, plan_id, servicio_id) VALUES (483, 4, 342.752267274969, 4, '2021-4-20', '2021-04-24', '2024-12-27T08:51:56.815Z', 1, 483, 1, 1); INSERT INTO persona (persona_id, cedula, nombre, fecha_nacimiento, genero, fecha_creacion) VALUES (484, '702866095', 'Ralph', '2004-01-18', 'Two* person', '2023-05-28'); INSERT INTO huesped (huesped_id, persona_id) VALUES (484, 484); INSERT INTO reserva (reserva_id, numero_huespedes, precio_de_plan, cantidad_noches, fecha_inicio, fecha_final, fecha_creacion, habitacion_id, huesped_id, plan_id, servicio_id) VALUES (484, 3, 342.752267274969, 1, '2021-4-21', '2021-04-22', '2024-12-27T08:51:56.815Z', 1, 484, 1, 2); INSERT INTO persona (persona_id, cedula, nombre, fecha_nacimiento, genero, fecha_creacion) VALUES (485, '623664074', 'Roger', '1999-02-14', 'Cis woman', '2023-05-19'); INSERT INTO huesped (huesped_id, persona_id) VALUES (485, 485); INSERT INTO reserva (reserva_id, numero_huespedes, precio_de_plan, cantidad_noches, fecha_inicio, fecha_final, fecha_creacion, habitacion_id, huesped_id, plan_id, servicio_id) VALUES (485, 1, 342.752267274969, 6, '2021-4-21', '2021-04-27', '2024-12-27T08:51:56.815Z', 1, 485, 1, 2); INSERT INTO persona (persona_id, cedula, nombre, fecha_nacimiento, genero, fecha_creacion) VALUES (486, '627226443', 'Phoebe', '2004-01-23', 'Demi-boy', '2024-10-24'); INSERT INTO huesped (huesped_id, persona_id) VALUES (486, 486); INSERT INTO reserva (reserva_id, numero_huespedes, precio_de_plan, cantidad_noches, fecha_inicio, fecha_final, fecha_creacion, habitacion_id, huesped_id, plan_id, servicio_id) VALUES (486, 2, 342.752267274969, 7, '2021-4-22', '2021-04-29', '2024-12-27T08:51:56.815Z', 1, 486, 1, 2); INSERT INTO persona (persona_id, cedula, nombre, fecha_nacimiento, genero, fecha_creacion) VALUES (487, '908734706', 'Norwood', '2016-10-31', 'Cis', '2024-08-14'); INSERT INTO huesped (huesped_id, persona_id) VALUES (487, 487); INSERT INTO reserva (reserva_id, numero_huespedes, precio_de_plan, cantidad_noches, fecha_inicio, fecha_final, fecha_creacion, habitacion_id, huesped_id, plan_id, servicio_id) VALUES (487, 2, 342.752267274969, 5, '2021-4-22', '2021-04-27', '2024-12-27T08:51:56.815Z', 1, 487, 1, 1); INSERT INTO persona (persona_id, cedula, nombre, fecha_nacimiento, genero, fecha_creacion) VALUES (488, '874655359', 'Keegan', '1987-10-04', 'Genderqueer', '2024-11-06'); INSERT INTO huesped (huesped_id, persona_id) VALUES (488, 488); INSERT INTO reserva (reserva_id, numero_huespedes, precio_de_plan, cantidad_noches, fecha_inicio, fecha_final, fecha_creacion, habitacion_id, huesped_id, plan_id, servicio_id) VALUES (488, 3, 342.752267274969, 7, '2021-4-22', '2021-04-29', '2024-12-27T08:51:56.815Z', 1, 488, 1, 1); INSERT INTO persona (persona_id, cedula, nombre, fecha_nacimiento, genero, fecha_creacion) VALUES (489, '700633433', 'Marisa', '2016-04-26', 'Transgender person', '2024-01-06'); INSERT INTO huesped (huesped_id, persona_id) VALUES (489, 489); INSERT INTO reserva (reserva_id, numero_huespedes, precio_de_plan, cantidad_noches, fecha_inicio, fecha_final, fecha_creacion, habitacion_id, huesped_id, plan_id, servicio_id) VALUES (489, 1, 342.752267274969, 2, '2021-4-23', '2021-04-25', '2024-12-27T08:51:56.815Z', 1, 489, 1, 1); INSERT INTO persona (persona_id, cedula, nombre, fecha_nacimiento, genero, fecha_creacion) VALUES (490, '220590904', 'Shane', '1995-08-06', 'Trans woman', '2024-02-27'); INSERT INTO huesped (huesped_id, persona_id) VALUES (490, 490); INSERT INTO reserva (reserva_id, numero_huespedes, precio_de_plan, cantidad_noches, fecha_inicio, fecha_final, fecha_creacion, habitacion_id, huesped_id, plan_id, servicio_id) VALUES (490, 4, 342.752267274969, 7, '2021-4-23', '2021-04-30', '2024-12-27T08:51:56.815Z', 1, 490, 1, 2); INSERT INTO persona (persona_id, cedula, nombre, fecha_nacimiento, genero, fecha_creacion) VALUES (491, '983113872', 'Carolyn', '2015-10-14', 'T* woman', '2023-09-09'); INSERT INTO huesped (huesped_id, persona_id) VALUES (491, 491); INSERT INTO reserva (reserva_id, numero_huespedes, precio_de_plan, cantidad_noches, fecha_inicio, fecha_final, fecha_creacion, habitacion_id, huesped_id, plan_id, servicio_id) VALUES (491, 3, 342.752267274969, 5, '2021-4-23', '2021-04-28', '2024-12-27T08:51:56.815Z', 1, 491, 1, 1); INSERT INTO persona (persona_id, cedula, nombre, fecha_nacimiento, genero, fecha_creacion) VALUES (492, '560495301', 'Antonette', '2018-05-03', 'Hermaphrodite', '2024-10-31'); INSERT INTO huesped (huesped_id, persona_id) VALUES (492, 492); INSERT INTO reserva (reserva_id, numero_huespedes, precio_de_plan, cantidad_noches, fecha_inicio, fecha_final, fecha_creacion, habitacion_id, huesped_id, plan_id, servicio_id) VALUES (492, 3, 342.752267274969, 4, '2021-4-24', '2021-04-28', '2024-12-27T08:51:56.815Z', 1, 492, 1, 2); INSERT INTO persona (persona_id, cedula, nombre, fecha_nacimiento, genero, fecha_creacion) VALUES (493, '199379316', 'Billie', '2011-05-08', 'Transsexual female', '2024-12-24'); INSERT INTO huesped (huesped_id, persona_id) VALUES (493, 493); INSERT INTO reserva (reserva_id, numero_huespedes, precio_de_plan, cantidad_noches, fecha_inicio, fecha_final, fecha_creacion, habitacion_id, huesped_id, plan_id, servicio_id) VALUES (493, 3, 40.183739452843355, 6, '2021-4-25', '2021-05-01', '2024-12-27T08:51:56.815Z', 1, 493, 2, 1); INSERT INTO persona (persona_id, cedula, nombre, fecha_nacimiento, genero, fecha_creacion) VALUES (494, '265135744', 'Helga', '2012-11-14', 'Demi-woman', '2024-10-14'); INSERT INTO huesped (huesped_id, persona_id) VALUES (494, 494); INSERT INTO reserva (reserva_id, numero_huespedes, precio_de_plan, cantidad_noches, fecha_inicio, fecha_final, fecha_creacion, habitacion_id, huesped_id, plan_id, servicio_id) VALUES (494, 4, 342.752267274969, 5, '2021-4-26', '2021-05-01', '2024-12-27T08:51:56.815Z', 1, 494, 1, 2); INSERT INTO persona (persona_id, cedula, nombre, fecha_nacimiento, genero, fecha_creacion) VALUES (495, '179716005', 'Casper', '2011-04-18', 'Cisgender male', '2023-05-28'); INSERT INTO huesped (huesped_id, persona_id) VALUES (495, 495); INSERT INTO reserva (reserva_id, numero_huespedes, precio_de_plan, cantidad_noches, fecha_inicio, fecha_final, fecha_creacion, habitacion_id, huesped_id, plan_id, servicio_id) VALUES (495, 3, 40.183739452843355, 2, '2021-4-27', '2021-04-29', '2024-12-27T08:51:56.815Z', 1, 495, 2, 2); INSERT INTO persona (persona_id, cedula, nombre, fecha_nacimiento, genero, fecha_creacion) VALUES (496, '368426895', 'Ena', '2017-06-24', 'Intersex', '2024-06-11'); INSERT INTO huesped (huesped_id, persona_id) VALUES (496, 496); INSERT INTO reserva (reserva_id, numero_huespedes, precio_de_plan, cantidad_noches, fecha_inicio, fecha_final, fecha_creacion, habitacion_id, huesped_id, plan_id, servicio_id) VALUES (496, 1, 342.752267274969, 1, '2021-4-27', '2021-04-28', '2024-12-27T08:51:56.815Z', 1, 496, 1, 1); INSERT INTO persona (persona_id, cedula, nombre, fecha_nacimiento, genero, fecha_creacion) VALUES (497, '508380368', 'Maegan', '2011-05-16', 'T* man', '2023-08-09'); INSERT INTO huesped (huesped_id, persona_id) VALUES (497, 497); INSERT INTO reserva (reserva_id, numero_huespedes, precio_de_plan, cantidad_noches, fecha_inicio, fecha_final, fecha_creacion, habitacion_id, huesped_id, plan_id, servicio_id) VALUES (497, 2, 40.183739452843355, 3, '2021-4-28', '2021-05-01', '2024-12-27T08:51:56.815Z', 1, 497, 2, 1); INSERT INTO persona (persona_id, cedula, nombre, fecha_nacimiento, genero, fecha_creacion) VALUES (498, '366268449', 'Pierce', '1980-07-13', 'Demi-man', '2024-04-15'); INSERT INTO huesped (huesped_id, persona_id) VALUES (498, 498); INSERT INTO reserva (reserva_id, numero_huespedes, precio_de_plan, cantidad_noches, fecha_inicio, fecha_final, fecha_creacion, habitacion_id, huesped_id, plan_id, servicio_id) VALUES (498, 4, 342.752267274969, 1, '2021-4-29', '2021-04-30', '2024-12-27T08:51:56.815Z', 1, 498, 1, 1); INSERT INTO persona (persona_id, cedula, nombre, fecha_nacimiento, genero, fecha_creacion) VALUES (499, '466626225', 'Issac', '1998-06-14', 'Cis man', '2024-05-05'); INSERT INTO huesped (huesped_id, persona_id) VALUES (499, 499); INSERT INTO reserva (reserva_id, numero_huespedes, precio_de_plan, cantidad_noches, fecha_inicio, fecha_final, fecha_creacion, habitacion_id, huesped_id, plan_id, servicio_id) VALUES (499, 2, 40.183739452843355, 4, '2021-4-29', '2021-05-03', '2024-12-27T08:51:56.815Z', 1, 499, 2, 2); INSERT INTO persona (persona_id, cedula, nombre, fecha_nacimiento, genero, fecha_creacion) VALUES (500, '184810926', 'Carley', '2000-04-28', 'Female to male transgender man', '2024-01-31'); INSERT INTO huesped (huesped_id, persona_id) VALUES (500, 500); INSERT INTO reserva (reserva_id, numero_huespedes, precio_de_plan, cantidad_noches, fecha_inicio, fecha_final, fecha_creacion, habitacion_id, huesped_id, plan_id, servicio_id) VALUES (500, 2, 342.752267274969, 5, '2021-4-30', '2021-05-05', '2024-12-27T08:51:56.815Z', 1, 500, 1, 2); INSERT INTO persona (persona_id, cedula, nombre, fecha_nacimiento, genero, fecha_creacion) VALUES (501, '705447285', 'Jamal', '2024-09-26', 'Male to female transsexual woman', '2023-09-01'); INSERT INTO huesped (huesped_id, persona_id) VALUES (501, 501); INSERT INTO reserva (reserva_id, numero_huespedes, precio_de_plan, cantidad_noches, fecha_inicio, fecha_final, fecha_creacion, habitacion_id, huesped_id, plan_id, servicio_id) VALUES (501, 4, 342.752267274969, 3, '2021-4-3', '2021-04-06', '2024-12-27T08:51:56.815Z', 1, 501, 1, 1); INSERT INTO persona (persona_id, cedula, nombre, fecha_nacimiento, genero, fecha_creacion) VALUES (502, '417080335', 'Lester', '2004-03-25', 'Male to female trans woman', '2024-09-12'); INSERT INTO huesped (huesped_id, persona_id) VALUES (502, 502); INSERT INTO reserva (reserva_id, numero_huespedes, precio_de_plan, cantidad_noches, fecha_inicio, fecha_final, fecha_creacion, habitacion_id, huesped_id, plan_id, servicio_id) VALUES (502, 3, 40.183739452843355, 3, '2021-4-3', '2021-04-06', '2024-12-27T08:51:56.816Z', 1, 502, 2, 2); INSERT INTO persona (persona_id, cedula, nombre, fecha_nacimiento, genero, fecha_creacion) VALUES (503, '945464064', 'Prince', '2022-05-31', 'Cis male', '2024-03-11'); INSERT INTO huesped (huesped_id, persona_id) VALUES (503, 503); INSERT INTO reserva (reserva_id, numero_huespedes, precio_de_plan, cantidad_noches, fecha_inicio, fecha_final, fecha_creacion, habitacion_id, huesped_id, plan_id, servicio_id) VALUES (503, 4, 342.752267274969, 3, '2021-4-3', '2021-04-06', '2024-12-27T08:51:56.816Z', 1, 503, 1, 1); INSERT INTO persona (persona_id, cedula, nombre, fecha_nacimiento, genero, fecha_creacion) VALUES (504, '217810959', 'Foster', '1991-12-25', 'Transsexual female', '2024-08-15'); INSERT INTO huesped (huesped_id, persona_id) VALUES (504, 504); INSERT INTO reserva (reserva_id, numero_huespedes, precio_de_plan, cantidad_noches, fecha_inicio, fecha_final, fecha_creacion, habitacion_id, huesped_id, plan_id, servicio_id) VALUES (504, 2, 40.183739452843355, 6, '2021-4-4', '2021-04-10', '2024-12-27T08:51:56.816Z', 1, 504, 2, 1); INSERT INTO persona (persona_id, cedula, nombre, fecha_nacimiento, genero, fecha_creacion) VALUES (505, '154807495', 'Webster', '2016-12-22', 'Female to male trans man', '2023-06-13'); INSERT INTO huesped (huesped_id, persona_id) VALUES (505, 505); INSERT INTO reserva (reserva_id, numero_huespedes, precio_de_plan, cantidad_noches, fecha_inicio, fecha_final, fecha_creacion, habitacion_id, huesped_id, plan_id, servicio_id) VALUES (505, 3, 342.752267274969, 5, '2021-4-5', '2021-04-10', '2024-12-27T08:51:56.816Z', 1, 505, 1, 1); INSERT INTO persona (persona_id, cedula, nombre, fecha_nacimiento, genero, fecha_creacion) VALUES (506, '571137800', 'Carolyne', '1989-08-11', 'Intersex man', '2024-06-17'); INSERT INTO huesped (huesped_id, persona_id) VALUES (506, 506); INSERT INTO reserva (reserva_id, numero_huespedes, precio_de_plan, cantidad_noches, fecha_inicio, fecha_final, fecha_creacion, habitacion_id, huesped_id, plan_id, servicio_id) VALUES (506, 2, 40.183739452843355, 1, '2021-4-5', '2021-04-06', '2024-12-27T08:51:56.816Z', 1, 506, 2, 2); INSERT INTO persona (persona_id, cedula, nombre, fecha_nacimiento, genero, fecha_creacion) VALUES (507, '425031752', 'Saige', '2024-03-25', 'Cisgender female', '2024-06-04'); INSERT INTO huesped (huesped_id, persona_id) VALUES (507, 507); INSERT INTO reserva (reserva_id, numero_huespedes, precio_de_plan, cantidad_noches, fecha_inicio, fecha_final, fecha_creacion, habitacion_id, huesped_id, plan_id, servicio_id) VALUES (507, 2, 342.752267274969, 5, '2021-4-5', '2021-04-10', '2024-12-27T08:51:56.816Z', 1, 507, 1, 1); INSERT INTO persona (persona_id, cedula, nombre, fecha_nacimiento, genero, fecha_creacion) VALUES (508, '730934095', 'Aisha', '2020-02-17', 'Transsexual person', '2024-04-19'); INSERT INTO huesped (huesped_id, persona_id) VALUES (508, 508); INSERT INTO reserva (reserva_id, numero_huespedes, precio_de_plan, cantidad_noches, fecha_inicio, fecha_final, fecha_creacion, habitacion_id, huesped_id, plan_id, servicio_id) VALUES (508, 3, 342.752267274969, 7, '2021-4-6', '2021-04-13', '2024-12-27T08:51:56.816Z', 1, 508, 1, 2); INSERT INTO persona (persona_id, cedula, nombre, fecha_nacimiento, genero, fecha_creacion) VALUES (509, '785974868', 'Naomi', '2020-08-14', 'Demiflux', '2023-02-11'); INSERT INTO huesped (huesped_id, persona_id) VALUES (509, 509); INSERT INTO reserva (reserva_id, numero_huespedes, precio_de_plan, cantidad_noches, fecha_inicio, fecha_final, fecha_creacion, habitacion_id, huesped_id, plan_id, servicio_id) VALUES (509, 3, 342.752267274969, 2, '2021-4-6', '2021-04-08', '2024-12-27T08:51:56.816Z', 1, 509, 1, 2); INSERT INTO persona (persona_id, cedula, nombre, fecha_nacimiento, genero, fecha_creacion) VALUES (510, '203767636', 'Anya', '1968-06-16', 'Multigender', '2024-04-21'); INSERT INTO huesped (huesped_id, persona_id) VALUES (510, 510); INSERT INTO reserva (reserva_id, numero_huespedes, precio_de_plan, cantidad_noches, fecha_inicio, fecha_final, fecha_creacion, habitacion_id, huesped_id, plan_id, servicio_id) VALUES (510, 4, 40.183739452843355, 3, '2021-4-6', '2021-04-09', '2024-12-27T08:51:56.816Z', 1, 510, 2, 2); INSERT INTO persona (persona_id, cedula, nombre, fecha_nacimiento, genero, fecha_creacion) VALUES (511, '974295395', 'Drake', '1998-01-31', 'Demigender', '2023-01-08'); INSERT INTO huesped (huesped_id, persona_id) VALUES (511, 511); INSERT INTO reserva (reserva_id, numero_huespedes, precio_de_plan, cantidad_noches, fecha_inicio, fecha_final, fecha_creacion, habitacion_id, huesped_id, plan_id, servicio_id) VALUES (511, 1, 342.752267274969, 5, '2021-4-8', '2021-04-13', '2024-12-27T08:51:56.816Z', 1, 511, 1, 1); INSERT INTO persona (persona_id, cedula, nombre, fecha_nacimiento, genero, fecha_creacion) VALUES (512, '786606077', 'Shirley', '1982-07-05', 'Female to male transsexual man', '2024-07-11'); INSERT INTO huesped (huesped_id, persona_id) VALUES (512, 512); INSERT INTO reserva (reserva_id, numero_huespedes, precio_de_plan, cantidad_noches, fecha_inicio, fecha_final, fecha_creacion, habitacion_id, huesped_id, plan_id, servicio_id) VALUES (512, 1, 342.752267274969, 7, '2021-4-8', '2021-04-15', '2024-12-27T08:51:56.816Z', 1, 512, 1, 2); INSERT INTO persona (persona_id, cedula, nombre, fecha_nacimiento, genero, fecha_creacion) VALUES (513, '456289250', 'Josiane', '2006-05-28', 'Transsexual person', '2023-08-07'); INSERT INTO huesped (huesped_id, persona_id) VALUES (513, 513); INSERT INTO reserva (reserva_id, numero_huespedes, precio_de_plan, cantidad_noches, fecha_inicio, fecha_final, fecha_creacion, habitacion_id, huesped_id, plan_id, servicio_id) VALUES (513, 1, 342.752267274969, 4, '2021-4-8', '2021-04-12', '2024-12-27T08:51:56.816Z', 1, 513, 1, 1); INSERT INTO persona (persona_id, cedula, nombre, fecha_nacimiento, genero, fecha_creacion) VALUES (514, '444372999', 'Adrien', '2000-12-18', 'Trans person', '2024-02-11'); INSERT INTO huesped (huesped_id, persona_id) VALUES (514, 514); INSERT INTO reserva (reserva_id, numero_huespedes, precio_de_plan, cantidad_noches, fecha_inicio, fecha_final, fecha_creacion, habitacion_id, huesped_id, plan_id, servicio_id) VALUES (514, 3, 342.752267274969, 5, '2021-4-10', '2021-04-15', '2024-12-27T08:51:56.816Z', 1, 514, 1, 1); INSERT INTO persona (persona_id, cedula, nombre, fecha_nacimiento, genero, fecha_creacion) VALUES (515, '498280452', 'Frederique', '2023-03-31', 'Androgynous', '2024-04-20'); INSERT INTO huesped (huesped_id, persona_id) VALUES (515, 515); INSERT INTO reserva (reserva_id, numero_huespedes, precio_de_plan, cantidad_noches, fecha_inicio, fecha_final, fecha_creacion, habitacion_id, huesped_id, plan_id, servicio_id) VALUES (515, 3, 342.752267274969, 6, '2021-4-10', '2021-04-16', '2024-12-27T08:51:56.816Z', 1, 515, 1, 1); INSERT INTO persona (persona_id, cedula, nombre, fecha_nacimiento, genero, fecha_creacion) VALUES (516, '291038340', 'Myrl', '2019-10-05', 'Other', '2024-04-26'); INSERT INTO huesped (huesped_id, persona_id) VALUES (516, 516); INSERT INTO reserva (reserva_id, numero_huespedes, precio_de_plan, cantidad_noches, fecha_inicio, fecha_final, fecha_creacion, habitacion_id, huesped_id, plan_id, servicio_id) VALUES (516, 2, 40.183739452843355, 6, '2021-4-10', '2021-04-16', '2024-12-27T08:51:56.816Z', 1, 516, 2, 2); INSERT INTO persona (persona_id, cedula, nombre, fecha_nacimiento, genero, fecha_creacion) VALUES (517, '886337183', 'Janae', '1999-05-25', 'Trans woman', '2024-01-09'); INSERT INTO huesped (huesped_id, persona_id) VALUES (517, 517); INSERT INTO reserva (reserva_id, numero_huespedes, precio_de_plan, cantidad_noches, fecha_inicio, fecha_final, fecha_creacion, habitacion_id, huesped_id, plan_id, servicio_id) VALUES (517, 1, 40.183739452843355, 1, '2021-4-11', '2021-04-12', '2024-12-27T08:51:56.816Z', 1, 517, 2, 1); INSERT INTO persona (persona_id, cedula, nombre, fecha_nacimiento, genero, fecha_creacion) VALUES (518, '530655570', 'Drake', '2009-01-24', 'Gender fluid', '2024-02-28'); INSERT INTO huesped (huesped_id, persona_id) VALUES (518, 518); INSERT INTO reserva (reserva_id, numero_huespedes, precio_de_plan, cantidad_noches, fecha_inicio, fecha_final, fecha_creacion, habitacion_id, huesped_id, plan_id, servicio_id) VALUES (518, 1, 342.752267274969, 6, '2021-4-11', '2021-04-17', '2024-12-27T08:51:56.816Z', 1, 518, 1, 1); INSERT INTO persona (persona_id, cedula, nombre, fecha_nacimiento, genero, fecha_creacion) VALUES (519, '123450007', 'Dustin', '2022-04-30', 'Transsexual woman', '2024-02-12'); INSERT INTO huesped (huesped_id, persona_id) VALUES (519, 519); INSERT INTO reserva (reserva_id, numero_huespedes, precio_de_plan, cantidad_noches, fecha_inicio, fecha_final, fecha_creacion, habitacion_id, huesped_id, plan_id, servicio_id) VALUES (519, 1, 40.183739452843355, 1, '2021-4-12', '2021-04-13', '2024-12-27T08:51:56.816Z', 1, 519, 2, 2); INSERT INTO persona (persona_id, cedula, nombre, fecha_nacimiento, genero, fecha_creacion) VALUES (520, '183962543', 'Ova', '2013-07-18', 'Male to female transgender woman', '2024-06-26'); INSERT INTO huesped (huesped_id, persona_id) VALUES (520, 520); INSERT INTO reserva (reserva_id, numero_huespedes, precio_de_plan, cantidad_noches, fecha_inicio, fecha_final, fecha_creacion, habitacion_id, huesped_id, plan_id, servicio_id) VALUES (520, 4, 342.752267274969, 2, '2021-4-13', '2021-04-15', '2024-12-27T08:51:56.816Z', 1, 520, 1, 1); INSERT INTO persona (persona_id, cedula, nombre, fecha_nacimiento, genero, fecha_creacion) VALUES (521, '472711407', 'Teresa', '2018-09-01', 'Two-spirit person', '2024-02-11'); INSERT INTO huesped (huesped_id, persona_id) VALUES (521, 521); INSERT INTO reserva (reserva_id, numero_huespedes, precio_de_plan, cantidad_noches, fecha_inicio, fecha_final, fecha_creacion, habitacion_id, huesped_id, plan_id, servicio_id) VALUES (521, 1, 342.752267274969, 3, '2021-4-13', '2021-04-16', '2024-12-27T08:51:56.816Z', 1, 521, 1, 2); INSERT INTO persona (persona_id, cedula, nombre, fecha_nacimiento, genero, fecha_creacion) VALUES (522, '198606163', 'Corbin', '2022-01-17', 'M2F', '2024-08-26'); INSERT INTO huesped (huesped_id, persona_id) VALUES (522, 522); INSERT INTO reserva (reserva_id, numero_huespedes, precio_de_plan, cantidad_noches, fecha_inicio, fecha_final, fecha_creacion, habitacion_id, huesped_id, plan_id, servicio_id) VALUES (522, 4, 40.183739452843355, 3, '2021-4-14', '2021-04-17', '2024-12-27T08:51:56.816Z', 1, 522, 2, 1); INSERT INTO persona (persona_id, cedula, nombre, fecha_nacimiento, genero, fecha_creacion) VALUES (523, '484131424', 'Aaliyah', '1995-07-09', 'Gender fluid', '2024-01-06'); INSERT INTO huesped (huesped_id, persona_id) VALUES (523, 523); INSERT INTO reserva (reserva_id, numero_huespedes, precio_de_plan, cantidad_noches, fecha_inicio, fecha_final, fecha_creacion, habitacion_id, huesped_id, plan_id, servicio_id) VALUES (523, 2, 40.183739452843355, 2, '2021-4-14', '2021-04-16', '2024-12-27T08:51:56.816Z', 1, 523, 2, 2); INSERT INTO persona (persona_id, cedula, nombre, fecha_nacimiento, genero, fecha_creacion) VALUES (524, '306576638', 'Robbie', '1997-02-24', 'Bigender', '2024-11-05'); INSERT INTO huesped (huesped_id, persona_id) VALUES (524, 524); INSERT INTO reserva (reserva_id, numero_huespedes, precio_de_plan, cantidad_noches, fecha_inicio, fecha_final, fecha_creacion, habitacion_id, huesped_id, plan_id, servicio_id) VALUES (524, 4, 342.752267274969, 2, '2021-4-14', '2021-04-16', '2024-12-27T08:51:56.816Z', 1, 524, 1, 2); INSERT INTO persona (persona_id, cedula, nombre, fecha_nacimiento, genero, fecha_creacion) VALUES (525, '705316064', 'Yolanda', '2011-09-09', 'MTF', '2024-01-13'); INSERT INTO huesped (huesped_id, persona_id) VALUES (525, 525); INSERT INTO reserva (reserva_id, numero_huespedes, precio_de_plan, cantidad_noches, fecha_inicio, fecha_final, fecha_creacion, habitacion_id, huesped_id, plan_id, servicio_id) VALUES (525, 2, 342.752267274969, 4, '2021-4-16', '2021-04-20', '2024-12-27T08:51:56.816Z', 1, 525, 1, 2); INSERT INTO persona (persona_id, cedula, nombre, fecha_nacimiento, genero, fecha_creacion) VALUES (526, '166287602', 'Travis', '1996-06-23', 'Gender fluid', '2024-06-02'); INSERT INTO huesped (huesped_id, persona_id) VALUES (526, 526); INSERT INTO reserva (reserva_id, numero_huespedes, precio_de_plan, cantidad_noches, fecha_inicio, fecha_final, fecha_creacion, habitacion_id, huesped_id, plan_id, servicio_id) VALUES (526, 1, 40.183739452843355, 2, '2021-4-16', '2021-04-18', '2024-12-27T08:51:56.816Z', 1, 526, 2, 1); INSERT INTO persona (persona_id, cedula, nombre, fecha_nacimiento, genero, fecha_creacion) VALUES (527, '659135952', 'Stanley', '1990-11-04', 'Androgynous', '2023-05-31'); INSERT INTO huesped (huesped_id, persona_id) VALUES (527, 527); INSERT INTO reserva (reserva_id, numero_huespedes, precio_de_plan, cantidad_noches, fecha_inicio, fecha_final, fecha_creacion, habitacion_id, huesped_id, plan_id, servicio_id) VALUES (527, 4, 342.752267274969, 2, '2021-4-16', '2021-04-18', '2024-12-27T08:51:56.816Z', 1, 527, 1, 2); INSERT INTO persona (persona_id, cedula, nombre, fecha_nacimiento, genero, fecha_creacion) VALUES (528, '780648820', 'Myrtle', '1995-12-20', 'F2M', '2023-04-08'); INSERT INTO huesped (huesped_id, persona_id) VALUES (528, 528); INSERT INTO reserva (reserva_id, numero_huespedes, precio_de_plan, cantidad_noches, fecha_inicio, fecha_final, fecha_creacion, habitacion_id, huesped_id, plan_id, servicio_id) VALUES (528, 4, 342.752267274969, 6, '2021-4-17', '2021-04-23', '2024-12-27T08:51:56.816Z', 1, 528, 1, 2); INSERT INTO persona (persona_id, cedula, nombre, fecha_nacimiento, genero, fecha_creacion) VALUES (529, '606806268', 'Domenic', '2011-10-25', 'Intersex man', '2024-09-23'); INSERT INTO huesped (huesped_id, persona_id) VALUES (529, 529); INSERT INTO reserva (reserva_id, numero_huespedes, precio_de_plan, cantidad_noches, fecha_inicio, fecha_final, fecha_creacion, habitacion_id, huesped_id, plan_id, servicio_id) VALUES (529, 1, 40.183739452843355, 6, '2021-4-17', '2021-04-23', '2024-12-27T08:51:56.816Z', 1, 529, 2, 1); INSERT INTO persona (persona_id, cedula, nombre, fecha_nacimiento, genero, fecha_creacion) VALUES (530, '306697828', 'Baby', '2024-04-10', 'Transmasculine', '2024-08-19'); INSERT INTO huesped (huesped_id, persona_id) VALUES (530, 530); INSERT INTO reserva (reserva_id, numero_huespedes, precio_de_plan, cantidad_noches, fecha_inicio, fecha_final, fecha_creacion, habitacion_id, huesped_id, plan_id, servicio_id) VALUES (530, 1, 342.752267274969, 4, '2021-4-17', '2021-04-21', '2024-12-27T08:51:56.816Z', 1, 530, 1, 1); INSERT INTO persona (persona_id, cedula, nombre, fecha_nacimiento, genero, fecha_creacion) VALUES (531, '490748591', 'Howell', '1987-09-22', 'Gender neutral', '2024-05-25'); INSERT INTO huesped (huesped_id, persona_id) VALUES (531, 531); INSERT INTO reserva (reserva_id, numero_huespedes, precio_de_plan, cantidad_noches, fecha_inicio, fecha_final, fecha_creacion, habitacion_id, huesped_id, plan_id, servicio_id) VALUES (531, 2, 342.752267274969, 3, '2021-4-18', '2021-04-21', '2024-12-27T08:51:56.817Z', 1, 531, 1, 1); INSERT INTO persona (persona_id, cedula, nombre, fecha_nacimiento, genero, fecha_creacion) VALUES (532, '185831381', 'Mauricio', '2018-04-27', 'Gender variant', '2023-11-11'); INSERT INTO huesped (huesped_id, persona_id) VALUES (532, 532); INSERT INTO reserva (reserva_id, numero_huespedes, precio_de_plan, cantidad_noches, fecha_inicio, fecha_final, fecha_creacion, habitacion_id, huesped_id, plan_id, servicio_id) VALUES (532, 1, 40.183739452843355, 5, '2021-4-18', '2021-04-23', '2024-12-27T08:51:56.817Z', 1, 532, 2, 2); INSERT INTO persona (persona_id, cedula, nombre, fecha_nacimiento, genero, fecha_creacion) VALUES (533, '880515288', 'Dangelo', '1973-11-09', 'FTM', '2024-10-07'); INSERT INTO huesped (huesped_id, persona_id) VALUES (533, 533); INSERT INTO reserva (reserva_id, numero_huespedes, precio_de_plan, cantidad_noches, fecha_inicio, fecha_final, fecha_creacion, habitacion_id, huesped_id, plan_id, servicio_id) VALUES (533, 1, 40.183739452843355, 5, '2021-4-19', '2021-04-24', '2024-12-27T08:51:56.817Z', 1, 533, 2, 1); INSERT INTO persona (persona_id, cedula, nombre, fecha_nacimiento, genero, fecha_creacion) VALUES (534, '169309304', 'Pablo', '1991-09-16', 'Transsexual female', '2024-07-14'); INSERT INTO huesped (huesped_id, persona_id) VALUES (534, 534); INSERT INTO reserva (reserva_id, numero_huespedes, precio_de_plan, cantidad_noches, fecha_inicio, fecha_final, fecha_creacion, habitacion_id, huesped_id, plan_id, servicio_id) VALUES (534, 3, 342.752267274969, 1, '2021-4-19', '2021-04-20', '2024-12-27T08:51:56.817Z', 1, 534, 1, 1); INSERT INTO persona (persona_id, cedula, nombre, fecha_nacimiento, genero, fecha_creacion) VALUES (535, '831382288', 'Aubrey', '2013-08-20', 'MTF', '2024-10-29'); INSERT INTO huesped (huesped_id, persona_id) VALUES (535, 535); INSERT INTO reserva (reserva_id, numero_huespedes, precio_de_plan, cantidad_noches, fecha_inicio, fecha_final, fecha_creacion, habitacion_id, huesped_id, plan_id, servicio_id) VALUES (535, 1, 40.183739452843355, 6, '2021-4-20', '2021-04-26', '2024-12-27T08:51:56.817Z', 1, 535, 2, 1); INSERT INTO persona (persona_id, cedula, nombre, fecha_nacimiento, genero, fecha_creacion) VALUES (536, '698264836', 'Kacey', '1987-07-22', 'M2F', '2023-06-01'); INSERT INTO huesped (huesped_id, persona_id) VALUES (536, 536); INSERT INTO reserva (reserva_id, numero_huespedes, precio_de_plan, cantidad_noches, fecha_inicio, fecha_final, fecha_creacion, habitacion_id, huesped_id, plan_id, servicio_id) VALUES (536, 1, 40.183739452843355, 1, '2021-4-21', '2021-04-22', '2024-12-27T08:51:56.817Z', 1, 536, 2, 1); INSERT INTO persona (persona_id, cedula, nombre, fecha_nacimiento, genero, fecha_creacion) VALUES (537, '180392018', 'Bret', '2019-11-15', 'Trans', '2023-12-30'); INSERT INTO huesped (huesped_id, persona_id) VALUES (537, 537); INSERT INTO reserva (reserva_id, numero_huespedes, precio_de_plan, cantidad_noches, fecha_inicio, fecha_final, fecha_creacion, habitacion_id, huesped_id, plan_id, servicio_id) VALUES (537, 2, 342.752267274969, 2, '2021-4-22', '2021-04-24', '2024-12-27T08:51:56.817Z', 1, 537, 1, 1); INSERT INTO persona (persona_id, cedula, nombre, fecha_nacimiento, genero, fecha_creacion) VALUES (538, '560649967', 'Leland', '2016-09-04', 'Cisgender male', '2024-08-20'); INSERT INTO huesped (huesped_id, persona_id) VALUES (538, 538); INSERT INTO reserva (reserva_id, numero_huespedes, precio_de_plan, cantidad_noches, fecha_inicio, fecha_final, fecha_creacion, habitacion_id, huesped_id, plan_id, servicio_id) VALUES (538, 2, 342.752267274969, 1, '2021-4-22', '2021-04-23', '2024-12-27T08:51:56.817Z', 1, 538, 1, 2); INSERT INTO persona (persona_id, cedula, nombre, fecha_nacimiento, genero, fecha_creacion) VALUES (539, '379860047', 'Gaetano', '2010-01-15', 'Male to female', '2024-10-19'); INSERT INTO huesped (huesped_id, persona_id) VALUES (539, 539); INSERT INTO reserva (reserva_id, numero_huespedes, precio_de_plan, cantidad_noches, fecha_inicio, fecha_final, fecha_creacion, habitacion_id, huesped_id, plan_id, servicio_id) VALUES (539, 3, 342.752267274969, 5, '2021-4-22', '2021-04-27', '2024-12-27T08:51:56.817Z', 1, 539, 1, 1); INSERT INTO persona (persona_id, cedula, nombre, fecha_nacimiento, genero, fecha_creacion) VALUES (540, '346219000', 'Elda', '2005-09-27', 'Bigender', '2023-03-28'); INSERT INTO huesped (huesped_id, persona_id) VALUES (540, 540); INSERT INTO reserva (reserva_id, numero_huespedes, precio_de_plan, cantidad_noches, fecha_inicio, fecha_final, fecha_creacion, habitacion_id, huesped_id, plan_id, servicio_id) VALUES (540, 1, 40.183739452843355, 2, '2021-4-23', '2021-04-25', '2024-12-27T08:51:56.817Z', 1, 540, 2, 2); INSERT INTO persona (persona_id, cedula, nombre, fecha_nacimiento, genero, fecha_creacion) VALUES (541, '490679800', 'Zora', '2021-11-07', 'Transsexual man', '2024-11-13'); INSERT INTO huesped (huesped_id, persona_id) VALUES (541, 541); INSERT INTO reserva (reserva_id, numero_huespedes, precio_de_plan, cantidad_noches, fecha_inicio, fecha_final, fecha_creacion, habitacion_id, huesped_id, plan_id, servicio_id) VALUES (541, 4, 40.183739452843355, 2, '2021-4-25', '2021-04-27', '2024-12-27T08:51:56.817Z', 1, 541, 2, 1); INSERT INTO persona (persona_id, cedula, nombre, fecha_nacimiento, genero, fecha_creacion) VALUES (542, '673394194', 'Kyla', '1994-11-18', 'Demiflux', '2024-12-16'); INSERT INTO huesped (huesped_id, persona_id) VALUES (542, 542); INSERT INTO reserva (reserva_id, numero_huespedes, precio_de_plan, cantidad_noches, fecha_inicio, fecha_final, fecha_creacion, habitacion_id, huesped_id, plan_id, servicio_id) VALUES (542, 3, 342.752267274969, 4, '2021-4-25', '2021-04-29', '2024-12-27T08:51:56.817Z', 1, 542, 1, 1); INSERT INTO persona (persona_id, cedula, nombre, fecha_nacimiento, genero, fecha_creacion) VALUES (543, '901652753', 'Felicita', '1966-12-28', 'Cis female', '2024-02-29'); INSERT INTO huesped (huesped_id, persona_id) VALUES (543, 543); INSERT INTO reserva (reserva_id, numero_huespedes, precio_de_plan, cantidad_noches, fecha_inicio, fecha_final, fecha_creacion, habitacion_id, huesped_id, plan_id, servicio_id) VALUES (543, 1, 342.752267274969, 3, '2021-4-25', '2021-04-28', '2024-12-27T08:51:56.817Z', 1, 543, 1, 2); INSERT INTO persona (persona_id, cedula, nombre, fecha_nacimiento, genero, fecha_creacion) VALUES (544, '761315397', 'Shyanne', '2011-07-27', 'Male to female transsexual woman', '2024-10-27'); INSERT INTO huesped (huesped_id, persona_id) VALUES (544, 544); INSERT INTO reserva (reserva_id, numero_huespedes, precio_de_plan, cantidad_noches, fecha_inicio, fecha_final, fecha_creacion, habitacion_id, huesped_id, plan_id, servicio_id) VALUES (544, 4, 40.183739452843355, 1, '2021-4-26', '2021-04-27', '2024-12-27T08:51:56.817Z', 1, 544, 2, 1); INSERT INTO persona (persona_id, cedula, nombre, fecha_nacimiento, genero, fecha_creacion) VALUES (545, '482123931', 'Melyssa', '2019-10-06', 'Bigender', '2023-01-19'); INSERT INTO huesped (huesped_id, persona_id) VALUES (545, 545); INSERT INTO reserva (reserva_id, numero_huespedes, precio_de_plan, cantidad_noches, fecha_inicio, fecha_final, fecha_creacion, habitacion_id, huesped_id, plan_id, servicio_id) VALUES (545, 2, 40.183739452843355, 4, '2021-4-27', '2021-05-01', '2024-12-27T08:51:56.817Z', 1, 545, 2, 1); INSERT INTO persona (persona_id, cedula, nombre, fecha_nacimiento, genero, fecha_creacion) VALUES (546, '983207728', 'John', '1975-08-07', 'Omnigender', '2024-02-07'); INSERT INTO huesped (huesped_id, persona_id) VALUES (546, 546); INSERT INTO reserva (reserva_id, numero_huespedes, precio_de_plan, cantidad_noches, fecha_inicio, fecha_final, fecha_creacion, habitacion_id, huesped_id, plan_id, servicio_id) VALUES (546, 4, 342.752267274969, 7, '2021-4-28', '2021-05-05', '2024-12-27T08:51:56.817Z', 1, 546, 1, 1); INSERT INTO persona (persona_id, cedula, nombre, fecha_nacimiento, genero, fecha_creacion) VALUES (547, '519592126', 'Jacinthe', '2024-09-27', 'Neither', '2024-12-07'); INSERT INTO huesped (huesped_id, persona_id) VALUES (547, 547); INSERT INTO reserva (reserva_id, numero_huespedes, precio_de_plan, cantidad_noches, fecha_inicio, fecha_final, fecha_creacion, habitacion_id, huesped_id, plan_id, servicio_id) VALUES (547, 2, 342.752267274969, 3, '2021-4-29', '2021-05-02', '2024-12-27T08:51:56.817Z', 1, 547, 1, 1); INSERT INTO persona (persona_id, cedula, nombre, fecha_nacimiento, genero, fecha_creacion) VALUES (548, '653080162', 'Roma', '2017-05-06', 'Trans person', '2024-10-14'); INSERT INTO huesped (huesped_id, persona_id) VALUES (548, 548); INSERT INTO reserva (reserva_id, numero_huespedes, precio_de_plan, cantidad_noches, fecha_inicio, fecha_final, fecha_creacion, habitacion_id, huesped_id, plan_id, servicio_id) VALUES (548, 1, 342.752267274969, 7, '2021-4-29', '2021-05-06', '2024-12-27T08:51:56.817Z', 1, 548, 1, 2); INSERT INTO persona (persona_id, cedula, nombre, fecha_nacimiento, genero, fecha_creacion) VALUES (549, '994932433', 'Roxane', '2001-02-26', 'Androgyne', '2023-07-07'); INSERT INTO huesped (huesped_id, persona_id) VALUES (549, 549); INSERT INTO reserva (reserva_id, numero_huespedes, precio_de_plan, cantidad_noches, fecha_inicio, fecha_final, fecha_creacion, habitacion_id, huesped_id, plan_id, servicio_id) VALUES (549, 4, 342.752267274969, 3, '2021-4-1', '2021-04-04', '2024-12-27T08:51:56.817Z', 1, 549, 1, 1); INSERT INTO persona (persona_id, cedula, nombre, fecha_nacimiento, genero, fecha_creacion) VALUES (550, '962364721', 'Jasen', '2003-02-04', 'Female to male transsexual man', '2024-12-05'); INSERT INTO huesped (huesped_id, persona_id) VALUES (550, 550); INSERT INTO reserva (reserva_id, numero_huespedes, precio_de_plan, cantidad_noches, fecha_inicio, fecha_final, fecha_creacion, habitacion_id, huesped_id, plan_id, servicio_id) VALUES (550, 2, 40.183739452843355, 2, '2021-4-1', '2021-04-03', '2024-12-27T08:51:56.817Z', 1, 550, 2, 2); INSERT INTO persona (persona_id, cedula, nombre, fecha_nacimiento, genero, fecha_creacion) VALUES (551, '911858472', 'Lou', '1989-10-13', 'Gender neutral', '2024-11-13'); INSERT INTO huesped (huesped_id, persona_id) VALUES (551, 551); INSERT INTO reserva (reserva_id, numero_huespedes, precio_de_plan, cantidad_noches, fecha_inicio, fecha_final, fecha_creacion, habitacion_id, huesped_id, plan_id, servicio_id) VALUES (551, 3, 40.183739452843355, 6, '2021-4-2', '2021-04-08', '2024-12-27T08:51:56.817Z', 1, 551, 2, 2); INSERT INTO persona (persona_id, cedula, nombre, fecha_nacimiento, genero, fecha_creacion) VALUES (552, '930523041', 'Brain', '2014-05-25', 'Transgender female', '2024-11-09'); INSERT INTO huesped (huesped_id, persona_id) VALUES (552, 552); INSERT INTO reserva (reserva_id, numero_huespedes, precio_de_plan, cantidad_noches, fecha_inicio, fecha_final, fecha_creacion, habitacion_id, huesped_id, plan_id, servicio_id) VALUES (552, 1, 342.752267274969, 4, '2021-4-2', '2021-04-06', '2024-12-27T08:51:56.817Z', 1, 552, 1, 1); INSERT INTO persona (persona_id, cedula, nombre, fecha_nacimiento, genero, fecha_creacion) VALUES (553, '214714265', 'Anissa', '2011-06-07', 'Demi-woman', '2024-05-12'); INSERT INTO huesped (huesped_id, persona_id) VALUES (553, 553); INSERT INTO reserva (reserva_id, numero_huespedes, precio_de_plan, cantidad_noches, fecha_inicio, fecha_final, fecha_creacion, habitacion_id, huesped_id, plan_id, servicio_id) VALUES (553, 1, 342.752267274969, 3, '2021-4-2', '2021-04-05', '2024-12-27T08:51:56.817Z', 1, 553, 1, 2); INSERT INTO persona (persona_id, cedula, nombre, fecha_nacimiento, genero, fecha_creacion) VALUES (554, '431934469', 'Tevin', '2023-08-14', 'Transgender female', '2024-10-01'); INSERT INTO huesped (huesped_id, persona_id) VALUES (554, 554); INSERT INTO reserva (reserva_id, numero_huespedes, precio_de_plan, cantidad_noches, fecha_inicio, fecha_final, fecha_creacion, habitacion_id, huesped_id, plan_id, servicio_id) VALUES (554, 3, 342.752267274969, 6, '2021-4-3', '2021-04-09', '2024-12-27T08:51:56.817Z', 1, 554, 1, 1); INSERT INTO persona (persona_id, cedula, nombre, fecha_nacimiento, genero, fecha_creacion) VALUES (555, '696162873', 'Cordie', '2000-08-08', 'Transsexual female', '2023-03-30'); INSERT INTO huesped (huesped_id, persona_id) VALUES (555, 555); INSERT INTO reserva (reserva_id, numero_huespedes, precio_de_plan, cantidad_noches, fecha_inicio, fecha_final, fecha_creacion, habitacion_id, huesped_id, plan_id, servicio_id) VALUES (555, 4, 342.752267274969, 7, '2021-4-3', '2021-04-10', '2024-12-27T08:51:56.817Z', 1, 555, 1, 2); INSERT INTO persona (persona_id, cedula, nombre, fecha_nacimiento, genero, fecha_creacion) VALUES (556, '713664499', 'Carolanne', '2013-02-09', 'MTF', '2023-07-28'); INSERT INTO huesped (huesped_id, persona_id) VALUES (556, 556); INSERT INTO reserva (reserva_id, numero_huespedes, precio_de_plan, cantidad_noches, fecha_inicio, fecha_final, fecha_creacion, habitacion_id, huesped_id, plan_id, servicio_id) VALUES (556, 3, 342.752267274969, 4, '2021-4-3', '2021-04-07', '2024-12-27T08:51:56.817Z', 1, 556, 1, 1); INSERT INTO persona (persona_id, cedula, nombre, fecha_nacimiento, genero, fecha_creacion) VALUES (557, '453699854', 'Kayley', '2006-01-29', 'Cisgender man', '2024-07-03'); INSERT INTO huesped (huesped_id, persona_id) VALUES (557, 557); INSERT INTO reserva (reserva_id, numero_huespedes, precio_de_plan, cantidad_noches, fecha_inicio, fecha_final, fecha_creacion, habitacion_id, huesped_id, plan_id, servicio_id) VALUES (557, 4, 40.183739452843355, 1, '2021-4-4', '2021-04-05', '2024-12-27T08:51:56.817Z', 1, 557, 2, 1); INSERT INTO persona (persona_id, cedula, nombre, fecha_nacimiento, genero, fecha_creacion) VALUES (558, '684561894', 'Donna', '2021-03-22', 'Transsexual female', '2024-12-03'); INSERT INTO huesped (huesped_id, persona_id) VALUES (558, 558); INSERT INTO reserva (reserva_id, numero_huespedes, precio_de_plan, cantidad_noches, fecha_inicio, fecha_final, fecha_creacion, habitacion_id, huesped_id, plan_id, servicio_id) VALUES (558, 4, 342.752267274969, 5, '2021-4-4', '2021-04-09', '2024-12-27T08:51:56.817Z', 1, 558, 1, 2); INSERT INTO persona (persona_id, cedula, nombre, fecha_nacimiento, genero, fecha_creacion) VALUES (559, '943883925', 'Alayna', '2014-08-22', 'Demigender', '2024-03-10'); INSERT INTO huesped (huesped_id, persona_id) VALUES (559, 559); INSERT INTO reserva (reserva_id, numero_huespedes, precio_de_plan, cantidad_noches, fecha_inicio, fecha_final, fecha_creacion, habitacion_id, huesped_id, plan_id, servicio_id) VALUES (559, 3, 40.183739452843355, 6, '2021-4-5', '2021-04-11', '2024-12-27T08:51:56.818Z', 1, 559, 2, 2); INSERT INTO persona (persona_id, cedula, nombre, fecha_nacimiento, genero, fecha_creacion) VALUES (560, '860168840', 'Sadye', '2002-10-26', 'Transsexual man', '2023-09-25'); INSERT INTO huesped (huesped_id, persona_id) VALUES (560, 560); INSERT INTO reserva (reserva_id, numero_huespedes, precio_de_plan, cantidad_noches, fecha_inicio, fecha_final, fecha_creacion, habitacion_id, huesped_id, plan_id, servicio_id) VALUES (560, 2, 342.752267274969, 1, '2021-4-6', '2021-04-07', '2024-12-27T08:51:56.818Z', 1, 560, 1, 2); INSERT INTO persona (persona_id, cedula, nombre, fecha_nacimiento, genero, fecha_creacion) VALUES (561, '639911575', 'Samanta', '2013-08-24', 'Demi-woman', '2024-08-14'); INSERT INTO huesped (huesped_id, persona_id) VALUES (561, 561); INSERT INTO reserva (reserva_id, numero_huespedes, precio_de_plan, cantidad_noches, fecha_inicio, fecha_final, fecha_creacion, habitacion_id, huesped_id, plan_id, servicio_id) VALUES (561, 2, 40.183739452843355, 3, '2021-4-6', '2021-04-09', '2024-12-27T08:51:56.818Z', 1, 561, 2, 1); INSERT INTO persona (persona_id, cedula, nombre, fecha_nacimiento, genero, fecha_creacion) VALUES (562, '390264067', 'Hosea', '2009-07-01', 'Transgender female', '2024-12-14'); INSERT INTO huesped (huesped_id, persona_id) VALUES (562, 562); INSERT INTO reserva (reserva_id, numero_huespedes, precio_de_plan, cantidad_noches, fecha_inicio, fecha_final, fecha_creacion, habitacion_id, huesped_id, plan_id, servicio_id) VALUES (562, 4, 342.752267274969, 4, '2021-4-6', '2021-04-10', '2024-12-27T08:51:56.818Z', 1, 562, 1, 2); INSERT INTO persona (persona_id, cedula, nombre, fecha_nacimiento, genero, fecha_creacion) VALUES (563, '922910414', 'Kyla', '2024-07-13', 'Two-spirit', '2024-09-25'); INSERT INTO huesped (huesped_id, persona_id) VALUES (563, 563); INSERT INTO reserva (reserva_id, numero_huespedes, precio_de_plan, cantidad_noches, fecha_inicio, fecha_final, fecha_creacion, habitacion_id, huesped_id, plan_id, servicio_id) VALUES (563, 3, 40.183739452843355, 3, '2021-4-7', '2021-04-10', '2024-12-27T08:51:56.818Z', 1, 563, 2, 2); INSERT INTO persona (persona_id, cedula, nombre, fecha_nacimiento, genero, fecha_creacion) VALUES (564, '337328988', 'Iva', '2007-05-01', 'Male to female trans woman', '2024-03-17'); INSERT INTO huesped (huesped_id, persona_id) VALUES (564, 564); INSERT INTO reserva (reserva_id, numero_huespedes, precio_de_plan, cantidad_noches, fecha_inicio, fecha_final, fecha_creacion, habitacion_id, huesped_id, plan_id, servicio_id) VALUES (564, 1, 342.752267274969, 6, '2021-4-7', '2021-04-13', '2024-12-27T08:51:56.818Z', 1, 564, 1, 2); INSERT INTO persona (persona_id, cedula, nombre, fecha_nacimiento, genero, fecha_creacion) VALUES (565, '290795112', 'Walker', '1994-10-10', 'Man', '2024-01-03'); INSERT INTO huesped (huesped_id, persona_id) VALUES (565, 565); INSERT INTO reserva (reserva_id, numero_huespedes, precio_de_plan, cantidad_noches, fecha_inicio, fecha_final, fecha_creacion, habitacion_id, huesped_id, plan_id, servicio_id) VALUES (565, 1, 342.752267274969, 6, '2021-4-7', '2021-04-13', '2024-12-27T08:51:56.818Z', 1, 565, 1, 1); INSERT INTO persona (persona_id, cedula, nombre, fecha_nacimiento, genero, fecha_creacion) VALUES (566, '742780311', 'Tracey', '2020-08-26', 'Bigender', '2024-08-17'); INSERT INTO huesped (huesped_id, persona_id) VALUES (566, 566); INSERT INTO reserva (reserva_id, numero_huespedes, precio_de_plan, cantidad_noches, fecha_inicio, fecha_final, fecha_creacion, habitacion_id, huesped_id, plan_id, servicio_id) VALUES (566, 4, 342.752267274969, 7, '2021-4-8', '2021-04-15', '2024-12-27T08:51:56.818Z', 1, 566, 1, 2); INSERT INTO persona (persona_id, cedula, nombre, fecha_nacimiento, genero, fecha_creacion) VALUES (567, '120506876', 'Yasmine', '2022-06-23', 'Demi-girl', '2024-11-15'); INSERT INTO huesped (huesped_id, persona_id) VALUES (567, 567); INSERT INTO reserva (reserva_id, numero_huespedes, precio_de_plan, cantidad_noches, fecha_inicio, fecha_final, fecha_creacion, habitacion_id, huesped_id, plan_id, servicio_id) VALUES (567, 2, 342.752267274969, 5, '2021-4-8', '2021-04-13', '2024-12-27T08:51:56.818Z', 1, 567, 1, 1); INSERT INTO persona (persona_id, cedula, nombre, fecha_nacimiento, genero, fecha_creacion) VALUES (568, '444770873', 'Aletha', '2010-06-09', 'Trans man', '2023-08-18'); INSERT INTO huesped (huesped_id, persona_id) VALUES (568, 568); INSERT INTO reserva (reserva_id, numero_huespedes, precio_de_plan, cantidad_noches, fecha_inicio, fecha_final, fecha_creacion, habitacion_id, huesped_id, plan_id, servicio_id) VALUES (568, 1, 40.183739452843355, 2, '2021-4-8', '2021-04-10', '2024-12-27T08:51:56.818Z', 1, 568, 2, 1); INSERT INTO persona (persona_id, cedula, nombre, fecha_nacimiento, genero, fecha_creacion) VALUES (569, '874300550', 'Oceane', '2000-04-23', 'Trans female', '2024-04-21'); INSERT INTO huesped (huesped_id, persona_id) VALUES (569, 569); INSERT INTO reserva (reserva_id, numero_huespedes, precio_de_plan, cantidad_noches, fecha_inicio, fecha_final, fecha_creacion, habitacion_id, huesped_id, plan_id, servicio_id) VALUES (569, 4, 40.183739452843355, 7, '2021-4-9', '2021-04-16', '2024-12-27T08:51:56.818Z', 1, 569, 2, 1); INSERT INTO persona (persona_id, cedula, nombre, fecha_nacimiento, genero, fecha_creacion) VALUES (570, '243090676', 'Norene', '2015-07-08', 'Trans man', '2023-12-19'); INSERT INTO huesped (huesped_id, persona_id) VALUES (570, 570); INSERT INTO reserva (reserva_id, numero_huespedes, precio_de_plan, cantidad_noches, fecha_inicio, fecha_final, fecha_creacion, habitacion_id, huesped_id, plan_id, servicio_id) VALUES (570, 4, 40.183739452843355, 4, '2021-4-10', '2021-04-14', '2024-12-27T08:51:56.818Z', 1, 570, 2, 2); INSERT INTO persona (persona_id, cedula, nombre, fecha_nacimiento, genero, fecha_creacion) VALUES (571, '533272966', 'Constance', '2015-10-08', 'Transsexual man', '2024-05-02'); INSERT INTO huesped (huesped_id, persona_id) VALUES (571, 571); INSERT INTO reserva (reserva_id, numero_huespedes, precio_de_plan, cantidad_noches, fecha_inicio, fecha_final, fecha_creacion, habitacion_id, huesped_id, plan_id, servicio_id) VALUES (571, 2, 40.183739452843355, 7, '2021-4-10', '2021-04-17', '2024-12-27T08:51:56.818Z', 1, 571, 2, 2); INSERT INTO persona (persona_id, cedula, nombre, fecha_nacimiento, genero, fecha_creacion) VALUES (572, '694857722', 'Murphy', '2023-08-24', 'Pangender', '2024-12-05'); INSERT INTO huesped (huesped_id, persona_id) VALUES (572, 572); INSERT INTO reserva (reserva_id, numero_huespedes, precio_de_plan, cantidad_noches, fecha_inicio, fecha_final, fecha_creacion, habitacion_id, huesped_id, plan_id, servicio_id) VALUES (572, 2, 40.183739452843355, 2, '2021-4-11', '2021-04-13', '2024-12-27T08:51:56.818Z', 1, 572, 2, 2); INSERT INTO persona (persona_id, cedula, nombre, fecha_nacimiento, genero, fecha_creacion) VALUES (573, '268640697', 'Nash', '2014-04-03', 'MTF', '2024-05-23'); INSERT INTO huesped (huesped_id, persona_id) VALUES (573, 573); INSERT INTO reserva (reserva_id, numero_huespedes, precio_de_plan, cantidad_noches, fecha_inicio, fecha_final, fecha_creacion, habitacion_id, huesped_id, plan_id, servicio_id) VALUES (573, 1, 40.183739452843355, 2, '2021-4-11', '2021-04-13', '2024-12-27T08:51:56.818Z', 1, 573, 2, 1); INSERT INTO persona (persona_id, cedula, nombre, fecha_nacimiento, genero, fecha_creacion) VALUES (574, '167938256', 'Esteban', '1990-06-02', 'Androgynous', '2024-03-20'); INSERT INTO huesped (huesped_id, persona_id) VALUES (574, 574); INSERT INTO reserva (reserva_id, numero_huespedes, precio_de_plan, cantidad_noches, fecha_inicio, fecha_final, fecha_creacion, habitacion_id, huesped_id, plan_id, servicio_id) VALUES (574, 2, 40.183739452843355, 5, '2021-4-12', '2021-04-17', '2024-12-27T08:51:56.818Z', 1, 574, 2, 1); INSERT INTO persona (persona_id, cedula, nombre, fecha_nacimiento, genero, fecha_creacion) VALUES (575, '679048157', 'Rosalind', '2007-03-16', 'Trans person', '2023-09-10'); INSERT INTO huesped (huesped_id, persona_id) VALUES (575, 575); INSERT INTO reserva (reserva_id, numero_huespedes, precio_de_plan, cantidad_noches, fecha_inicio, fecha_final, fecha_creacion, habitacion_id, huesped_id, plan_id, servicio_id) VALUES (575, 2, 342.752267274969, 2, '2021-4-12', '2021-04-14', '2024-12-27T08:51:56.818Z', 1, 575, 1, 1); INSERT INTO persona (persona_id, cedula, nombre, fecha_nacimiento, genero, fecha_creacion) VALUES (576, '595840697', 'Dannie', '2024-12-23', 'Female to male transsexual man', '2024-12-15'); INSERT INTO huesped (huesped_id, persona_id) VALUES (576, 576); INSERT INTO reserva (reserva_id, numero_huespedes, precio_de_plan, cantidad_noches, fecha_inicio, fecha_final, fecha_creacion, habitacion_id, huesped_id, plan_id, servicio_id) VALUES (576, 2, 342.752267274969, 3, '2021-4-13', '2021-04-16', '2024-12-27T08:51:56.818Z', 1, 576, 1, 1); INSERT INTO persona (persona_id, cedula, nombre, fecha_nacimiento, genero, fecha_creacion) VALUES (577, '710753875', 'Lexie', '2011-08-25', 'Demigender', '2024-02-20'); INSERT INTO huesped (huesped_id, persona_id) VALUES (577, 577); INSERT INTO reserva (reserva_id, numero_huespedes, precio_de_plan, cantidad_noches, fecha_inicio, fecha_final, fecha_creacion, habitacion_id, huesped_id, plan_id, servicio_id) VALUES (577, 1, 40.183739452843355, 2, '2021-4-15', '2021-04-17', '2024-12-27T08:51:56.818Z', 1, 577, 2, 2); INSERT INTO persona (persona_id, cedula, nombre, fecha_nacimiento, genero, fecha_creacion) VALUES (578, '910006581', 'Gertrude', '2008-12-13', 'M2F', '2024-07-29'); INSERT INTO huesped (huesped_id, persona_id) VALUES (578, 578); INSERT INTO reserva (reserva_id, numero_huespedes, precio_de_plan, cantidad_noches, fecha_inicio, fecha_final, fecha_creacion, habitacion_id, huesped_id, plan_id, servicio_id) VALUES (578, 4, 342.752267274969, 4, '2021-4-16', '2021-04-20', '2024-12-27T08:51:56.818Z', 1, 578, 1, 2); INSERT INTO persona (persona_id, cedula, nombre, fecha_nacimiento, genero, fecha_creacion) VALUES (579, '540953012', 'Antonietta', '2001-07-05', 'Cisgender woman', '2023-10-21'); INSERT INTO huesped (huesped_id, persona_id) VALUES (579, 579); INSERT INTO reserva (reserva_id, numero_huespedes, precio_de_plan, cantidad_noches, fecha_inicio, fecha_final, fecha_creacion, habitacion_id, huesped_id, plan_id, servicio_id) VALUES (579, 3, 40.183739452843355, 7, '2021-4-16', '2021-04-23', '2024-12-27T08:51:56.818Z', 1, 579, 2, 2); INSERT INTO persona (persona_id, cedula, nombre, fecha_nacimiento, genero, fecha_creacion) VALUES (580, '161323382', 'Serenity', '2001-07-20', 'Demigender', '2023-02-20'); INSERT INTO huesped (huesped_id, persona_id) VALUES (580, 580); INSERT INTO reserva (reserva_id, numero_huespedes, precio_de_plan, cantidad_noches, fecha_inicio, fecha_final, fecha_creacion, habitacion_id, huesped_id, plan_id, servicio_id) VALUES (580, 2, 40.183739452843355, 3, '2021-4-16', '2021-04-19', '2024-12-27T08:51:56.818Z', 1, 580, 2, 1); INSERT INTO persona (persona_id, cedula, nombre, fecha_nacimiento, genero, fecha_creacion) VALUES (581, '942134293', 'Jaquelin', '2011-12-13', 'Trans person', '2024-11-26'); INSERT INTO huesped (huesped_id, persona_id) VALUES (581, 581); INSERT INTO reserva (reserva_id, numero_huespedes, precio_de_plan, cantidad_noches, fecha_inicio, fecha_final, fecha_creacion, habitacion_id, huesped_id, plan_id, servicio_id) VALUES (581, 3, 342.752267274969, 2, '2021-4-17', '2021-04-19', '2024-12-27T08:51:56.818Z', 1, 581, 1, 2); INSERT INTO persona (persona_id, cedula, nombre, fecha_nacimiento, genero, fecha_creacion) VALUES (582, '618396968', 'Winifred', '2007-06-27', 'Cis man', '2023-01-11'); INSERT INTO huesped (huesped_id, persona_id) VALUES (582, 582); INSERT INTO reserva (reserva_id, numero_huespedes, precio_de_plan, cantidad_noches, fecha_inicio, fecha_final, fecha_creacion, habitacion_id, huesped_id, plan_id, servicio_id) VALUES (582, 3, 40.183739452843355, 1, '2021-4-17', '2021-04-18', '2024-12-27T08:51:56.818Z', 1, 582, 2, 2); INSERT INTO persona (persona_id, cedula, nombre, fecha_nacimiento, genero, fecha_creacion) VALUES (583, '902468655', 'Maybelle', '2008-05-02', 'Bigender', '2024-08-21'); INSERT INTO huesped (huesped_id, persona_id) VALUES (583, 583); INSERT INTO reserva (reserva_id, numero_huespedes, precio_de_plan, cantidad_noches, fecha_inicio, fecha_final, fecha_creacion, habitacion_id, huesped_id, plan_id, servicio_id) VALUES (583, 1, 40.183739452843355, 7, '2021-4-19', '2021-04-26', '2024-12-27T08:51:56.818Z', 1, 583, 2, 1); INSERT INTO persona (persona_id, cedula, nombre, fecha_nacimiento, genero, fecha_creacion) VALUES (584, '341674214', 'Heber', '2013-06-03', 'Male to female transsexual woman', '2024-01-29'); INSERT INTO huesped (huesped_id, persona_id) VALUES (584, 584); INSERT INTO reserva (reserva_id, numero_huespedes, precio_de_plan, cantidad_noches, fecha_inicio, fecha_final, fecha_creacion, habitacion_id, huesped_id, plan_id, servicio_id) VALUES (584, 3, 342.752267274969, 7, '2021-4-19', '2021-04-26', '2024-12-27T08:51:56.818Z', 1, 584, 1, 2); INSERT INTO persona (persona_id, cedula, nombre, fecha_nacimiento, genero, fecha_creacion) VALUES (585, '424495120', 'Jerrell', '2020-05-28', 'Woman', '2024-07-02'); INSERT INTO huesped (huesped_id, persona_id) VALUES (585, 585); INSERT INTO reserva (reserva_id, numero_huespedes, precio_de_plan, cantidad_noches, fecha_inicio, fecha_final, fecha_creacion, habitacion_id, huesped_id, plan_id, servicio_id) VALUES (585, 3, 342.752267274969, 3, '2021-4-20', '2021-04-23', '2024-12-27T08:51:56.818Z', 1, 585, 1, 1); INSERT INTO persona (persona_id, cedula, nombre, fecha_nacimiento, genero, fecha_creacion) VALUES (586, '956360282', 'Cyrus', '2005-10-04', 'Trans male', '2024-09-12'); INSERT INTO huesped (huesped_id, persona_id) VALUES (586, 586); INSERT INTO reserva (reserva_id, numero_huespedes, precio_de_plan, cantidad_noches, fecha_inicio, fecha_final, fecha_creacion, habitacion_id, huesped_id, plan_id, servicio_id) VALUES (586, 1, 40.183739452843355, 1, '2021-4-20', '2021-04-21', '2024-12-27T08:51:56.818Z', 1, 586, 2, 1); INSERT INTO persona (persona_id, cedula, nombre, fecha_nacimiento, genero, fecha_creacion) VALUES (587, '113756079', 'Karlie', '2002-02-16', 'Female to male transgender man', '2023-08-29'); INSERT INTO huesped (huesped_id, persona_id) VALUES (587, 587); INSERT INTO reserva (reserva_id, numero_huespedes, precio_de_plan, cantidad_noches, fecha_inicio, fecha_final, fecha_creacion, habitacion_id, huesped_id, plan_id, servicio_id) VALUES (587, 4, 40.183739452843355, 3, '2021-4-20', '2021-04-23', '2024-12-27T08:51:56.818Z', 1, 587, 2, 1); INSERT INTO persona (persona_id, cedula, nombre, fecha_nacimiento, genero, fecha_creacion) VALUES (588, '172627126', 'Kamryn', '2010-01-27', 'Intersex', '2023-08-01'); INSERT INTO huesped (huesped_id, persona_id) VALUES (588, 588); INSERT INTO reserva (reserva_id, numero_huespedes, precio_de_plan, cantidad_noches, fecha_inicio, fecha_final, fecha_creacion, habitacion_id, huesped_id, plan_id, servicio_id) VALUES (588, 3, 40.183739452843355, 3, '2021-4-22', '2021-04-25', '2024-12-27T08:51:56.819Z', 1, 588, 2, 2); INSERT INTO persona (persona_id, cedula, nombre, fecha_nacimiento, genero, fecha_creacion) VALUES (589, '186653524', 'Camila', '1997-03-27', 'T* man', '2024-06-01'); INSERT INTO huesped (huesped_id, persona_id) VALUES (589, 589); INSERT INTO reserva (reserva_id, numero_huespedes, precio_de_plan, cantidad_noches, fecha_inicio, fecha_final, fecha_creacion, habitacion_id, huesped_id, plan_id, servicio_id) VALUES (589, 3, 342.752267274969, 6, '2021-4-22', '2021-04-28', '2024-12-27T08:51:56.819Z', 1, 589, 1, 1); INSERT INTO persona (persona_id, cedula, nombre, fecha_nacimiento, genero, fecha_creacion) VALUES (590, '735182019', 'Itzel', '1998-05-24', 'Male to female transgender woman', '2024-08-03'); INSERT INTO huesped (huesped_id, persona_id) VALUES (590, 590); INSERT INTO reserva (reserva_id, numero_huespedes, precio_de_plan, cantidad_noches, fecha_inicio, fecha_final, fecha_creacion, habitacion_id, huesped_id, plan_id, servicio_id) VALUES (590, 4, 342.752267274969, 7, '2021-4-22', '2021-04-29', '2024-12-27T08:51:56.819Z', 1, 590, 1, 1); INSERT INTO persona (persona_id, cedula, nombre, fecha_nacimiento, genero, fecha_creacion) VALUES (591, '878309903', 'Jonas', '2001-11-12', 'Cisgender woman', '2024-12-05'); INSERT INTO huesped (huesped_id, persona_id) VALUES (591, 591); INSERT INTO reserva (reserva_id, numero_huespedes, precio_de_plan, cantidad_noches, fecha_inicio, fecha_final, fecha_creacion, habitacion_id, huesped_id, plan_id, servicio_id) VALUES (591, 4, 40.183739452843355, 2, '2021-4-23', '2021-04-25', '2024-12-27T08:51:56.819Z', 1, 591, 2, 1); INSERT INTO persona (persona_id, cedula, nombre, fecha_nacimiento, genero, fecha_creacion) VALUES (592, '986355261', 'Dena', '2015-03-04', 'Two* person', '2024-11-29'); INSERT INTO huesped (huesped_id, persona_id) VALUES (592, 592); INSERT INTO reserva (reserva_id, numero_huespedes, precio_de_plan, cantidad_noches, fecha_inicio, fecha_final, fecha_creacion, habitacion_id, huesped_id, plan_id, servicio_id) VALUES (592, 1, 342.752267274969, 7, '2021-4-23', '2021-04-30', '2024-12-27T08:51:56.819Z', 1, 592, 1, 1); INSERT INTO persona (persona_id, cedula, nombre, fecha_nacimiento, genero, fecha_creacion) VALUES (593, '412348818', 'Erling', '1993-11-15', 'Bigender', '2024-01-21'); INSERT INTO huesped (huesped_id, persona_id) VALUES (593, 593); INSERT INTO reserva (reserva_id, numero_huespedes, precio_de_plan, cantidad_noches, fecha_inicio, fecha_final, fecha_creacion, habitacion_id, huesped_id, plan_id, servicio_id) VALUES (593, 3, 342.752267274969, 5, '2021-4-24', '2021-04-29', '2024-12-27T08:51:56.819Z', 1, 593, 1, 2); INSERT INTO persona (persona_id, cedula, nombre, fecha_nacimiento, genero, fecha_creacion) VALUES (594, '119396142', 'Maegan', '1999-04-04', 'Transsexual person', '2024-06-03'); INSERT INTO huesped (huesped_id, persona_id) VALUES (594, 594); INSERT INTO reserva (reserva_id, numero_huespedes, precio_de_plan, cantidad_noches, fecha_inicio, fecha_final, fecha_creacion, habitacion_id, huesped_id, plan_id, servicio_id) VALUES (594, 3, 40.183739452843355, 6, '2021-4-24', '2021-04-30', '2024-12-27T08:51:56.819Z', 1, 594, 2, 2); INSERT INTO persona (persona_id, cedula, nombre, fecha_nacimiento, genero, fecha_creacion) VALUES (595, '562294186', 'Dwight', '2013-05-22', 'Gender fluid', '2024-06-07'); INSERT INTO huesped (huesped_id, persona_id) VALUES (595, 595); INSERT INTO reserva (reserva_id, numero_huespedes, precio_de_plan, cantidad_noches, fecha_inicio, fecha_final, fecha_creacion, habitacion_id, huesped_id, plan_id, servicio_id) VALUES (595, 3, 342.752267274969, 6, '2021-4-26', '2021-05-02', '2024-12-27T08:51:56.819Z', 1, 595, 1, 1); INSERT INTO persona (persona_id, cedula, nombre, fecha_nacimiento, genero, fecha_creacion) VALUES (596, '580581975', 'Quinton', '1968-07-29', 'Xenogender', '2024-04-16'); INSERT INTO huesped (huesped_id, persona_id) VALUES (596, 596); INSERT INTO reserva (reserva_id, numero_huespedes, precio_de_plan, cantidad_noches, fecha_inicio, fecha_final, fecha_creacion, habitacion_id, huesped_id, plan_id, servicio_id) VALUES (596, 1, 342.752267274969, 5, '2021-4-26', '2021-05-01', '2024-12-27T08:51:56.819Z', 1, 596, 1, 2); INSERT INTO persona (persona_id, cedula, nombre, fecha_nacimiento, genero, fecha_creacion) VALUES (597, '505532793', 'Arnoldo', '1999-10-10', 'Transsexual man', '2024-05-29'); INSERT INTO huesped (huesped_id, persona_id) VALUES (597, 597); INSERT INTO reserva (reserva_id, numero_huespedes, precio_de_plan, cantidad_noches, fecha_inicio, fecha_final, fecha_creacion, habitacion_id, huesped_id, plan_id, servicio_id) VALUES (597, 4, 40.183739452843355, 2, '2021-4-28', '2021-04-30', '2024-12-27T08:51:56.819Z', 1, 597, 2, 1); INSERT INTO persona (persona_id, cedula, nombre, fecha_nacimiento, genero, fecha_creacion) VALUES (598, '985625078', 'Colten', '2007-01-28', 'Demi-boy', '2024-01-03'); INSERT INTO huesped (huesped_id, persona_id) VALUES (598, 598); INSERT INTO reserva (reserva_id, numero_huespedes, precio_de_plan, cantidad_noches, fecha_inicio, fecha_final, fecha_creacion, habitacion_id, huesped_id, plan_id, servicio_id) VALUES (598, 4, 40.183739452843355, 1, '2021-4-28', '2021-04-29', '2024-12-27T08:51:56.819Z', 1, 598, 2, 1); INSERT INTO persona (persona_id, cedula, nombre, fecha_nacimiento, genero, fecha_creacion) VALUES (599, '654596420', 'Colby', '2023-09-08', 'FTM', '2024-12-11'); INSERT INTO huesped (huesped_id, persona_id) VALUES (599, 599); INSERT INTO reserva (reserva_id, numero_huespedes, precio_de_plan, cantidad_noches, fecha_inicio, fecha_final, fecha_creacion, habitacion_id, huesped_id, plan_id, servicio_id) VALUES (599, 1, 342.752267274969, 1, '2021-4-29', '2021-04-30', '2024-12-27T08:51:56.819Z', 1, 599, 1, 2); INSERT INTO persona (persona_id, cedula, nombre, fecha_nacimiento, genero, fecha_creacion) VALUES (600, '259391465', 'Vicente', '1977-11-18', 'Woman', '2024-05-05'); INSERT INTO huesped (huesped_id, persona_id) VALUES (600, 600); INSERT INTO reserva (reserva_id, numero_huespedes, precio_de_plan, cantidad_noches, fecha_inicio, fecha_final, fecha_creacion, habitacion_id, huesped_id, plan_id, servicio_id) VALUES (600, 4, 342.752267274969, 1, '2021-4-30', '2021-05-01', '2024-12-27T08:51:56.819Z', 1, 600, 1, 2); INSERT INTO persona (persona_id, cedula, nombre, fecha_nacimiento, genero, fecha_creacion) VALUES (601, '845189875', 'Aurore', '2017-12-19', 'Transsexual', '2023-01-23'); INSERT INTO huesped (huesped_id, persona_id) VALUES (601, 601); INSERT INTO reserva (reserva_id, numero_huespedes, precio_de_plan, cantidad_noches, fecha_inicio, fecha_final, fecha_creacion, habitacion_id, huesped_id, plan_id, servicio_id) VALUES (601, 2, 342.752267274969, 7, '2021-4-30', '2021-05-07', '2024-12-27T08:51:56.819Z', 1, 601, 1, 2); INSERT INTO persona (persona_id, cedula, nombre, fecha_nacimiento, genero, fecha_creacion) VALUES (602, '539385407', 'Martina', '2019-05-16', 'Neither', '2024-09-11'); INSERT INTO huesped (huesped_id, persona_id) VALUES (602, 602); INSERT INTO reserva (reserva_id, numero_huespedes, precio_de_plan, cantidad_noches, fecha_inicio, fecha_final, fecha_creacion, habitacion_id, huesped_id, plan_id, servicio_id) VALUES (602, 3, 342.752267274969, 2, '2021-4-30', '2021-05-02', '2024-12-27T08:51:56.819Z', 1, 602, 1, 2); INSERT INTO persona (persona_id, cedula, nombre, fecha_nacimiento, genero, fecha_creacion) VALUES (603, '737529261', 'Robyn', '2017-11-15', 'F2M', '2024-06-22'); INSERT INTO huesped (huesped_id, persona_id) VALUES (603, 603); INSERT INTO reserva (reserva_id, numero_huespedes, precio_de_plan, cantidad_noches, fecha_inicio, fecha_final, fecha_creacion, habitacion_id, huesped_id, plan_id, servicio_id) VALUES (603, 2, 40.183739452843355, 5, '2021-4-3', '2021-04-08', '2024-12-27T08:51:56.819Z', 1, 603, 2, 2); INSERT INTO persona (persona_id, cedula, nombre, fecha_nacimiento, genero, fecha_creacion) VALUES (604, '487836744', 'Arne', '1992-11-03', 'Demi-boy', '2024-01-24'); INSERT INTO huesped (huesped_id, persona_id) VALUES (604, 604); INSERT INTO reserva (reserva_id, numero_huespedes, precio_de_plan, cantidad_noches, fecha_inicio, fecha_final, fecha_creacion, habitacion_id, huesped_id, plan_id, servicio_id) VALUES (604, 2, 40.183739452843355, 2, '2021-4-3', '2021-04-05', '2024-12-27T08:51:56.819Z', 1, 604, 2, 1); INSERT INTO persona (persona_id, cedula, nombre, fecha_nacimiento, genero, fecha_creacion) VALUES (605, '376460860', 'Johnathan', '1975-07-28', 'Genderflux', '2023-07-09'); INSERT INTO huesped (huesped_id, persona_id) VALUES (605, 605); INSERT INTO reserva (reserva_id, numero_huespedes, precio_de_plan, cantidad_noches, fecha_inicio, fecha_final, fecha_creacion, habitacion_id, huesped_id, plan_id, servicio_id) VALUES (605, 1, 40.183739452843355, 6, '2021-4-3', '2021-04-09', '2024-12-27T08:51:56.819Z', 1, 605, 2, 1); INSERT INTO persona (persona_id, cedula, nombre, fecha_nacimiento, genero, fecha_creacion) VALUES (606, '825411493', 'Precious', '2019-02-01', 'Genderqueer', '2024-06-30'); INSERT INTO huesped (huesped_id, persona_id) VALUES (606, 606); INSERT INTO reserva (reserva_id, numero_huespedes, precio_de_plan, cantidad_noches, fecha_inicio, fecha_final, fecha_creacion, habitacion_id, huesped_id, plan_id, servicio_id) VALUES (606, 3, 40.183739452843355, 3, '2021-4-5', '2021-04-08', '2024-12-27T08:51:56.819Z', 1, 606, 2, 1); INSERT INTO persona (persona_id, cedula, nombre, fecha_nacimiento, genero, fecha_creacion) VALUES (607, '532961351', 'Hubert', '2010-12-06', 'Hermaphrodite', '2023-08-27'); INSERT INTO huesped (huesped_id, persona_id) VALUES (607, 607); INSERT INTO reserva (reserva_id, numero_huespedes, precio_de_plan, cantidad_noches, fecha_inicio, fecha_final, fecha_creacion, habitacion_id, huesped_id, plan_id, servicio_id) VALUES (607, 1, 342.752267274969, 3, '2021-4-5', '2021-04-08', '2024-12-27T08:51:56.819Z', 1, 607, 1, 2); INSERT INTO persona (persona_id, cedula, nombre, fecha_nacimiento, genero, fecha_creacion) VALUES (608, '630324565', 'Candice', '2020-05-18', 'Transgender person', '2024-10-04'); INSERT INTO huesped (huesped_id, persona_id) VALUES (608, 608); INSERT INTO reserva (reserva_id, numero_huespedes, precio_de_plan, cantidad_noches, fecha_inicio, fecha_final, fecha_creacion, habitacion_id, huesped_id, plan_id, servicio_id) VALUES (608, 1, 40.183739452843355, 4, '2021-4-5', '2021-04-09', '2024-12-27T08:51:56.819Z', 1, 608, 2, 1); INSERT INTO persona (persona_id, cedula, nombre, fecha_nacimiento, genero, fecha_creacion) VALUES (609, '689847343', 'Grayson', '2022-05-06', 'Cis man', '2024-04-04'); INSERT INTO huesped (huesped_id, persona_id) VALUES (609, 609); INSERT INTO reserva (reserva_id, numero_huespedes, precio_de_plan, cantidad_noches, fecha_inicio, fecha_final, fecha_creacion, habitacion_id, huesped_id, plan_id, servicio_id) VALUES (609, 4, 40.183739452843355, 6, '2021-4-7', '2021-04-13', '2024-12-27T08:51:56.819Z', 1, 609, 2, 2); INSERT INTO persona (persona_id, cedula, nombre, fecha_nacimiento, genero, fecha_creacion) VALUES (610, '863192308', 'Jaydon', '2001-07-16', 'Intersex man', '2024-05-22'); INSERT INTO huesped (huesped_id, persona_id) VALUES (610, 610); INSERT INTO reserva (reserva_id, numero_huespedes, precio_de_plan, cantidad_noches, fecha_inicio, fecha_final, fecha_creacion, habitacion_id, huesped_id, plan_id, servicio_id) VALUES (610, 4, 40.183739452843355, 3, '2021-4-7', '2021-04-10', '2024-12-27T08:51:56.819Z', 1, 610, 2, 1); INSERT INTO persona (persona_id, cedula, nombre, fecha_nacimiento, genero, fecha_creacion) VALUES (611, '644787717', 'Dylan', '2017-04-04', 'Cisgender', '2024-01-17'); INSERT INTO huesped (huesped_id, persona_id) VALUES (611, 611); INSERT INTO reserva (reserva_id, numero_huespedes, precio_de_plan, cantidad_noches, fecha_inicio, fecha_final, fecha_creacion, habitacion_id, huesped_id, plan_id, servicio_id) VALUES (611, 1, 40.183739452843355, 7, '2021-4-7', '2021-04-14', '2024-12-27T08:51:56.819Z', 1, 611, 2, 2); INSERT INTO persona (persona_id, cedula, nombre, fecha_nacimiento, genero, fecha_creacion) VALUES (612, '780008907', 'Harvey', '2012-02-24', 'Demi-boy', '2024-09-13'); INSERT INTO huesped (huesped_id, persona_id) VALUES (612, 612); INSERT INTO reserva (reserva_id, numero_huespedes, precio_de_plan, cantidad_noches, fecha_inicio, fecha_final, fecha_creacion, habitacion_id, huesped_id, plan_id, servicio_id) VALUES (612, 3, 40.183739452843355, 2, '2021-4-8', '2021-04-10', '2024-12-27T08:51:56.820Z', 1, 612, 2, 2); INSERT INTO persona (persona_id, cedula, nombre, fecha_nacimiento, genero, fecha_creacion) VALUES (613, '741026024', 'Vada', '1982-05-25', 'Cis woman', '2024-07-01'); INSERT INTO huesped (huesped_id, persona_id) VALUES (613, 613); INSERT INTO reserva (reserva_id, numero_huespedes, precio_de_plan, cantidad_noches, fecha_inicio, fecha_final, fecha_creacion, habitacion_id, huesped_id, plan_id, servicio_id) VALUES (613, 3, 40.183739452843355, 4, '2021-4-8', '2021-04-12', '2024-12-27T08:51:56.820Z', 1, 613, 2, 1); INSERT INTO persona (persona_id, cedula, nombre, fecha_nacimiento, genero, fecha_creacion) VALUES (614, '465393399', 'Ulices', '2021-07-17', 'Agender', '2024-02-27'); INSERT INTO huesped (huesped_id, persona_id) VALUES (614, 614); INSERT INTO reserva (reserva_id, numero_huespedes, precio_de_plan, cantidad_noches, fecha_inicio, fecha_final, fecha_creacion, habitacion_id, huesped_id, plan_id, servicio_id) VALUES (614, 3, 40.183739452843355, 2, '2021-4-9', '2021-04-11', '2024-12-27T08:51:56.820Z', 1, 614, 2, 1); INSERT INTO persona (persona_id, cedula, nombre, fecha_nacimiento, genero, fecha_creacion) VALUES (615, '984778894', 'Effie', '2001-12-26', 'FTM', '2024-11-14'); INSERT INTO huesped (huesped_id, persona_id) VALUES (615, 615); INSERT INTO reserva (reserva_id, numero_huespedes, precio_de_plan, cantidad_noches, fecha_inicio, fecha_final, fecha_creacion, habitacion_id, huesped_id, plan_id, servicio_id) VALUES (615, 3, 40.183739452843355, 6, '2021-4-10', '2021-04-16', '2024-12-27T08:51:56.820Z', 1, 615, 2, 2); INSERT INTO persona (persona_id, cedula, nombre, fecha_nacimiento, genero, fecha_creacion) VALUES (616, '473365705', 'Wilhelmine', '2000-11-11', 'Cis male', '2024-07-21'); INSERT INTO huesped (huesped_id, persona_id) VALUES (616, 616); INSERT INTO reserva (reserva_id, numero_huespedes, precio_de_plan, cantidad_noches, fecha_inicio, fecha_final, fecha_creacion, habitacion_id, huesped_id, plan_id, servicio_id) VALUES (616, 2, 40.183739452843355, 7, '2021-4-12', '2021-04-19', '2024-12-27T08:51:56.820Z', 1, 616, 2, 2); INSERT INTO persona (persona_id, cedula, nombre, fecha_nacimiento, genero, fecha_creacion) VALUES (617, '179511431', 'Mariela', '2024-08-13', 'Trigender', '2023-01-28'); INSERT INTO huesped (huesped_id, persona_id) VALUES (617, 617); INSERT INTO reserva (reserva_id, numero_huespedes, precio_de_plan, cantidad_noches, fecha_inicio, fecha_final, fecha_creacion, habitacion_id, huesped_id, plan_id, servicio_id) VALUES (617, 1, 40.183739452843355, 2, '2021-4-13', '2021-04-15', '2024-12-27T08:51:56.820Z', 1, 617, 2, 1); INSERT INTO persona (persona_id, cedula, nombre, fecha_nacimiento, genero, fecha_creacion) VALUES (618, '429610525', 'Ismael', '2023-01-31', 'Demi-girl', '2024-06-02'); INSERT INTO huesped (huesped_id, persona_id) VALUES (618, 618); INSERT INTO reserva (reserva_id, numero_huespedes, precio_de_plan, cantidad_noches, fecha_inicio, fecha_final, fecha_creacion, habitacion_id, huesped_id, plan_id, servicio_id) VALUES (618, 1, 40.183739452843355, 3, '2021-4-13', '2021-04-16', '2024-12-27T08:51:56.820Z', 1, 618, 2, 1); INSERT INTO persona (persona_id, cedula, nombre, fecha_nacimiento, genero, fecha_creacion) VALUES (619, '772733366', 'April', '2017-11-29', 'Transgender person', '2023-11-17'); INSERT INTO huesped (huesped_id, persona_id) VALUES (619, 619); INSERT INTO reserva (reserva_id, numero_huespedes, precio_de_plan, cantidad_noches, fecha_inicio, fecha_final, fecha_creacion, habitacion_id, huesped_id, plan_id, servicio_id) VALUES (619, 4, 40.183739452843355, 2, '2021-4-13', '2021-04-15', '2024-12-27T08:51:56.820Z', 1, 619, 2, 1); INSERT INTO persona (persona_id, cedula, nombre, fecha_nacimiento, genero, fecha_creacion) VALUES (620, '161751592', 'Jameson', '2005-05-26', 'Trans male', '2024-10-14'); INSERT INTO huesped (huesped_id, persona_id) VALUES (620, 620); INSERT INTO reserva (reserva_id, numero_huespedes, precio_de_plan, cantidad_noches, fecha_inicio, fecha_final, fecha_creacion, habitacion_id, huesped_id, plan_id, servicio_id) VALUES (620, 3, 40.183739452843355, 1, '2021-4-14', '2021-04-15', '2024-12-27T08:51:56.820Z', 1, 620, 2, 2); INSERT INTO persona (persona_id, cedula, nombre, fecha_nacimiento, genero, fecha_creacion) VALUES (621, '404324481', 'Kamron', '2024-04-11', 'Demigender', '2024-01-14'); INSERT INTO huesped (huesped_id, persona_id) VALUES (621, 621); INSERT INTO reserva (reserva_id, numero_huespedes, precio_de_plan, cantidad_noches, fecha_inicio, fecha_final, fecha_creacion, habitacion_id, huesped_id, plan_id, servicio_id) VALUES (621, 1, 342.752267274969, 7, '2021-4-15', '2021-04-22', '2024-12-27T08:51:56.820Z', 1, 621, 1, 2); INSERT INTO persona (persona_id, cedula, nombre, fecha_nacimiento, genero, fecha_creacion) VALUES (622, '709217068', 'Kenton', '1993-06-19', 'Woman', '2024-02-16'); INSERT INTO huesped (huesped_id, persona_id) VALUES (622, 622); INSERT INTO reserva (reserva_id, numero_huespedes, precio_de_plan, cantidad_noches, fecha_inicio, fecha_final, fecha_creacion, habitacion_id, huesped_id, plan_id, servicio_id) VALUES (622, 3, 342.752267274969, 6, '2021-4-16', '2021-04-22', '2024-12-27T08:51:56.820Z', 1, 622, 1, 1); INSERT INTO persona (persona_id, cedula, nombre, fecha_nacimiento, genero, fecha_creacion) VALUES (623, '765303206', 'Luisa', '2009-04-10', 'Neutrois', '2024-12-01'); INSERT INTO huesped (huesped_id, persona_id) VALUES (623, 623); INSERT INTO reserva (reserva_id, numero_huespedes, precio_de_plan, cantidad_noches, fecha_inicio, fecha_final, fecha_creacion, habitacion_id, huesped_id, plan_id, servicio_id) VALUES (623, 2, 342.752267274969, 1, '2021-4-16', '2021-04-17', '2024-12-27T08:51:56.820Z', 1, 623, 1, 1); INSERT INTO persona (persona_id, cedula, nombre, fecha_nacimiento, genero, fecha_creacion) VALUES (624, '764980025', 'Reece', '2018-02-15', 'Intersex', '2023-02-28'); INSERT INTO huesped (huesped_id, persona_id) VALUES (624, 624); INSERT INTO reserva (reserva_id, numero_huespedes, precio_de_plan, cantidad_noches, fecha_inicio, fecha_final, fecha_creacion, habitacion_id, huesped_id, plan_id, servicio_id) VALUES (624, 2, 342.752267274969, 7, '2021-4-16', '2021-04-23', '2024-12-27T08:51:56.820Z', 1, 624, 1, 1); INSERT INTO persona (persona_id, cedula, nombre, fecha_nacimiento, genero, fecha_creacion) VALUES (625, '525790187', 'Grant', '2014-07-10', 'Transsexual woman', '2024-10-08'); INSERT INTO huesped (huesped_id, persona_id) VALUES (625, 625); INSERT INTO reserva (reserva_id, numero_huespedes, precio_de_plan, cantidad_noches, fecha_inicio, fecha_final, fecha_creacion, habitacion_id, huesped_id, plan_id, servicio_id) VALUES (625, 2, 342.752267274969, 7, '2021-4-18', '2021-04-25', '2024-12-27T08:51:56.820Z', 1, 625, 1, 1); INSERT INTO persona (persona_id, cedula, nombre, fecha_nacimiento, genero, fecha_creacion) VALUES (626, '616733434', 'Kamryn', '2014-08-16', 'Transsexual person', '2024-11-02'); INSERT INTO huesped (huesped_id, persona_id) VALUES (626, 626); INSERT INTO reserva (reserva_id, numero_huespedes, precio_de_plan, cantidad_noches, fecha_inicio, fecha_final, fecha_creacion, habitacion_id, huesped_id, plan_id, servicio_id) VALUES (626, 2, 342.752267274969, 1, '2021-4-18', '2021-04-19', '2024-12-27T08:51:56.820Z', 1, 626, 1, 2); INSERT INTO persona (persona_id, cedula, nombre, fecha_nacimiento, genero, fecha_creacion) VALUES (627, '475401828', 'Juanita', '1999-03-12', 'Female to male', '2024-03-09'); INSERT INTO huesped (huesped_id, persona_id) VALUES (627, 627); INSERT INTO reserva (reserva_id, numero_huespedes, precio_de_plan, cantidad_noches, fecha_inicio, fecha_final, fecha_creacion, habitacion_id, huesped_id, plan_id, servicio_id) VALUES (627, 4, 342.752267274969, 6, '2021-4-18', '2021-04-24', '2024-12-27T08:51:56.820Z', 1, 627, 1, 2); INSERT INTO persona (persona_id, cedula, nombre, fecha_nacimiento, genero, fecha_creacion) VALUES (628, '132839302', 'Hortense', '2019-03-13', 'Trans female', '2023-03-19'); INSERT INTO huesped (huesped_id, persona_id) VALUES (628, 628); INSERT INTO reserva (reserva_id, numero_huespedes, precio_de_plan, cantidad_noches, fecha_inicio, fecha_final, fecha_creacion, habitacion_id, huesped_id, plan_id, servicio_id) VALUES (628, 4, 342.752267274969, 7, '2021-4-19', '2021-04-26', '2024-12-27T08:51:56.820Z', 1, 628, 1, 1); INSERT INTO persona (persona_id, cedula, nombre, fecha_nacimiento, genero, fecha_creacion) VALUES (629, '868483839', 'Darrel', '2016-04-29', 'Gender questioning', '2024-09-21'); INSERT INTO huesped (huesped_id, persona_id) VALUES (629, 629); INSERT INTO reserva (reserva_id, numero_huespedes, precio_de_plan, cantidad_noches, fecha_inicio, fecha_final, fecha_creacion, habitacion_id, huesped_id, plan_id, servicio_id) VALUES (629, 4, 40.183739452843355, 1, '2021-4-19', '2021-04-20', '2024-12-27T08:51:56.820Z', 1, 629, 2, 1); INSERT INTO persona (persona_id, cedula, nombre, fecha_nacimiento, genero, fecha_creacion) VALUES (630, '466697472', 'Cloyd', '2003-11-12', 'Intersex man', '2024-07-14'); INSERT INTO huesped (huesped_id, persona_id) VALUES (630, 630); INSERT INTO reserva (reserva_id, numero_huespedes, precio_de_plan, cantidad_noches, fecha_inicio, fecha_final, fecha_creacion, habitacion_id, huesped_id, plan_id, servicio_id) VALUES (630, 1, 40.183739452843355, 6, '2021-4-20', '2021-04-26', '2024-12-27T08:51:56.820Z', 1, 630, 2, 1); INSERT INTO persona (persona_id, cedula, nombre, fecha_nacimiento, genero, fecha_creacion) VALUES (631, '340753342', 'Jordi', '1973-08-29', 'Transsexual male', '2024-09-25'); INSERT INTO huesped (huesped_id, persona_id) VALUES (631, 631); INSERT INTO reserva (reserva_id, numero_huespedes, precio_de_plan, cantidad_noches, fecha_inicio, fecha_final, fecha_creacion, habitacion_id, huesped_id, plan_id, servicio_id) VALUES (631, 3, 40.183739452843355, 4, '2021-4-20', '2021-04-24', '2024-12-27T08:51:56.820Z', 1, 631, 2, 2); INSERT INTO persona (persona_id, cedula, nombre, fecha_nacimiento, genero, fecha_creacion) VALUES (632, '897223752', 'Andrew', '1973-08-11', 'Multigender', '2023-05-11'); INSERT INTO huesped (huesped_id, persona_id) VALUES (632, 632); INSERT INTO reserva (reserva_id, numero_huespedes, precio_de_plan, cantidad_noches, fecha_inicio, fecha_final, fecha_creacion, habitacion_id, huesped_id, plan_id, servicio_id) VALUES (632, 2, 342.752267274969, 1, '2021-4-21', '2021-04-22', '2024-12-27T08:51:56.820Z', 1, 632, 1, 2); INSERT INTO persona (persona_id, cedula, nombre, fecha_nacimiento, genero, fecha_creacion) VALUES (633, '734471531', 'Clovis', '2016-04-16', 'Cisgender female', '2024-06-28'); INSERT INTO huesped (huesped_id, persona_id) VALUES (633, 633); INSERT INTO reserva (reserva_id, numero_huespedes, precio_de_plan, cantidad_noches, fecha_inicio, fecha_final, fecha_creacion, habitacion_id, huesped_id, plan_id, servicio_id) VALUES (633, 3, 40.183739452843355, 5, '2021-4-21', '2021-04-26', '2024-12-27T08:51:56.820Z', 1, 633, 2, 2); INSERT INTO persona (persona_id, cedula, nombre, fecha_nacimiento, genero, fecha_creacion) VALUES (634, '347662577', 'Adeline', '2008-12-18', 'Trans', '2024-03-02'); INSERT INTO huesped (huesped_id, persona_id) VALUES (634, 634); INSERT INTO reserva (reserva_id, numero_huespedes, precio_de_plan, cantidad_noches, fecha_inicio, fecha_final, fecha_creacion, habitacion_id, huesped_id, plan_id, servicio_id) VALUES (634, 3, 40.183739452843355, 4, '2021-4-23', '2021-04-27', '2024-12-27T08:51:56.820Z', 1, 634, 2, 1); INSERT INTO persona (persona_id, cedula, nombre, fecha_nacimiento, genero, fecha_creacion) VALUES (635, '685154779', 'Lowell', '2002-03-26', 'Genderflux', '2024-03-21'); INSERT INTO huesped (huesped_id, persona_id) VALUES (635, 635); INSERT INTO reserva (reserva_id, numero_huespedes, precio_de_plan, cantidad_noches, fecha_inicio, fecha_final, fecha_creacion, habitacion_id, huesped_id, plan_id, servicio_id) VALUES (635, 1, 40.183739452843355, 4, '2021-4-24', '2021-04-28', '2024-12-27T08:51:56.821Z', 1, 635, 2, 1); INSERT INTO persona (persona_id, cedula, nombre, fecha_nacimiento, genero, fecha_creacion) VALUES (636, '793597678', 'Stephan', '2014-10-28', 'Cis female', '2024-10-20'); INSERT INTO huesped (huesped_id, persona_id) VALUES (636, 636); INSERT INTO reserva (reserva_id, numero_huespedes, precio_de_plan, cantidad_noches, fecha_inicio, fecha_final, fecha_creacion, habitacion_id, huesped_id, plan_id, servicio_id) VALUES (636, 1, 40.183739452843355, 7, '2021-4-24', '2021-05-01', '2024-12-27T08:51:56.821Z', 1, 636, 2, 2); INSERT INTO persona (persona_id, cedula, nombre, fecha_nacimiento, genero, fecha_creacion) VALUES (637, '727303731', 'Marge', '2000-05-18', 'Transgender person', '2024-06-08'); INSERT INTO huesped (huesped_id, persona_id) VALUES (637, 637); INSERT INTO reserva (reserva_id, numero_huespedes, precio_de_plan, cantidad_noches, fecha_inicio, fecha_final, fecha_creacion, habitacion_id, huesped_id, plan_id, servicio_id) VALUES (637, 1, 40.183739452843355, 3, '2021-4-24', '2021-04-27', '2024-12-27T08:51:56.821Z', 1, 637, 2, 1); INSERT INTO persona (persona_id, cedula, nombre, fecha_nacimiento, genero, fecha_creacion) VALUES (638, '569242583', 'Rebeka', '2020-03-28', 'Transsexual', '2024-07-30'); INSERT INTO huesped (huesped_id, persona_id) VALUES (638, 638); INSERT INTO reserva (reserva_id, numero_huespedes, precio_de_plan, cantidad_noches, fecha_inicio, fecha_final, fecha_creacion, habitacion_id, huesped_id, plan_id, servicio_id) VALUES (638, 2, 342.752267274969, 3, '2021-4-25', '2021-04-28', '2024-12-27T08:51:56.821Z', 1, 638, 1, 1); INSERT INTO persona (persona_id, cedula, nombre, fecha_nacimiento, genero, fecha_creacion) VALUES (639, '363964780', 'Jairo', '1984-04-05', 'Cisgender female', '2024-07-10'); INSERT INTO huesped (huesped_id, persona_id) VALUES (639, 639); INSERT INTO reserva (reserva_id, numero_huespedes, precio_de_plan, cantidad_noches, fecha_inicio, fecha_final, fecha_creacion, habitacion_id, huesped_id, plan_id, servicio_id) VALUES (639, 3, 40.183739452843355, 1, '2021-4-25', '2021-04-26', '2024-12-27T08:51:56.821Z', 1, 639, 2, 1); INSERT INTO persona (persona_id, cedula, nombre, fecha_nacimiento, genero, fecha_creacion) VALUES (640, '335966254', 'Thea', '1988-02-23', 'Transsexual person', '2023-07-15'); INSERT INTO huesped (huesped_id, persona_id) VALUES (640, 640); INSERT INTO reserva (reserva_id, numero_huespedes, precio_de_plan, cantidad_noches, fecha_inicio, fecha_final, fecha_creacion, habitacion_id, huesped_id, plan_id, servicio_id) VALUES (640, 1, 342.752267274969, 6, '2021-4-26', '2021-05-02', '2024-12-27T08:51:56.821Z', 1, 640, 1, 1); INSERT INTO persona (persona_id, cedula, nombre, fecha_nacimiento, genero, fecha_creacion) VALUES (641, '185995167', 'Alvis', '1978-06-25', 'Gender questioning', '2024-01-12'); INSERT INTO huesped (huesped_id, persona_id) VALUES (641, 641); INSERT INTO reserva (reserva_id, numero_huespedes, precio_de_plan, cantidad_noches, fecha_inicio, fecha_final, fecha_creacion, habitacion_id, huesped_id, plan_id, servicio_id) VALUES (641, 1, 40.183739452843355, 3, '2021-4-26', '2021-04-29', '2024-12-27T08:51:56.821Z', 1, 641, 2, 2); INSERT INTO persona (persona_id, cedula, nombre, fecha_nacimiento, genero, fecha_creacion) VALUES (642, '917189841', 'Alexandria', '1999-06-20', 'Gender variant', '2024-05-04'); INSERT INTO huesped (huesped_id, persona_id) VALUES (642, 642); INSERT INTO reserva (reserva_id, numero_huespedes, precio_de_plan, cantidad_noches, fecha_inicio, fecha_final, fecha_creacion, habitacion_id, huesped_id, plan_id, servicio_id) VALUES (642, 3, 342.752267274969, 1, '2021-4-27', '2021-04-28', '2024-12-27T08:51:56.821Z', 1, 642, 1, 1); INSERT INTO persona (persona_id, cedula, nombre, fecha_nacimiento, genero, fecha_creacion) VALUES (643, '704165614', 'Angelica', '1980-07-19', 'Gender nonconforming', '2024-07-30'); INSERT INTO huesped (huesped_id, persona_id) VALUES (643, 643); INSERT INTO reserva (reserva_id, numero_huespedes, precio_de_plan, cantidad_noches, fecha_inicio, fecha_final, fecha_creacion, habitacion_id, huesped_id, plan_id, servicio_id) VALUES (643, 3, 40.183739452843355, 2, '2021-4-27', '2021-04-29', '2024-12-27T08:51:56.821Z', 1, 643, 2, 1); INSERT INTO persona (persona_id, cedula, nombre, fecha_nacimiento, genero, fecha_creacion) VALUES (644, '226544518', 'Madge', '2019-12-18', 'Gender neutral', '2023-01-22'); INSERT INTO huesped (huesped_id, persona_id) VALUES (644, 644); INSERT INTO reserva (reserva_id, numero_huespedes, precio_de_plan, cantidad_noches, fecha_inicio, fecha_final, fecha_creacion, habitacion_id, huesped_id, plan_id, servicio_id) VALUES (644, 4, 342.752267274969, 6, '2021-4-28', '2021-05-04', '2024-12-27T08:51:56.821Z', 1, 644, 1, 2); INSERT INTO persona (persona_id, cedula, nombre, fecha_nacimiento, genero, fecha_creacion) VALUES (645, '688515877', 'Randall', '1997-12-13', 'Cisgender man', '2024-04-08'); INSERT INTO huesped (huesped_id, persona_id) VALUES (645, 645); INSERT INTO reserva (reserva_id, numero_huespedes, precio_de_plan, cantidad_noches, fecha_inicio, fecha_final, fecha_creacion, habitacion_id, huesped_id, plan_id, servicio_id) VALUES (645, 1, 342.752267274969, 5, '2021-4-28', '2021-05-03', '2024-12-27T08:51:56.821Z', 1, 645, 1, 1); INSERT INTO persona (persona_id, cedula, nombre, fecha_nacimiento, genero, fecha_creacion) VALUES (646, '736689810', 'Audra', '2018-07-26', 'T* man', '2024-03-21'); INSERT INTO huesped (huesped_id, persona_id) VALUES (646, 646); INSERT INTO reserva (reserva_id, numero_huespedes, precio_de_plan, cantidad_noches, fecha_inicio, fecha_final, fecha_creacion, habitacion_id, huesped_id, plan_id, servicio_id) VALUES (646, 4, 40.183739452843355, 7, '2021-4-28', '2021-05-05', '2024-12-27T08:51:56.821Z', 1, 646, 2, 2); INSERT INTO persona (persona_id, cedula, nombre, fecha_nacimiento, genero, fecha_creacion) VALUES (647, '438649567', 'Connie', '2016-06-09', 'Trans man', '2023-10-20'); INSERT INTO huesped (huesped_id, persona_id) VALUES (647, 647); INSERT INTO reserva (reserva_id, numero_huespedes, precio_de_plan, cantidad_noches, fecha_inicio, fecha_final, fecha_creacion, habitacion_id, huesped_id, plan_id, servicio_id) VALUES (647, 2, 342.752267274969, 3, '2021-4-30', '2021-05-03', '2024-12-27T08:51:56.821Z', 1, 647, 1, 1); INSERT INTO persona (persona_id, cedula, nombre, fecha_nacimiento, genero, fecha_creacion) VALUES (648, '612720957', 'Kyler', '2016-08-18', 'Genderqueer', '2024-05-03'); INSERT INTO huesped (huesped_id, persona_id) VALUES (648, 648); INSERT INTO reserva (reserva_id, numero_huespedes, precio_de_plan, cantidad_noches, fecha_inicio, fecha_final, fecha_creacion, habitacion_id, huesped_id, plan_id, servicio_id) VALUES (648, 1, 40.183739452843355, 1, '2021-1-1', '2021-01-02', '2024-12-27T08:51:56.821Z', 1, 648, 2, 2); INSERT INTO persona (persona_id, cedula, nombre, fecha_nacimiento, genero, fecha_creacion) VALUES (649, '284852156', 'Noemy', '2004-07-08', 'Bigender', '2023-12-23'); INSERT INTO huesped (huesped_id, persona_id) VALUES (649, 649); INSERT INTO reserva (reserva_id, numero_huespedes, precio_de_plan, cantidad_noches, fecha_inicio, fecha_final, fecha_creacion, habitacion_id, huesped_id, plan_id, servicio_id) VALUES (649, 3, 342.752267274969, 7, '2021-1-3', '2021-01-10', '2024-12-27T08:51:56.821Z', 1, 649, 1, 2); INSERT INTO persona (persona_id, cedula, nombre, fecha_nacimiento, genero, fecha_creacion) VALUES (650, '241036932', 'Conrad', '2012-12-15', 'Intersex person', '2023-03-02'); INSERT INTO huesped (huesped_id, persona_id) VALUES (650, 650); INSERT INTO reserva (reserva_id, numero_huespedes, precio_de_plan, cantidad_noches, fecha_inicio, fecha_final, fecha_creacion, habitacion_id, huesped_id, plan_id, servicio_id) VALUES (650, 2, 342.752267274969, 6, '2021-1-6', '2021-01-12', '2024-12-27T08:51:56.821Z', 1, 650, 1, 2); INSERT INTO persona (persona_id, cedula, nombre, fecha_nacimiento, genero, fecha_creacion) VALUES (651, '105065054', 'Bella', '1986-04-29', 'Transsexual male', '2024-05-30'); INSERT INTO huesped (huesped_id, persona_id) VALUES (651, 651); INSERT INTO reserva (reserva_id, numero_huespedes, precio_de_plan, cantidad_noches, fecha_inicio, fecha_final, fecha_creacion, habitacion_id, huesped_id, plan_id, servicio_id) VALUES (651, 1, 342.752267274969, 6, '2021-1-9', '2021-01-15', '2024-12-27T08:51:56.821Z', 1, 651, 1, 1); INSERT INTO persona (persona_id, cedula, nombre, fecha_nacimiento, genero, fecha_creacion) VALUES (652, '192532943', 'Jimmy', '1991-12-15', 'Transsexual man', '2024-09-23'); INSERT INTO huesped (huesped_id, persona_id) VALUES (652, 652); INSERT INTO reserva (reserva_id, numero_huespedes, precio_de_plan, cantidad_noches, fecha_inicio, fecha_final, fecha_creacion, habitacion_id, huesped_id, plan_id, servicio_id) VALUES (652, 2, 40.183739452843355, 6, '2021-1-10', '2021-01-16', '2024-12-27T08:51:56.822Z', 1, 652, 2, 1); INSERT INTO persona (persona_id, cedula, nombre, fecha_nacimiento, genero, fecha_creacion) VALUES (653, '585882450', 'Lee', '2016-05-26', 'Trans male', '2024-10-25'); INSERT INTO huesped (huesped_id, persona_id) VALUES (653, 653); INSERT INTO reserva (reserva_id, numero_huespedes, precio_de_plan, cantidad_noches, fecha_inicio, fecha_final, fecha_creacion, habitacion_id, huesped_id, plan_id, servicio_id) VALUES (653, 2, 40.183739452843355, 4, '2021-1-14', '2021-01-18', '2024-12-27T08:51:56.823Z', 1, 653, 2, 2); INSERT INTO persona (persona_id, cedula, nombre, fecha_nacimiento, genero, fecha_creacion) VALUES (654, '291602472', 'John', '2000-11-25', 'Demi-man', '2024-12-09'); INSERT INTO huesped (huesped_id, persona_id) VALUES (654, 654); INSERT INTO reserva (reserva_id, numero_huespedes, precio_de_plan, cantidad_noches, fecha_inicio, fecha_final, fecha_creacion, habitacion_id, huesped_id, plan_id, servicio_id) VALUES (654, 1, 40.183739452843355, 4, '2021-1-15', '2021-01-19', '2024-12-27T08:51:56.823Z', 1, 654, 2, 2); INSERT INTO persona (persona_id, cedula, nombre, fecha_nacimiento, genero, fecha_creacion) VALUES (655, '152383612', 'Tia', '1997-11-24', 'Demi-woman', '2023-06-09'); INSERT INTO huesped (huesped_id, persona_id) VALUES (655, 655); INSERT INTO reserva (reserva_id, numero_huespedes, precio_de_plan, cantidad_noches, fecha_inicio, fecha_final, fecha_creacion, habitacion_id, huesped_id, plan_id, servicio_id) VALUES (655, 1, 40.183739452843355, 4, '2021-1-19', '2021-01-23', '2024-12-27T08:51:56.823Z', 1, 655, 2, 2); INSERT INTO persona (persona_id, cedula, nombre, fecha_nacimiento, genero, fecha_creacion) VALUES (656, '441986058', 'Andre', '1986-08-07', 'Transsexual female', '2023-01-29'); INSERT INTO huesped (huesped_id, persona_id) VALUES (656, 656); INSERT INTO reserva (reserva_id, numero_huespedes, precio_de_plan, cantidad_noches, fecha_inicio, fecha_final, fecha_creacion, habitacion_id, huesped_id, plan_id, servicio_id) VALUES (656, 4, 342.752267274969, 5, '2021-1-20', '2021-01-25', '2024-12-27T08:51:56.823Z', 1, 656, 1, 2); INSERT INTO persona (persona_id, cedula, nombre, fecha_nacimiento, genero, fecha_creacion) VALUES (657, '752843863', 'Sasha', '1983-08-19', 'Demigender', '2023-02-08'); INSERT INTO huesped (huesped_id, persona_id) VALUES (657, 657); INSERT INTO reserva (reserva_id, numero_huespedes, precio_de_plan, cantidad_noches, fecha_inicio, fecha_final, fecha_creacion, habitacion_id, huesped_id, plan_id, servicio_id) VALUES (657, 2, 40.183739452843355, 3, '2021-1-22', '2021-01-25', '2024-12-27T08:51:56.823Z', 1, 657, 2, 1); INSERT INTO persona (persona_id, cedula, nombre, fecha_nacimiento, genero, fecha_creacion) VALUES (658, '909998288', 'Ellie', '2003-10-20', 'Cisgender', '2024-11-12'); INSERT INTO huesped (huesped_id, persona_id) VALUES (658, 658); INSERT INTO reserva (reserva_id, numero_huespedes, precio_de_plan, cantidad_noches, fecha_inicio, fecha_final, fecha_creacion, habitacion_id, huesped_id, plan_id, servicio_id) VALUES (658, 4, 342.752267274969, 3, '2021-1-24', '2021-01-27', '2024-12-27T08:51:56.823Z', 1, 658, 1, 1); INSERT INTO persona (persona_id, cedula, nombre, fecha_nacimiento, genero, fecha_creacion) VALUES (659, '384158084', 'Bria', '1978-08-21', 'Intersex man', '2024-09-12'); INSERT INTO huesped (huesped_id, persona_id) VALUES (659, 659); INSERT INTO reserva (reserva_id, numero_huespedes, precio_de_plan, cantidad_noches, fecha_inicio, fecha_final, fecha_creacion, habitacion_id, huesped_id, plan_id, servicio_id) VALUES (659, 4, 342.752267274969, 7, '2021-1-27', '2021-02-03', '2024-12-27T08:51:56.823Z', 1, 659, 1, 2); INSERT INTO persona (persona_id, cedula, nombre, fecha_nacimiento, genero, fecha_creacion) VALUES (660, '943272828', 'Alyson', '2023-11-24', 'Multigender', '2024-12-06'); INSERT INTO huesped (huesped_id, persona_id) VALUES (660, 660); INSERT INTO reserva (reserva_id, numero_huespedes, precio_de_plan, cantidad_noches, fecha_inicio, fecha_final, fecha_creacion, habitacion_id, huesped_id, plan_id, servicio_id) VALUES (660, 2, 342.752267274969, 2, '2021-1-30', '2021-02-01', '2024-12-27T08:51:56.823Z', 1, 660, 1, 1); INSERT INTO persona (persona_id, cedula, nombre, fecha_nacimiento, genero, fecha_creacion) VALUES (661, '437093117', 'Santos', '2017-03-24', 'Pangender', '2024-12-23'); INSERT INTO huesped (huesped_id, persona_id) VALUES (661, 661); INSERT INTO reserva (reserva_id, numero_huespedes, precio_de_plan, cantidad_noches, fecha_inicio, fecha_final, fecha_creacion, habitacion_id, huesped_id, plan_id, servicio_id) VALUES (661, 4, 342.752267274969, 1, '2021-1-31', '2021-02-01', '2024-12-27T08:51:56.823Z', 1, 661, 1, 2); INSERT INTO persona (persona_id, cedula, nombre, fecha_nacimiento, genero, fecha_creacion) VALUES (662, '503305589', 'Meghan', '2007-12-11', 'Cis', '2024-06-16'); INSERT INTO huesped (huesped_id, persona_id) VALUES (662, 662); INSERT INTO reserva (reserva_id, numero_huespedes, precio_de_plan, cantidad_noches, fecha_inicio, fecha_final, fecha_creacion, habitacion_id, huesped_id, plan_id, servicio_id) VALUES (662, 3, 342.752267274969, 2, '2021-1-2', '2021-01-04', '2024-12-27T08:51:56.824Z', 1, 662, 1, 1); INSERT INTO persona (persona_id, cedula, nombre, fecha_nacimiento, genero, fecha_creacion) VALUES (663, '835927754', 'Leola', '1985-12-27', 'Male to female', '2024-06-14'); INSERT INTO huesped (huesped_id, persona_id) VALUES (663, 663); INSERT INTO reserva (reserva_id, numero_huespedes, precio_de_plan, cantidad_noches, fecha_inicio, fecha_final, fecha_creacion, habitacion_id, huesped_id, plan_id, servicio_id) VALUES (663, 1, 40.183739452843355, 2, '2021-1-3', '2021-01-05', '2024-12-27T08:51:56.824Z', 1, 663, 2, 1); INSERT INTO persona (persona_id, cedula, nombre, fecha_nacimiento, genero, fecha_creacion) VALUES (664, '140896415', 'Rosina', '2008-12-09', 'Male to female trans woman', '2024-06-04'); INSERT INTO huesped (huesped_id, persona_id) VALUES (664, 664); INSERT INTO reserva (reserva_id, numero_huespedes, precio_de_plan, cantidad_noches, fecha_inicio, fecha_final, fecha_creacion, habitacion_id, huesped_id, plan_id, servicio_id) VALUES (664, 3, 342.752267274969, 3, '2021-1-4', '2021-01-07', '2024-12-27T08:51:56.824Z', 1, 664, 1, 1); INSERT INTO persona (persona_id, cedula, nombre, fecha_nacimiento, genero, fecha_creacion) VALUES (665, '153173740', 'Sylvia', '2016-12-11', 'Cis', '2024-11-15'); INSERT INTO huesped (huesped_id, persona_id) VALUES (665, 665); INSERT INTO reserva (reserva_id, numero_huespedes, precio_de_plan, cantidad_noches, fecha_inicio, fecha_final, fecha_creacion, habitacion_id, huesped_id, plan_id, servicio_id) VALUES (665, 3, 40.183739452843355, 3, '2021-1-6', '2021-01-09', '2024-12-27T08:51:56.824Z', 1, 665, 2, 1); INSERT INTO persona (persona_id, cedula, nombre, fecha_nacimiento, genero, fecha_creacion) VALUES (666, '298560841', 'Eleonore', '2013-10-19', 'Intersex', '2023-06-07'); INSERT INTO huesped (huesped_id, persona_id) VALUES (666, 666); INSERT INTO reserva (reserva_id, numero_huespedes, precio_de_plan, cantidad_noches, fecha_inicio, fecha_final, fecha_creacion, habitacion_id, huesped_id, plan_id, servicio_id) VALUES (666, 1, 40.183739452843355, 6, '2021-1-7', '2021-01-13', '2024-12-27T08:51:56.824Z', 1, 666, 2, 1); INSERT INTO persona (persona_id, cedula, nombre, fecha_nacimiento, genero, fecha_creacion) VALUES (667, '531006376', 'Andres', '2001-10-13', 'Genderqueer', '2023-03-28'); INSERT INTO huesped (huesped_id, persona_id) VALUES (667, 667); INSERT INTO reserva (reserva_id, numero_huespedes, precio_de_plan, cantidad_noches, fecha_inicio, fecha_final, fecha_creacion, habitacion_id, huesped_id, plan_id, servicio_id) VALUES (667, 3, 342.752267274969, 7, '2021-1-8', '2021-01-15', '2024-12-27T08:51:56.824Z', 1, 667, 1, 2); INSERT INTO persona (persona_id, cedula, nombre, fecha_nacimiento, genero, fecha_creacion) VALUES (668, '636269599', 'Rolando', '2014-01-22', 'Genderqueer', '2024-01-13'); INSERT INTO huesped (huesped_id, persona_id) VALUES (668, 668); INSERT INTO reserva (reserva_id, numero_huespedes, precio_de_plan, cantidad_noches, fecha_inicio, fecha_final, fecha_creacion, habitacion_id, huesped_id, plan_id, servicio_id) VALUES (668, 4, 342.752267274969, 4, '2021-1-11', '2021-01-15', '2024-12-27T08:51:56.824Z', 1, 668, 1, 2); INSERT INTO persona (persona_id, cedula, nombre, fecha_nacimiento, genero, fecha_creacion) VALUES (669, '173253392', 'Dana', '2022-11-01', 'Genderqueer', '2024-07-24'); INSERT INTO huesped (huesped_id, persona_id) VALUES (669, 669); INSERT INTO reserva (reserva_id, numero_huespedes, precio_de_plan, cantidad_noches, fecha_inicio, fecha_final, fecha_creacion, habitacion_id, huesped_id, plan_id, servicio_id) VALUES (669, 3, 40.183739452843355, 3, '2021-1-20', '2021-01-23', '2024-12-27T08:51:56.825Z', 1, 669, 2, 1); INSERT INTO persona (persona_id, cedula, nombre, fecha_nacimiento, genero, fecha_creacion) VALUES (670, '229268507', 'Jeromy', '2022-04-17', 'FTM', '2024-02-17'); INSERT INTO huesped (huesped_id, persona_id) VALUES (670, 670); INSERT INTO reserva (reserva_id, numero_huespedes, precio_de_plan, cantidad_noches, fecha_inicio, fecha_final, fecha_creacion, habitacion_id, huesped_id, plan_id, servicio_id) VALUES (670, 3, 342.752267274969, 1, '2021-1-24', '2021-01-25', '2024-12-27T08:51:56.825Z', 1, 670, 1, 2); INSERT INTO persona (persona_id, cedula, nombre, fecha_nacimiento, genero, fecha_creacion) VALUES (671, '141502830', 'Camila', '2024-08-03', 'Male to female transgender woman', '2024-08-09'); INSERT INTO huesped (huesped_id, persona_id) VALUES (671, 671); INSERT INTO reserva (reserva_id, numero_huespedes, precio_de_plan, cantidad_noches, fecha_inicio, fecha_final, fecha_creacion, habitacion_id, huesped_id, plan_id, servicio_id) VALUES (671, 2, 342.752267274969, 4, '2021-1-25', '2021-01-29', '2024-12-27T08:51:56.825Z', 1, 671, 1, 2); INSERT INTO persona (persona_id, cedula, nombre, fecha_nacimiento, genero, fecha_creacion) VALUES (672, '769882790', 'Devin', '1963-03-25', 'Female to male transgender man', '2024-09-13'); INSERT INTO huesped (huesped_id, persona_id) VALUES (672, 672); INSERT INTO reserva (reserva_id, numero_huespedes, precio_de_plan, cantidad_noches, fecha_inicio, fecha_final, fecha_creacion, habitacion_id, huesped_id, plan_id, servicio_id) VALUES (672, 4, 40.183739452843355, 5, '2021-1-26', '2021-01-31', '2024-12-27T08:51:56.825Z', 1, 672, 2, 1); INSERT INTO persona (persona_id, cedula, nombre, fecha_nacimiento, genero, fecha_creacion) VALUES (673, '739897128', 'London', '1998-09-10', 'Cis female', '2024-07-30'); INSERT INTO huesped (huesped_id, persona_id) VALUES (673, 673); INSERT INTO reserva (reserva_id, numero_huespedes, precio_de_plan, cantidad_noches, fecha_inicio, fecha_final, fecha_creacion, habitacion_id, huesped_id, plan_id, servicio_id) VALUES (673, 1, 40.183739452843355, 1, '2021-1-27', '2021-01-28', '2024-12-27T08:51:56.825Z', 1, 673, 2, 2); INSERT INTO persona (persona_id, cedula, nombre, fecha_nacimiento, genero, fecha_creacion) VALUES (674, '612848749', 'Geraldine', '1987-12-01', 'Demigender', '2024-11-06'); INSERT INTO huesped (huesped_id, persona_id) VALUES (674, 674); INSERT INTO reserva (reserva_id, numero_huespedes, precio_de_plan, cantidad_noches, fecha_inicio, fecha_final, fecha_creacion, habitacion_id, huesped_id, plan_id, servicio_id) VALUES (674, 4, 40.183739452843355, 1, '2021-1-28', '2021-01-29', '2024-12-27T08:51:56.825Z', 1, 674, 2, 1); INSERT INTO persona (persona_id, cedula, nombre, fecha_nacimiento, genero, fecha_creacion) VALUES (675, '494078536', 'Joshuah', '2023-08-02', 'Female to male transsexual man', '2024-07-23'); INSERT INTO huesped (huesped_id, persona_id) VALUES (675, 675); INSERT INTO reserva (reserva_id, numero_huespedes, precio_de_plan, cantidad_noches, fecha_inicio, fecha_final, fecha_creacion, habitacion_id, huesped_id, plan_id, servicio_id) VALUES (675, 1, 40.183739452843355, 1, '2021-1-29', '2021-01-30', '2024-12-27T08:51:56.825Z', 1, 675, 2, 2); INSERT INTO persona (persona_id, cedula, nombre, fecha_nacimiento, genero, fecha_creacion) VALUES (676, '723373800', 'Jenifer', '1982-09-12', 'Transsexual male', '2023-10-16'); INSERT INTO huesped (huesped_id, persona_id) VALUES (676, 676); INSERT INTO reserva (reserva_id, numero_huespedes, precio_de_plan, cantidad_noches, fecha_inicio, fecha_final, fecha_creacion, habitacion_id, huesped_id, plan_id, servicio_id) VALUES (676, 4, 342.752267274969, 3, '2021-1-30', '2021-02-02', '2024-12-27T08:51:56.825Z', 1, 676, 1, 1); INSERT INTO persona (persona_id, cedula, nombre, fecha_nacimiento, genero, fecha_creacion) VALUES (677, '182333970', 'Audie', '1994-01-08', 'Intersex woman', '2024-02-01'); INSERT INTO huesped (huesped_id, persona_id) VALUES (677, 677); INSERT INTO reserva (reserva_id, numero_huespedes, precio_de_plan, cantidad_noches, fecha_inicio, fecha_final, fecha_creacion, habitacion_id, huesped_id, plan_id, servicio_id) VALUES (677, 4, 342.752267274969, 6, '2021-1-31', '2021-02-06', '2024-12-27T08:51:56.825Z', 1, 677, 1, 1); INSERT INTO persona (persona_id, cedula, nombre, fecha_nacimiento, genero, fecha_creacion) VALUES (678, '929569841', 'Guadalupe', '2016-07-06', 'Gender variant', '2024-09-13'); INSERT INTO huesped (huesped_id, persona_id) VALUES (678, 678); INSERT INTO reserva (reserva_id, numero_huespedes, precio_de_plan, cantidad_noches, fecha_inicio, fecha_final, fecha_creacion, habitacion_id, huesped_id, plan_id, servicio_id) VALUES (678, 1, 40.183739452843355, 4, '2021-1-1', '2021-01-05', '2024-12-27T08:51:56.825Z', 1, 678, 2, 2); INSERT INTO persona (persona_id, cedula, nombre, fecha_nacimiento, genero, fecha_creacion) VALUES (679, '587555530', 'Garry', '1993-09-04', 'FTM', '2024-11-30'); INSERT INTO huesped (huesped_id, persona_id) VALUES (679, 679); INSERT INTO reserva (reserva_id, numero_huespedes, precio_de_plan, cantidad_noches, fecha_inicio, fecha_final, fecha_creacion, habitacion_id, huesped_id, plan_id, servicio_id) VALUES (679, 2, 40.183739452843355, 2, '2021-1-2', '2021-01-04', '2024-12-27T08:51:56.825Z', 1, 679, 2, 1); INSERT INTO persona (persona_id, cedula, nombre, fecha_nacimiento, genero, fecha_creacion) VALUES (680, '681167633', 'Ryder', '2004-07-19', 'Transsexual woman', '2023-07-09'); INSERT INTO huesped (huesped_id, persona_id) VALUES (680, 680); INSERT INTO reserva (reserva_id, numero_huespedes, precio_de_plan, cantidad_noches, fecha_inicio, fecha_final, fecha_creacion, habitacion_id, huesped_id, plan_id, servicio_id) VALUES (680, 1, 342.752267274969, 1, '2021-1-3', '2021-01-04', '2024-12-27T08:51:56.825Z', 1, 680, 1, 1); INSERT INTO persona (persona_id, cedula, nombre, fecha_nacimiento, genero, fecha_creacion) VALUES (681, '663402319', 'Wilford', '1991-02-16', 'Female to male', '2023-11-12'); INSERT INTO huesped (huesped_id, persona_id) VALUES (681, 681); INSERT INTO reserva (reserva_id, numero_huespedes, precio_de_plan, cantidad_noches, fecha_inicio, fecha_final, fecha_creacion, habitacion_id, huesped_id, plan_id, servicio_id) VALUES (681, 2, 342.752267274969, 5, '2021-1-4', '2021-01-09', '2024-12-27T08:51:56.825Z', 1, 681, 1, 1); INSERT INTO persona (persona_id, cedula, nombre, fecha_nacimiento, genero, fecha_creacion) VALUES (682, '384214924', 'Clovis', '1997-12-29', 'Trans male', '2024-10-01'); INSERT INTO huesped (huesped_id, persona_id) VALUES (682, 682); INSERT INTO reserva (reserva_id, numero_huespedes, precio_de_plan, cantidad_noches, fecha_inicio, fecha_final, fecha_creacion, habitacion_id, huesped_id, plan_id, servicio_id) VALUES (682, 2, 40.183739452843355, 1, '2021-1-6', '2021-01-07', '2024-12-27T08:51:56.826Z', 1, 682, 2, 2); INSERT INTO persona (persona_id, cedula, nombre, fecha_nacimiento, genero, fecha_creacion) VALUES (683, '171183125', 'Quincy', '1999-11-27', 'Hermaphrodite', '2024-06-08'); INSERT INTO huesped (huesped_id, persona_id) VALUES (683, 683); INSERT INTO reserva (reserva_id, numero_huespedes, precio_de_plan, cantidad_noches, fecha_inicio, fecha_final, fecha_creacion, habitacion_id, huesped_id, plan_id, servicio_id) VALUES (683, 2, 342.752267274969, 7, '2021-1-7', '2021-01-14', '2024-12-27T08:51:56.826Z', 1, 683, 1, 2); INSERT INTO persona (persona_id, cedula, nombre, fecha_nacimiento, genero, fecha_creacion) VALUES (684, '855415275', 'Wallace', '2011-04-01', 'Cisgender female', '2024-09-07'); INSERT INTO huesped (huesped_id, persona_id) VALUES (684, 684); INSERT INTO reserva (reserva_id, numero_huespedes, precio_de_plan, cantidad_noches, fecha_inicio, fecha_final, fecha_creacion, habitacion_id, huesped_id, plan_id, servicio_id) VALUES (684, 3, 40.183739452843355, 6, '2021-1-9', '2021-01-15', '2024-12-27T08:51:56.826Z', 1, 684, 2, 2); INSERT INTO persona (persona_id, cedula, nombre, fecha_nacimiento, genero, fecha_creacion) VALUES (685, '140254488', 'Berniece', '2006-11-02', 'Transgender person', '2023-09-24'); INSERT INTO huesped (huesped_id, persona_id) VALUES (685, 685); INSERT INTO reserva (reserva_id, numero_huespedes, precio_de_plan, cantidad_noches, fecha_inicio, fecha_final, fecha_creacion, habitacion_id, huesped_id, plan_id, servicio_id) VALUES (685, 4, 342.752267274969, 3, '2021-1-10', '2021-01-13', '2024-12-27T08:51:56.826Z', 1, 685, 1, 1); INSERT INTO persona (persona_id, cedula, nombre, fecha_nacimiento, genero, fecha_creacion) VALUES (686, '432727011', 'Ryley', '1994-06-13', 'Genderqueer', '2024-09-19'); INSERT INTO huesped (huesped_id, persona_id) VALUES (686, 686); INSERT INTO reserva (reserva_id, numero_huespedes, precio_de_plan, cantidad_noches, fecha_inicio, fecha_final, fecha_creacion, habitacion_id, huesped_id, plan_id, servicio_id) VALUES (686, 1, 40.183739452843355, 2, '2021-1-11', '2021-01-13', '2024-12-27T08:51:56.826Z', 1, 686, 2, 1); INSERT INTO persona (persona_id, cedula, nombre, fecha_nacimiento, genero, fecha_creacion) VALUES (687, '972294160', 'Madaline', '1998-12-15', 'Female to male transgender man', '2023-06-09'); INSERT INTO huesped (huesped_id, persona_id) VALUES (687, 687); INSERT INTO reserva (reserva_id, numero_huespedes, precio_de_plan, cantidad_noches, fecha_inicio, fecha_final, fecha_creacion, habitacion_id, huesped_id, plan_id, servicio_id) VALUES (687, 2, 40.183739452843355, 6, '2021-1-12', '2021-01-18', '2024-12-27T08:51:56.826Z', 1, 687, 2, 2); INSERT INTO persona (persona_id, cedula, nombre, fecha_nacimiento, genero, fecha_creacion) VALUES (688, '378661682', 'Reba', '2018-12-31', 'Gender fluid', '2024-11-17'); INSERT INTO huesped (huesped_id, persona_id) VALUES (688, 688); INSERT INTO reserva (reserva_id, numero_huespedes, precio_de_plan, cantidad_noches, fecha_inicio, fecha_final, fecha_creacion, habitacion_id, huesped_id, plan_id, servicio_id) VALUES (688, 1, 40.183739452843355, 3, '2021-1-16', '2021-01-19', '2024-12-27T08:51:56.826Z', 1, 688, 2, 1); INSERT INTO persona (persona_id, cedula, nombre, fecha_nacimiento, genero, fecha_creacion) VALUES (689, '624760989', 'Hollie', '1997-07-30', 'Intersex woman', '2024-12-05'); INSERT INTO huesped (huesped_id, persona_id) VALUES (689, 689); INSERT INTO reserva (reserva_id, numero_huespedes, precio_de_plan, cantidad_noches, fecha_inicio, fecha_final, fecha_creacion, habitacion_id, huesped_id, plan_id, servicio_id) VALUES (689, 4, 40.183739452843355, 2, '2021-1-19', '2021-01-21', '2024-12-27T08:51:56.826Z', 1, 689, 2, 1); INSERT INTO persona (persona_id, cedula, nombre, fecha_nacimiento, genero, fecha_creacion) VALUES (690, '618782613', 'Jaylan', '2009-02-15', 'Two-spirit', '2024-10-09'); INSERT INTO huesped (huesped_id, persona_id) VALUES (690, 690); INSERT INTO reserva (reserva_id, numero_huespedes, precio_de_plan, cantidad_noches, fecha_inicio, fecha_final, fecha_creacion, habitacion_id, huesped_id, plan_id, servicio_id) VALUES (690, 4, 40.183739452843355, 2, '2021-1-20', '2021-01-22', '2024-12-27T08:51:56.826Z', 1, 690, 2, 1); INSERT INTO persona (persona_id, cedula, nombre, fecha_nacimiento, genero, fecha_creacion) VALUES (691, '451049553', 'Destinee', '1987-11-18', 'Polygender', '2024-01-01'); INSERT INTO huesped (huesped_id, persona_id) VALUES (691, 691); INSERT INTO reserva (reserva_id, numero_huespedes, precio_de_plan, cantidad_noches, fecha_inicio, fecha_final, fecha_creacion, habitacion_id, huesped_id, plan_id, servicio_id) VALUES (691, 4, 342.752267274969, 3, '2021-1-21', '2021-01-24', '2024-12-27T08:51:56.826Z', 1, 691, 1, 2); INSERT INTO persona (persona_id, cedula, nombre, fecha_nacimiento, genero, fecha_creacion) VALUES (692, '134753690', 'Chelsey', '2022-02-23', 'Cisgender woman', '2024-01-09'); INSERT INTO huesped (huesped_id, persona_id) VALUES (692, 692); INSERT INTO reserva (reserva_id, numero_huespedes, precio_de_plan, cantidad_noches, fecha_inicio, fecha_final, fecha_creacion, habitacion_id, huesped_id, plan_id, servicio_id) VALUES (692, 1, 342.752267274969, 7, '2021-1-28', '2021-02-04', '2024-12-27T08:51:56.827Z', 1, 692, 1, 2); INSERT INTO persona (persona_id, cedula, nombre, fecha_nacimiento, genero, fecha_creacion) VALUES (693, '616167324', 'Lurline', '2008-03-15', 'Trans female', '2024-11-22'); INSERT INTO huesped (huesped_id, persona_id) VALUES (693, 693); INSERT INTO reserva (reserva_id, numero_huespedes, precio_de_plan, cantidad_noches, fecha_inicio, fecha_final, fecha_creacion, habitacion_id, huesped_id, plan_id, servicio_id) VALUES (693, 3, 342.752267274969, 7, '2021-1-30', '2021-02-06', '2024-12-27T08:51:56.827Z', 1, 693, 1, 2); INSERT INTO persona (persona_id, cedula, nombre, fecha_nacimiento, genero, fecha_creacion) VALUES (694, '997897708', 'Ahmed', '1965-12-22', 'Man', '2023-09-22'); INSERT INTO huesped (huesped_id, persona_id) VALUES (694, 694); INSERT INTO reserva (reserva_id, numero_huespedes, precio_de_plan, cantidad_noches, fecha_inicio, fecha_final, fecha_creacion, habitacion_id, huesped_id, plan_id, servicio_id) VALUES (694, 2, 40.183739452843355, 5, '2021-1-31', '2021-02-05', '2024-12-27T08:51:56.827Z', 1, 694, 2, 2); INSERT INTO persona (persona_id, cedula, nombre, fecha_nacimiento, genero, fecha_creacion) VALUES (695, '349727361', 'Serena', '2009-01-04', 'Other', '2024-10-15'); INSERT INTO huesped (huesped_id, persona_id) VALUES (695, 695); INSERT INTO reserva (reserva_id, numero_huespedes, precio_de_plan, cantidad_noches, fecha_inicio, fecha_final, fecha_creacion, habitacion_id, huesped_id, plan_id, servicio_id) VALUES (695, 2, 342.752267274969, 6, '2021-4-1', '2021-04-07', '2024-12-27T08:51:56.827Z', 1, 695, 1, 1); INSERT INTO persona (persona_id, cedula, nombre, fecha_nacimiento, genero, fecha_creacion) VALUES (696, '944067693', 'Alfonzo', '2005-11-06', 'Female to male transgender man', '2024-11-19'); INSERT INTO huesped (huesped_id, persona_id) VALUES (696, 696); INSERT INTO reserva (reserva_id, numero_huespedes, precio_de_plan, cantidad_noches, fecha_inicio, fecha_final, fecha_creacion, habitacion_id, huesped_id, plan_id, servicio_id) VALUES (696, 2, 342.752267274969, 1, '2021-4-4', '2021-04-05', '2024-12-27T08:51:56.827Z', 1, 696, 1, 1); INSERT INTO persona (persona_id, cedula, nombre, fecha_nacimiento, genero, fecha_creacion) VALUES (697, '579830519', 'Kenya', '2019-05-10', 'Multigender', '2024-07-27'); INSERT INTO huesped (huesped_id, persona_id) VALUES (697, 697); INSERT INTO reserva (reserva_id, numero_huespedes, precio_de_plan, cantidad_noches, fecha_inicio, fecha_final, fecha_creacion, habitacion_id, huesped_id, plan_id, servicio_id) VALUES (697, 4, 40.183739452843355, 3, '2021-4-5', '2021-04-08', '2024-12-27T08:51:56.827Z', 1, 697, 2, 1); INSERT INTO persona (persona_id, cedula, nombre, fecha_nacimiento, genero, fecha_creacion) VALUES (698, '526795451', 'Suzanne', '2014-08-14', 'Bigender', '2023-12-17'); INSERT INTO huesped (huesped_id, persona_id) VALUES (698, 698); INSERT INTO reserva (reserva_id, numero_huespedes, precio_de_plan, cantidad_noches, fecha_inicio, fecha_final, fecha_creacion, habitacion_id, huesped_id, plan_id, servicio_id) VALUES (698, 4, 342.752267274969, 4, '2021-4-5', '2021-04-09', '2024-12-27T08:51:56.827Z', 1, 698, 1, 1); INSERT INTO persona (persona_id, cedula, nombre, fecha_nacimiento, genero, fecha_creacion) VALUES (699, '731070858', 'Bessie', '2011-04-09', 'Cis male', '2024-01-16'); INSERT INTO huesped (huesped_id, persona_id) VALUES (699, 699); INSERT INTO reserva (reserva_id, numero_huespedes, precio_de_plan, cantidad_noches, fecha_inicio, fecha_final, fecha_creacion, habitacion_id, huesped_id, plan_id, servicio_id) VALUES (699, 1, 342.752267274969, 6, '2021-4-5', '2021-04-11', '2024-12-27T08:51:56.827Z', 1, 699, 1, 1); INSERT INTO persona (persona_id, cedula, nombre, fecha_nacimiento, genero, fecha_creacion) VALUES (700, '301661464', 'Dan', '1962-08-09', 'Female to male transsexual man', '2024-03-11'); INSERT INTO huesped (huesped_id, persona_id) VALUES (700, 700); INSERT INTO reserva (reserva_id, numero_huespedes, precio_de_plan, cantidad_noches, fecha_inicio, fecha_final, fecha_creacion, habitacion_id, huesped_id, plan_id, servicio_id) VALUES (700, 2, 40.183739452843355, 6, '2021-4-7', '2021-04-13', '2024-12-27T08:51:56.828Z', 1, 700, 2, 2); INSERT INTO persona (persona_id, cedula, nombre, fecha_nacimiento, genero, fecha_creacion) VALUES (701, '348969260', 'Erik', '2008-07-22', 'Female to male trans man', '2024-05-20'); INSERT INTO huesped (huesped_id, persona_id) VALUES (701, 701); INSERT INTO reserva (reserva_id, numero_huespedes, precio_de_plan, cantidad_noches, fecha_inicio, fecha_final, fecha_creacion, habitacion_id, huesped_id, plan_id, servicio_id) VALUES (701, 1, 342.752267274969, 4, '2021-4-7', '2021-04-11', '2024-12-27T08:51:56.828Z', 1, 701, 1, 2); INSERT INTO persona (persona_id, cedula, nombre, fecha_nacimiento, genero, fecha_creacion) VALUES (702, '416101785', 'Neoma', '2007-08-19', 'Transsexual male', '2024-02-26'); INSERT INTO huesped (huesped_id, persona_id) VALUES (702, 702); INSERT INTO reserva (reserva_id, numero_huespedes, precio_de_plan, cantidad_noches, fecha_inicio, fecha_final, fecha_creacion, habitacion_id, huesped_id, plan_id, servicio_id) VALUES (702, 1, 342.752267274969, 7, '2021-4-7', '2021-04-14', '2024-12-27T08:51:56.828Z', 1, 702, 1, 2); INSERT INTO persona (persona_id, cedula, nombre, fecha_nacimiento, genero, fecha_creacion) VALUES (703, '440490300', 'Laverna', '2002-11-15', 'Transsexual female', '2024-02-08'); INSERT INTO huesped (huesped_id, persona_id) VALUES (703, 703); INSERT INTO reserva (reserva_id, numero_huespedes, precio_de_plan, cantidad_noches, fecha_inicio, fecha_final, fecha_creacion, habitacion_id, huesped_id, plan_id, servicio_id) VALUES (703, 2, 342.752267274969, 7, '2021-4-8', '2021-04-15', '2024-12-27T08:51:56.828Z', 1, 703, 1, 1); INSERT INTO persona (persona_id, cedula, nombre, fecha_nacimiento, genero, fecha_creacion) VALUES (704, '775218469', 'Wilburn', '2017-01-21', 'Demigender', '2023-04-04'); INSERT INTO huesped (huesped_id, persona_id) VALUES (704, 704); INSERT INTO reserva (reserva_id, numero_huespedes, precio_de_plan, cantidad_noches, fecha_inicio, fecha_final, fecha_creacion, habitacion_id, huesped_id, plan_id, servicio_id) VALUES (704, 3, 342.752267274969, 1, '2021-4-8', '2021-04-09', '2024-12-27T08:51:56.828Z', 1, 704, 1, 1); INSERT INTO persona (persona_id, cedula, nombre, fecha_nacimiento, genero, fecha_creacion) VALUES (705, '933830971', 'Mac', '2021-11-10', 'Other', '2024-05-12'); INSERT INTO huesped (huesped_id, persona_id) VALUES (705, 705); INSERT INTO reserva (reserva_id, numero_huespedes, precio_de_plan, cantidad_noches, fecha_inicio, fecha_final, fecha_creacion, habitacion_id, huesped_id, plan_id, servicio_id) VALUES (705, 2, 342.752267274969, 5, '2021-4-8', '2021-04-13', '2024-12-27T08:51:56.828Z', 1, 705, 1, 2); INSERT INTO persona (persona_id, cedula, nombre, fecha_nacimiento, genero, fecha_creacion) VALUES (706, '556299883', 'Douglas', '2016-12-25', 'Female to male', '2023-11-13'); INSERT INTO huesped (huesped_id, persona_id) VALUES (706, 706); INSERT INTO reserva (reserva_id, numero_huespedes, precio_de_plan, cantidad_noches, fecha_inicio, fecha_final, fecha_creacion, habitacion_id, huesped_id, plan_id, servicio_id) VALUES (706, 3, 342.752267274969, 5, '2021-4-10', '2021-04-15', '2024-12-27T08:51:56.828Z', 1, 706, 1, 1); INSERT INTO persona (persona_id, cedula, nombre, fecha_nacimiento, genero, fecha_creacion) VALUES (707, '947914852', 'Griffin', '2021-09-14', 'Omnigender', '2024-06-26'); INSERT INTO huesped (huesped_id, persona_id) VALUES (707, 707); INSERT INTO reserva (reserva_id, numero_huespedes, precio_de_plan, cantidad_noches, fecha_inicio, fecha_final, fecha_creacion, habitacion_id, huesped_id, plan_id, servicio_id) VALUES (707, 4, 342.752267274969, 1, '2021-4-10', '2021-04-11', '2024-12-27T08:51:56.828Z', 1, 707, 1, 1); INSERT INTO persona (persona_id, cedula, nombre, fecha_nacimiento, genero, fecha_creacion) VALUES (708, '592595616', 'Levi', '2005-02-15', 'Demigender', '2024-06-03'); INSERT INTO huesped (huesped_id, persona_id) VALUES (708, 708); INSERT INTO reserva (reserva_id, numero_huespedes, precio_de_plan, cantidad_noches, fecha_inicio, fecha_final, fecha_creacion, habitacion_id, huesped_id, plan_id, servicio_id) VALUES (708, 3, 342.752267274969, 1, '2021-4-11', '2021-04-12', '2024-12-27T08:51:56.828Z', 1, 708, 1, 2); INSERT INTO persona (persona_id, cedula, nombre, fecha_nacimiento, genero, fecha_creacion) VALUES (709, '808486454', 'Daphnee', '1967-05-17', 'Trans', '2023-10-29'); INSERT INTO huesped (huesped_id, persona_id) VALUES (709, 709); INSERT INTO reserva (reserva_id, numero_huespedes, precio_de_plan, cantidad_noches, fecha_inicio, fecha_final, fecha_creacion, habitacion_id, huesped_id, plan_id, servicio_id) VALUES (709, 2, 40.183739452843355, 6, '2021-4-12', '2021-04-18', '2024-12-27T08:51:56.828Z', 1, 709, 2, 2); INSERT INTO persona (persona_id, cedula, nombre, fecha_nacimiento, genero, fecha_creacion) VALUES (710, '487723837', 'Preston', '2011-05-26', 'Agender', '2024-10-31'); INSERT INTO huesped (huesped_id, persona_id) VALUES (710, 710); INSERT INTO reserva (reserva_id, numero_huespedes, precio_de_plan, cantidad_noches, fecha_inicio, fecha_final, fecha_creacion, habitacion_id, huesped_id, plan_id, servicio_id) VALUES (710, 1, 342.752267274969, 2, '2021-4-12', '2021-04-14', '2024-12-27T08:51:56.828Z', 1, 710, 1, 1); INSERT INTO persona (persona_id, cedula, nombre, fecha_nacimiento, genero, fecha_creacion) VALUES (711, '598332747', 'Shanna', '2013-11-05', 'Transgender person', '2024-02-21'); INSERT INTO huesped (huesped_id, persona_id) VALUES (711, 711); INSERT INTO reserva (reserva_id, numero_huespedes, precio_de_plan, cantidad_noches, fecha_inicio, fecha_final, fecha_creacion, habitacion_id, huesped_id, plan_id, servicio_id) VALUES (711, 4, 40.183739452843355, 1, '2021-4-12', '2021-04-13', '2024-12-27T08:51:56.828Z', 1, 711, 2, 2); INSERT INTO persona (persona_id, cedula, nombre, fecha_nacimiento, genero, fecha_creacion) VALUES (712, '914820322', 'Elwyn', '2010-03-16', 'Polygender', '2024-07-25'); INSERT INTO huesped (huesped_id, persona_id) VALUES (712, 712); INSERT INTO reserva (reserva_id, numero_huespedes, precio_de_plan, cantidad_noches, fecha_inicio, fecha_final, fecha_creacion, habitacion_id, huesped_id, plan_id, servicio_id) VALUES (712, 4, 342.752267274969, 6, '2021-4-13', '2021-04-19', '2024-12-27T08:51:56.828Z', 1, 712, 1, 2); INSERT INTO persona (persona_id, cedula, nombre, fecha_nacimiento, genero, fecha_creacion) VALUES (713, '524048289', 'Xavier', '2015-11-21', 'Demiflux', '2024-08-03'); INSERT INTO huesped (huesped_id, persona_id) VALUES (713, 713); INSERT INTO reserva (reserva_id, numero_huespedes, precio_de_plan, cantidad_noches, fecha_inicio, fecha_final, fecha_creacion, habitacion_id, huesped_id, plan_id, servicio_id) VALUES (713, 2, 40.183739452843355, 6, '2021-4-14', '2021-04-20', '2024-12-27T08:51:56.828Z', 1, 713, 2, 2); INSERT INTO persona (persona_id, cedula, nombre, fecha_nacimiento, genero, fecha_creacion) VALUES (714, '114510460', 'Solon', '1999-01-31', 'Cis woman', '2024-01-25'); INSERT INTO huesped (huesped_id, persona_id) VALUES (714, 714); INSERT INTO reserva (reserva_id, numero_huespedes, precio_de_plan, cantidad_noches, fecha_inicio, fecha_final, fecha_creacion, habitacion_id, huesped_id, plan_id, servicio_id) VALUES (714, 1, 342.752267274969, 5, '2021-4-15', '2021-04-20', '2024-12-27T08:51:56.828Z', 1, 714, 1, 1); INSERT INTO persona (persona_id, cedula, nombre, fecha_nacimiento, genero, fecha_creacion) VALUES (715, '594898363', 'Julius', '2002-09-12', 'Androgynous', '2024-04-18'); INSERT INTO huesped (huesped_id, persona_id) VALUES (715, 715); INSERT INTO reserva (reserva_id, numero_huespedes, precio_de_plan, cantidad_noches, fecha_inicio, fecha_final, fecha_creacion, habitacion_id, huesped_id, plan_id, servicio_id) VALUES (715, 2, 342.752267274969, 6, '2021-4-15', '2021-04-21', '2024-12-27T08:51:56.828Z', 1, 715, 1, 1); INSERT INTO persona (persona_id, cedula, nombre, fecha_nacimiento, genero, fecha_creacion) VALUES (716, '140423096', 'Dina', '2003-03-03', 'Cis female', '2023-04-03'); INSERT INTO huesped (huesped_id, persona_id) VALUES (716, 716); INSERT INTO reserva (reserva_id, numero_huespedes, precio_de_plan, cantidad_noches, fecha_inicio, fecha_final, fecha_creacion, habitacion_id, huesped_id, plan_id, servicio_id) VALUES (716, 3, 40.183739452843355, 2, '2021-4-15', '2021-04-17', '2024-12-27T08:51:56.828Z', 1, 716, 2, 2); INSERT INTO persona (persona_id, cedula, nombre, fecha_nacimiento, genero, fecha_creacion) VALUES (717, '309409576', 'Lola', '1991-06-09', 'Gender fluid', '2024-02-16'); INSERT INTO huesped (huesped_id, persona_id) VALUES (717, 717); INSERT INTO reserva (reserva_id, numero_huespedes, precio_de_plan, cantidad_noches, fecha_inicio, fecha_final, fecha_creacion, habitacion_id, huesped_id, plan_id, servicio_id) VALUES (717, 3, 342.752267274969, 4, '2021-4-16', '2021-04-20', '2024-12-27T08:51:56.828Z', 1, 717, 1, 1); INSERT INTO persona (persona_id, cedula, nombre, fecha_nacimiento, genero, fecha_creacion) VALUES (718, '807136504', 'Deja', '2022-12-04', 'MTF', '2024-01-23'); INSERT INTO huesped (huesped_id, persona_id) VALUES (718, 718); INSERT INTO reserva (reserva_id, numero_huespedes, precio_de_plan, cantidad_noches, fecha_inicio, fecha_final, fecha_creacion, habitacion_id, huesped_id, plan_id, servicio_id) VALUES (718, 1, 40.183739452843355, 5, '2021-4-16', '2021-04-21', '2024-12-27T08:51:56.828Z', 1, 718, 2, 1); INSERT INTO persona (persona_id, cedula, nombre, fecha_nacimiento, genero, fecha_creacion) VALUES (719, '136373014', 'Janis', '2003-06-10', 'Demi-boy', '2024-01-03'); INSERT INTO huesped (huesped_id, persona_id) VALUES (719, 719); INSERT INTO reserva (reserva_id, numero_huespedes, precio_de_plan, cantidad_noches, fecha_inicio, fecha_final, fecha_creacion, habitacion_id, huesped_id, plan_id, servicio_id) VALUES (719, 3, 40.183739452843355, 1, '2021-4-16', '2021-04-17', '2024-12-27T08:51:56.828Z', 1, 719, 2, 1); INSERT INTO persona (persona_id, cedula, nombre, fecha_nacimiento, genero, fecha_creacion) VALUES (720, '991012302', 'Joany', '2010-01-17', 'Cis woman', '2024-07-01'); INSERT INTO huesped (huesped_id, persona_id) VALUES (720, 720); INSERT INTO reserva (reserva_id, numero_huespedes, precio_de_plan, cantidad_noches, fecha_inicio, fecha_final, fecha_creacion, habitacion_id, huesped_id, plan_id, servicio_id) VALUES (720, 2, 40.183739452843355, 6, '2021-4-17', '2021-04-23', '2024-12-27T08:51:56.828Z', 1, 720, 2, 2); INSERT INTO persona (persona_id, cedula, nombre, fecha_nacimiento, genero, fecha_creacion) VALUES (721, '100955067', 'Noah', '2008-12-14', 'Xenogender', '2024-08-05'); INSERT INTO huesped (huesped_id, persona_id) VALUES (721, 721); INSERT INTO reserva (reserva_id, numero_huespedes, precio_de_plan, cantidad_noches, fecha_inicio, fecha_final, fecha_creacion, habitacion_id, huesped_id, plan_id, servicio_id) VALUES (721, 4, 40.183739452843355, 7, '2021-4-17', '2021-04-24', '2024-12-27T08:51:56.828Z', 1, 721, 2, 1); INSERT INTO persona (persona_id, cedula, nombre, fecha_nacimiento, genero, fecha_creacion) VALUES (722, '439001920', 'Mac', '2017-01-11', 'Non-binary', '2023-02-17'); INSERT INTO huesped (huesped_id, persona_id) VALUES (722, 722); INSERT INTO reserva (reserva_id, numero_huespedes, precio_de_plan, cantidad_noches, fecha_inicio, fecha_final, fecha_creacion, habitacion_id, huesped_id, plan_id, servicio_id) VALUES (722, 1, 342.752267274969, 2, '2021-4-17', '2021-04-19', '2024-12-27T08:51:56.828Z', 1, 722, 1, 2); INSERT INTO persona (persona_id, cedula, nombre, fecha_nacimiento, genero, fecha_creacion) VALUES (723, '223633366', 'Gregorio', '1994-03-15', 'Cisgender man', '2024-02-21'); INSERT INTO huesped (huesped_id, persona_id) VALUES (723, 723); INSERT INTO reserva (reserva_id, numero_huespedes, precio_de_plan, cantidad_noches, fecha_inicio, fecha_final, fecha_creacion, habitacion_id, huesped_id, plan_id, servicio_id) VALUES (723, 3, 40.183739452843355, 6, '2021-4-18', '2021-04-24', '2024-12-27T08:51:56.828Z', 1, 723, 2, 2); INSERT INTO persona (persona_id, cedula, nombre, fecha_nacimiento, genero, fecha_creacion) VALUES (724, '878134049', 'Aglae', '2000-04-10', 'Intersex woman', '2024-11-18'); INSERT INTO huesped (huesped_id, persona_id) VALUES (724, 724); INSERT INTO reserva (reserva_id, numero_huespedes, precio_de_plan, cantidad_noches, fecha_inicio, fecha_final, fecha_creacion, habitacion_id, huesped_id, plan_id, servicio_id) VALUES (724, 3, 40.183739452843355, 7, '2021-4-18', '2021-04-25', '2024-12-27T08:51:56.828Z', 1, 724, 2, 2); INSERT INTO persona (persona_id, cedula, nombre, fecha_nacimiento, genero, fecha_creacion) VALUES (725, '824177915', 'Reed', '1985-07-10', 'Polygender', '2024-01-02'); INSERT INTO huesped (huesped_id, persona_id) VALUES (725, 725); INSERT INTO reserva (reserva_id, numero_huespedes, precio_de_plan, cantidad_noches, fecha_inicio, fecha_final, fecha_creacion, habitacion_id, huesped_id, plan_id, servicio_id) VALUES (725, 3, 342.752267274969, 7, '2021-4-19', '2021-04-26', '2024-12-27T08:51:56.828Z', 1, 725, 1, 1); INSERT INTO persona (persona_id, cedula, nombre, fecha_nacimiento, genero, fecha_creacion) VALUES (726, '797126746', 'Letha', '1982-10-08', 'Transsexual female', '2024-06-11'); INSERT INTO huesped (huesped_id, persona_id) VALUES (726, 726); INSERT INTO reserva (reserva_id, numero_huespedes, precio_de_plan, cantidad_noches, fecha_inicio, fecha_final, fecha_creacion, habitacion_id, huesped_id, plan_id, servicio_id) VALUES (726, 1, 40.183739452843355, 3, '2021-4-19', '2021-04-22', '2024-12-27T08:51:56.828Z', 1, 726, 2, 1); INSERT INTO persona (persona_id, cedula, nombre, fecha_nacimiento, genero, fecha_creacion) VALUES (727, '961012413', 'Aryanna', '2022-12-20', 'Demi-woman', '2024-04-09'); INSERT INTO huesped (huesped_id, persona_id) VALUES (727, 727); INSERT INTO reserva (reserva_id, numero_huespedes, precio_de_plan, cantidad_noches, fecha_inicio, fecha_final, fecha_creacion, habitacion_id, huesped_id, plan_id, servicio_id) VALUES (727, 1, 40.183739452843355, 7, '2021-4-19', '2021-04-26', '2024-12-27T08:51:56.828Z', 1, 727, 2, 2); INSERT INTO persona (persona_id, cedula, nombre, fecha_nacimiento, genero, fecha_creacion) VALUES (728, '937030891', 'Ursula', '1983-05-07', 'F2M', '2023-09-25'); INSERT INTO huesped (huesped_id, persona_id) VALUES (728, 728); INSERT INTO reserva (reserva_id, numero_huespedes, precio_de_plan, cantidad_noches, fecha_inicio, fecha_final, fecha_creacion, habitacion_id, huesped_id, plan_id, servicio_id) VALUES (728, 3, 40.183739452843355, 4, '2021-4-20', '2021-04-24', '2024-12-27T08:51:56.829Z', 1, 728, 2, 1); INSERT INTO persona (persona_id, cedula, nombre, fecha_nacimiento, genero, fecha_creacion) VALUES (729, '505313612', 'Justice', '2004-04-04', 'Demigender', '2024-07-28'); INSERT INTO huesped (huesped_id, persona_id) VALUES (729, 729); INSERT INTO reserva (reserva_id, numero_huespedes, precio_de_plan, cantidad_noches, fecha_inicio, fecha_final, fecha_creacion, habitacion_id, huesped_id, plan_id, servicio_id) VALUES (729, 4, 40.183739452843355, 3, '2021-4-20', '2021-04-23', '2024-12-27T08:51:56.829Z', 1, 729, 2, 1); INSERT INTO persona (persona_id, cedula, nombre, fecha_nacimiento, genero, fecha_creacion) VALUES (730, '507702917', 'Juliet', '2008-04-12', 'Male to female transsexual woman', '2023-03-09'); INSERT INTO huesped (huesped_id, persona_id) VALUES (730, 730); INSERT INTO reserva (reserva_id, numero_huespedes, precio_de_plan, cantidad_noches, fecha_inicio, fecha_final, fecha_creacion, habitacion_id, huesped_id, plan_id, servicio_id) VALUES (730, 4, 342.752267274969, 2, '2021-4-20', '2021-04-22', '2024-12-27T08:51:56.829Z', 1, 730, 1, 2); INSERT INTO persona (persona_id, cedula, nombre, fecha_nacimiento, genero, fecha_creacion) VALUES (731, '300334697', 'Crystal', '2024-08-03', 'Cis', '2024-03-20'); INSERT INTO huesped (huesped_id, persona_id) VALUES (731, 731); INSERT INTO reserva (reserva_id, numero_huespedes, precio_de_plan, cantidad_noches, fecha_inicio, fecha_final, fecha_creacion, habitacion_id, huesped_id, plan_id, servicio_id) VALUES (731, 3, 40.183739452843355, 3, '2021-4-21', '2021-04-24', '2024-12-27T08:51:56.829Z', 1, 731, 2, 1); INSERT INTO persona (persona_id, cedula, nombre, fecha_nacimiento, genero, fecha_creacion) VALUES (732, '121682086', 'Josefa', '1996-11-01', 'MTF', '2023-09-14'); INSERT INTO huesped (huesped_id, persona_id) VALUES (732, 732); INSERT INTO reserva (reserva_id, numero_huespedes, precio_de_plan, cantidad_noches, fecha_inicio, fecha_final, fecha_creacion, habitacion_id, huesped_id, plan_id, servicio_id) VALUES (732, 1, 342.752267274969, 1, '2021-4-22', '2021-04-23', '2024-12-27T08:51:56.829Z', 1, 732, 1, 2); INSERT INTO persona (persona_id, cedula, nombre, fecha_nacimiento, genero, fecha_creacion) VALUES (733, '449241117', 'Adalberto', '2017-11-07', 'F2M', '2024-04-01'); INSERT INTO huesped (huesped_id, persona_id) VALUES (733, 733); INSERT INTO reserva (reserva_id, numero_huespedes, precio_de_plan, cantidad_noches, fecha_inicio, fecha_final, fecha_creacion, habitacion_id, huesped_id, plan_id, servicio_id) VALUES (733, 1, 40.183739452843355, 4, '2021-4-22', '2021-04-26', '2024-12-27T08:51:56.829Z', 1, 733, 2, 1); INSERT INTO persona (persona_id, cedula, nombre, fecha_nacimiento, genero, fecha_creacion) VALUES (734, '969061613', 'Savanna', '2021-09-04', 'Gender questioning', '2024-12-25'); INSERT INTO huesped (huesped_id, persona_id) VALUES (734, 734); INSERT INTO reserva (reserva_id, numero_huespedes, precio_de_plan, cantidad_noches, fecha_inicio, fecha_final, fecha_creacion, habitacion_id, huesped_id, plan_id, servicio_id) VALUES (734, 2, 342.752267274969, 2, '2021-4-23', '2021-04-25', '2024-12-27T08:51:56.829Z', 1, 734, 1, 1); INSERT INTO persona (persona_id, cedula, nombre, fecha_nacimiento, genero, fecha_creacion) VALUES (735, '919342346', 'Brady', '1993-11-09', 'Two-spirit', '2023-11-06'); INSERT INTO huesped (huesped_id, persona_id) VALUES (735, 735); INSERT INTO reserva (reserva_id, numero_huespedes, precio_de_plan, cantidad_noches, fecha_inicio, fecha_final, fecha_creacion, habitacion_id, huesped_id, plan_id, servicio_id) VALUES (735, 3, 40.183739452843355, 1, '2021-4-23', '2021-04-24', '2024-12-27T08:51:56.829Z', 1, 735, 2, 2); INSERT INTO persona (persona_id, cedula, nombre, fecha_nacimiento, genero, fecha_creacion) VALUES (736, '682503800', 'Lincoln', '1991-05-31', 'Transgender person', '2024-11-21'); INSERT INTO huesped (huesped_id, persona_id) VALUES (736, 736); INSERT INTO reserva (reserva_id, numero_huespedes, precio_de_plan, cantidad_noches, fecha_inicio, fecha_final, fecha_creacion, habitacion_id, huesped_id, plan_id, servicio_id) VALUES (736, 2, 40.183739452843355, 5, '2021-4-23', '2021-04-28', '2024-12-27T08:51:56.829Z', 1, 736, 2, 1); INSERT INTO persona (persona_id, cedula, nombre, fecha_nacimiento, genero, fecha_creacion) VALUES (737, '179088134', 'Glen', '2015-06-05', 'Demi-girl', '2024-01-20'); INSERT INTO huesped (huesped_id, persona_id) VALUES (737, 737); INSERT INTO reserva (reserva_id, numero_huespedes, precio_de_plan, cantidad_noches, fecha_inicio, fecha_final, fecha_creacion, habitacion_id, huesped_id, plan_id, servicio_id) VALUES (737, 4, 342.752267274969, 7, '2021-4-24', '2021-05-01', '2024-12-27T08:51:56.829Z', 1, 737, 1, 1); INSERT INTO persona (persona_id, cedula, nombre, fecha_nacimiento, genero, fecha_creacion) VALUES (738, '416376152', 'Milan', '2009-09-12', 'Cis female', '2024-05-18'); INSERT INTO huesped (huesped_id, persona_id) VALUES (738, 738); INSERT INTO reserva (reserva_id, numero_huespedes, precio_de_plan, cantidad_noches, fecha_inicio, fecha_final, fecha_creacion, habitacion_id, huesped_id, plan_id, servicio_id) VALUES (738, 2, 40.183739452843355, 2, '2021-4-25', '2021-04-27', '2024-12-27T08:51:56.829Z', 1, 738, 2, 1); INSERT INTO persona (persona_id, cedula, nombre, fecha_nacimiento, genero, fecha_creacion) VALUES (739, '752895812', 'Dillon', '2024-03-14', 'Cisgender female', '2024-11-20'); INSERT INTO huesped (huesped_id, persona_id) VALUES (739, 739); INSERT INTO reserva (reserva_id, numero_huespedes, precio_de_plan, cantidad_noches, fecha_inicio, fecha_final, fecha_creacion, habitacion_id, huesped_id, plan_id, servicio_id) VALUES (739, 3, 40.183739452843355, 1, '2021-4-25', '2021-04-26', '2024-12-27T08:51:56.829Z', 1, 739, 2, 1); INSERT INTO persona (persona_id, cedula, nombre, fecha_nacimiento, genero, fecha_creacion) VALUES (740, '201895247', 'Maymie', '2011-11-12', 'Female to male', '2024-12-08'); INSERT INTO huesped (huesped_id, persona_id) VALUES (740, 740); INSERT INTO reserva (reserva_id, numero_huespedes, precio_de_plan, cantidad_noches, fecha_inicio, fecha_final, fecha_creacion, habitacion_id, huesped_id, plan_id, servicio_id) VALUES (740, 2, 342.752267274969, 1, '2021-4-26', '2021-04-27', '2024-12-27T08:51:56.829Z', 1, 740, 1, 1); INSERT INTO persona (persona_id, cedula, nombre, fecha_nacimiento, genero, fecha_creacion) VALUES (741, '453569291', 'Bryon', '2000-12-14', 'Cis man', '2024-08-08'); INSERT INTO huesped (huesped_id, persona_id) VALUES (741, 741); INSERT INTO reserva (reserva_id, numero_huespedes, precio_de_plan, cantidad_noches, fecha_inicio, fecha_final, fecha_creacion, habitacion_id, huesped_id, plan_id, servicio_id) VALUES (741, 2, 40.183739452843355, 1, '2021-4-27', '2021-04-28', '2024-12-27T08:51:56.829Z', 1, 741, 2, 1); INSERT INTO persona (persona_id, cedula, nombre, fecha_nacimiento, genero, fecha_creacion) VALUES (742, '323068571', 'America', '2011-10-31', 'Male to female', '2024-02-08'); INSERT INTO huesped (huesped_id, persona_id) VALUES (742, 742); INSERT INTO reserva (reserva_id, numero_huespedes, precio_de_plan, cantidad_noches, fecha_inicio, fecha_final, fecha_creacion, habitacion_id, huesped_id, plan_id, servicio_id) VALUES (742, 3, 40.183739452843355, 1, '2021-4-28', '2021-04-29', '2024-12-27T08:51:56.829Z', 1, 742, 2, 2); INSERT INTO persona (persona_id, cedula, nombre, fecha_nacimiento, genero, fecha_creacion) VALUES (743, '378410042', 'Shanny', '1993-06-23', 'Cis woman', '2024-09-08'); INSERT INTO huesped (huesped_id, persona_id) VALUES (743, 743); INSERT INTO reserva (reserva_id, numero_huespedes, precio_de_plan, cantidad_noches, fecha_inicio, fecha_final, fecha_creacion, habitacion_id, huesped_id, plan_id, servicio_id) VALUES (743, 1, 342.752267274969, 3, '2021-4-29', '2021-05-02', '2024-12-27T08:51:56.829Z', 1, 743, 1, 2); INSERT INTO persona (persona_id, cedula, nombre, fecha_nacimiento, genero, fecha_creacion) VALUES (744, '820130622', 'Alize', '2013-12-12', 'Trans man', '2024-10-28'); INSERT INTO huesped (huesped_id, persona_id) VALUES (744, 744); INSERT INTO reserva (reserva_id, numero_huespedes, precio_de_plan, cantidad_noches, fecha_inicio, fecha_final, fecha_creacion, habitacion_id, huesped_id, plan_id, servicio_id) VALUES (744, 4, 342.752267274969, 5, '2021-4-29', '2021-05-04', '2024-12-27T08:51:56.829Z', 1, 744, 1, 2); INSERT INTO persona (persona_id, cedula, nombre, fecha_nacimiento, genero, fecha_creacion) VALUES (745, '451977746', 'Bianka', '2006-11-28', 'Cisgender man', '2024-08-05'); INSERT INTO huesped (huesped_id, persona_id) VALUES (745, 745); INSERT INTO reserva (reserva_id, numero_huespedes, precio_de_plan, cantidad_noches, fecha_inicio, fecha_final, fecha_creacion, habitacion_id, huesped_id, plan_id, servicio_id) VALUES (745, 1, 342.752267274969, 4, '2021-4-29', '2021-05-03', '2024-12-27T08:51:56.829Z', 1, 745, 1, 1); INSERT INTO persona (persona_id, cedula, nombre, fecha_nacimiento, genero, fecha_creacion) VALUES (746, '226552495', 'Delilah', '2019-06-27', 'Intersex man', '2024-09-04'); INSERT INTO huesped (huesped_id, persona_id) VALUES (746, 746); INSERT INTO reserva (reserva_id, numero_huespedes, precio_de_plan, cantidad_noches, fecha_inicio, fecha_final, fecha_creacion, habitacion_id, huesped_id, plan_id, servicio_id) VALUES (746, 4, 342.752267274969, 2, '2021-4-30', '2021-05-02', '2024-12-27T08:51:56.829Z', 1, 746, 1, 2); INSERT INTO persona (persona_id, cedula, nombre, fecha_nacimiento, genero, fecha_creacion) VALUES (747, '277187325', 'Arvid', '2019-06-26', 'Polygender', '2024-12-13'); INSERT INTO huesped (huesped_id, persona_id) VALUES (747, 747); INSERT INTO reserva (reserva_id, numero_huespedes, precio_de_plan, cantidad_noches, fecha_inicio, fecha_final, fecha_creacion, habitacion_id, huesped_id, plan_id, servicio_id) VALUES (747, 1, 342.752267274969, 5, '2021-4-30', '2021-05-05', '2024-12-27T08:51:56.829Z', 1, 747, 1, 1); INSERT INTO persona (persona_id, cedula, nombre, fecha_nacimiento, genero, fecha_creacion) VALUES (748, '118209486', 'Wilhelm', '1998-10-18', 'Gender fluid', '2023-07-11'); INSERT INTO huesped (huesped_id, persona_id) VALUES (748, 748); INSERT INTO reserva (reserva_id, numero_huespedes, precio_de_plan, cantidad_noches, fecha_inicio, fecha_final, fecha_creacion, habitacion_id, huesped_id, plan_id, servicio_id) VALUES (748, 1, 342.752267274969, 4, '2021-4-30', '2021-05-04', '2024-12-27T08:51:56.829Z', 1, 748, 1, 1);