CREATE TABLE paises ( paises_id SERIAL PRIMARY KEY, continente TEXT NOT NULL, nombre TEXT NOT NULL, fecha_creacion TIMESTAMPTZ NOT NULL DEFAULT NOW() ); CREATE TABLE persona ( persona_id SERIAL PRIMARY KEY, cedula TEXT UNIQUE NOT NULL, nombre TEXT NOT NULL, fecha_nacimiento DATE NOT NULL, genero TEXT NOT NULL, fecha_creacion TIMESTAMPTZ NOT NULL DEFAULT NOW() ); CREATE TABLE empleado ( empleado_id SERIAL PRIMARY KEY, persona_id INT UNIQUE, CONSTRAINT fk_persona_id FOREIGN KEY (persona_id) REFERENCES persona(persona_id) ); CREATE TABLE huesped ( huesped_id SERIAL PRIMARY KEY, persona_id INT UNIQUE, CONSTRAINT fk_persona_id FOREIGN KEY (persona_id) REFERENCES persona(persona_id) ); CREATE TABLE sucursal ( sucursal_id SERIAL PRIMARY KEY, nombre TEXT NOT NULL, paises_id INT, fecha_creacion TIMESTAMPTZ NOT NULL DEFAULT NOW(), CONSTRAINT fk_pais_id FOREIGN KEY (paises_id) REFERENCES paises(paises_id) ); CREATE TABLE planes ( plan_id SERIAL PRIMARY KEY, nombre_plan TEXT NOT NULL, precio_por_noche FLOAT NOT NULL, fecha_creacion TIMESTAMPTZ NOT NULL DEFAULT NOW(), sucursal_id INT, CONSTRAINT fk_sucursal_id FOREIGN KEY (sucursal_id) REFERENCES sucursal(sucursal_id), CONSTRAINT unique_plan_sucursal UNIQUE (nombre_plan, sucursal_id) ); CREATE TABLE servicio ( servicio_id SERIAL PRIMARY KEY, nombre_servicio TEXT NOT NULL, precio FLOAT NOT NULL, sucursal_id INT, fecha_creacion TIMESTAMPTZ NOT NULL DEFAULT NOW(), CONSTRAINT fk_sucursal_id FOREIGN KEY (sucursal_id) REFERENCES sucursal(sucursal_id) ); CREATE TABLE habitacion ( habitacion_id SERIAL PRIMARY KEY, tipo_habitacion TEXT NOT NULL, numero_max_huespedes INT NOT NULL, sucursal_id INT, CONSTRAINT fk_sucursal_id FOREIGN KEY (sucursal_id) REFERENCES sucursal(sucursal_id) ); CREATE TABLE reserva ( reserva_id SERIAL PRIMARY KEY, numero_huespedes INT NOT NULL, precio_de_plan FLOAT NOT NULL, cantidad_noches INT NOT NULL, fecha_inicio DATE NOT NULL, fecha_final DATE NOT NULL, fecha_creacion TIMESTAMPTZ NOT NULL DEFAULT NOW(), habitacion_id INT, huesped_id INT, plan_id INT, servicio_id INT, CONSTRAINT fk_habitacion_id FOREIGN KEY (habitacion_id) REFERENCES habitacion(habitacion_id), CONSTRAINT fk_huesped_id FOREIGN KEY (huesped_id) REFERENCES huesped(huesped_id), CONSTRAINT fk_plan_id FOREIGN KEY (plan_id) REFERENCES planes(plan_id), CONSTRAINT fk_servicio_id FOREIGN KEY (servicio_id) REFERENCES servicio(servicio_id) );

INSERT INTO paises (paises_id, continente, nombre, fecha_creacion) VALUES (1, 'America del Norte', 'EE. UU.', '2024-12-27T08:01:43.092Z'); INSERT INTO paises (paises_id, continente, nombre, fecha_creacion) VALUES (2, 'America del Norte', 'México', '2024-12-27T08:01:43.094Z'); INSERT INTO paises (paises_id, continente, nombre, fecha_creacion) VALUES (3, 'Europa', 'España', '2024-12-27T08:01:43.094Z'); INSERT INTO paises (paises_id, continente, nombre, fecha_creacion) VALUES (4, 'Europa', 'Francia', '2024-12-27T08:01:43.094Z'); INSERT INTO paises (paises_id, continente, nombre, fecha_creacion) VALUES (5, 'Asia', 'Japón', '2024-12-27T08:01:43.094Z'); INSERT INTO paises (paises_id, continente, nombre, fecha_creacion) VALUES (6, 'Asia', 'China', '2024-12-27T08:01:43.094Z'); INSERT INTO paises (paises_id, continente, nombre, fecha_creacion) VALUES (7, 'Oceanía', 'Australia', '2024-12-27T08:01:43.094Z'); INSERT INTO paises (paises_id, continente, nombre, fecha_creacion) VALUES (8, 'Africa', 'Sudáfrica', '2024-12-27T08:01:43.094Z'); INSERT INTO paises (paises_id, continente, nombre, fecha_creacion) VALUES (9, 'America del Sur', 'Brasil', '2024-12-27T08:01:43.095Z'); INSERT INTO paises (paises_id, continente, nombre, fecha_creacion) VALUES (10, 'America del Sur', 'Argentina', '2024-12-27T08:01:43.095Z'); INSERT INTO sucursal (sucursal_id, nombre, paises_id, fecha_creacion) VALUES (1, 'Luettgen, Reichel and Kemmer', 1, '2024-12-27T08:01:43.093Z'); INSERT INTO planes (plan_id, nombre_plan, precio_por_noche, fecha_creacion, sucursal_id) VALUES (1, 'Todo Incluido Plus', 231.375783227103, '2024-12-27T08:01:43.093Z', 1); INSERT INTO planes (plan_id, nombre_plan, precio_por_noche, fecha_creacion, sucursal_id) VALUES (2, 'Plan Familiar', 256.956339904815, '2024-12-27T08:01:43.093Z', 1); INSERT INTO planes (plan_id, nombre_plan, precio_por_noche, fecha_creacion, sucursal_id) VALUES (3, 'Full Day', 207.05407442263402, '2024-12-27T08:01:43.093Z', 1); INSERT INTO planes (plan_id, nombre_plan, precio_por_noche, fecha_creacion, sucursal_id) VALUES (4, 'Media Pensión', 102.17540871232299, '2024-12-27T08:01:43.093Z', 1); INSERT INTO planes (plan_id, nombre_plan, precio_por_noche, fecha_creacion, sucursal_id) VALUES (5, 'Todo Incluido', 155.23294213845074, '2024-12-27T08:01:43.093Z', 1); INSERT INTO planes (plan_id, nombre_plan, precio_por_noche, fecha_creacion, sucursal_id) VALUES (6, 'Noche de Bodas', 248.70066391605798, '2024-12-27T08:01:43.093Z', 1); INSERT INTO planes (plan_id, nombre_plan, precio_por_noche, fecha_creacion, sucursal_id) VALUES (7, 'Solo Desayuno', 57.89654984999917, '2024-12-27T08:01:43.093Z', 1); INSERT INTO planes (plan_id, nombre_plan, precio_por_noche, fecha_creacion, sucursal_id) VALUES (8, 'Solo Almuerzo', 67.00895498118095, '2024-12-27T08:01:43.093Z', 1); INSERT INTO planes (plan_id, nombre_plan, precio_por_noche, fecha_creacion, sucursal_id) VALUES (9, 'Escapada Romántica', 244.26960089130168, '2024-12-27T08:01:43.093Z', 1); INSERT INTO servicio (servicio_id, nombre_servicio, precio, fecha_creacion, sucursal_id) VALUES (1, 'Lavandería', 13.927970530296129, '2024-12-27T08:01:43.093Z', 1); INSERT INTO servicio (servicio_id, nombre_servicio, precio, fecha_creacion, sucursal_id) VALUES (2, 'Discoteca', 35.534901073950344, '2024-12-27T08:01:43.093Z', 1); INSERT INTO servicio (servicio_id, nombre_servicio, precio, fecha_creacion, sucursal_id) VALUES (3, 'Restaurante', 32.185274659331085, '2024-12-27T08:01:43.093Z', 1); INSERT INTO servicio (servicio_id, nombre_servicio, precio, fecha_creacion, sucursal_id) VALUES (4, 'Tienda de Souvenirs', 10.522357117786173, '2024-12-27T08:01:43.093Z', 1); INSERT INTO servicio (servicio_id, nombre_servicio, precio, fecha_creacion, sucursal_id) VALUES (5, 'Restaurante Gourmet', 62.096612978869196, '2024-12-27T08:01:43.093Z', 1); INSERT INTO servicio (servicio_id, nombre_servicio, precio, fecha_creacion, sucursal_id) VALUES (6, 'Gimnasio', 21.740399124132193, '2024-12-27T08:01:43.093Z', 1); INSERT INTO servicio (servicio_id, nombre_servicio, precio, fecha_creacion, sucursal_id) VALUES (7, 'Transporte al Aeropuerto', 47.98132426823427, '2024-12-27T08:01:43.093Z', 1); INSERT INTO servicio (servicio_id, nombre_servicio, precio, fecha_creacion, sucursal_id) VALUES (8, 'Sala de Conferencias', 190.69627238934552, '2024-12-27T08:01:43.093Z', 1); INSERT INTO servicio (servicio_id, nombre_servicio, precio, fecha_creacion, sucursal_id) VALUES (9, 'Spa', 52.41424406841053, '2024-12-27T08:01:43.093Z', 1); INSERT INTO servicio (servicio_id, nombre_servicio, precio, fecha_creacion, sucursal_id) VALUES (10, 'Servicio de Habitación', 27.885952134969866, '2024-12-27T08:01:43.093Z', 1); INSERT INTO habitacion (habitacion_id, tipo_habitacion, numero_max_huespedes, sucursal_id) VALUES (1, 'Doble', 4, 1); INSERT INTO habitacion (habitacion_id, tipo_habitacion, numero_max_huespedes, sucursal_id) VALUES (2, 'Doble', 1, 1); INSERT INTO habitacion (habitacion_id, tipo_habitacion, numero_max_huespedes, sucursal_id) VALUES (3, 'Doble', 1, 1); INSERT INTO habitacion (habitacion_id, tipo_habitacion, numero_max_huespedes, sucursal_id) VALUES (4, 'Triple', 2, 1); INSERT INTO habitacion (habitacion_id, tipo_habitacion, numero_max_huespedes, sucursal_id) VALUES (5, 'Triple', 2, 1); INSERT INTO habitacion (habitacion_id, tipo_habitacion, numero_max_huespedes, sucursal_id) VALUES (6, 'Suite', 2, 1); INSERT INTO habitacion (habitacion_id, tipo_habitacion, numero_max_huespedes, sucursal_id) VALUES (7, 'Doble', 3, 1); INSERT INTO habitacion (habitacion_id, tipo_habitacion, numero_max_huespedes, sucursal_id) VALUES (8, 'Estándar', 2, 1); INSERT INTO habitacion (habitacion_id, tipo_habitacion, numero_max_huespedes, sucursal_id) VALUES (9, 'Suite', 6, 1); INSERT INTO habitacion (habitacion_id, tipo_habitacion, numero_max_huespedes, sucursal_id) VALUES (10, 'Triple', 1, 1); INSERT INTO habitacion (habitacion_id, tipo_habitacion, numero_max_huespedes, sucursal_id) VALUES (11, 'Familiar', 4, 1); INSERT INTO habitacion (habitacion_id, tipo_habitacion, numero_max_huespedes, sucursal_id) VALUES (12, 'Estándar', 4, 1); INSERT INTO habitacion (habitacion_id, tipo_habitacion, numero_max_huespedes, sucursal_id) VALUES (13, 'Doble', 3, 1); INSERT INTO habitacion (habitacion_id, tipo_habitacion, numero_max_huespedes, sucursal_id) VALUES (14, 'Triple', 6, 1); INSERT INTO habitacion (habitacion_id, tipo_habitacion, numero_max_huespedes, sucursal_id) VALUES (15, 'Familiar', 6, 1); INSERT INTO habitacion (habitacion_id, tipo_habitacion, numero_max_huespedes, sucursal_id) VALUES (16, 'Doble', 2, 1); INSERT INTO habitacion (habitacion_id, tipo_habitacion, numero_max_huespedes, sucursal_id) VALUES (17, 'Suite', 6, 1); INSERT INTO habitacion (habitacion_id, tipo_habitacion, numero_max_huespedes, sucursal_id) VALUES (18, 'Familiar', 6, 1); INSERT INTO habitacion (habitacion_id, tipo_habitacion, numero_max_huespedes, sucursal_id) VALUES (19, 'Familiar', 2, 1); INSERT INTO habitacion (habitacion_id, tipo_habitacion, numero_max_huespedes, sucursal_id) VALUES (20, 'Triple', 6, 1); INSERT INTO habitacion (habitacion_id, tipo_habitacion, numero_max_huespedes, sucursal_id) VALUES (21, 'Familiar', 4, 1); INSERT INTO habitacion (habitacion_id, tipo_habitacion, numero_max_huespedes, sucursal_id) VALUES (22, 'Familiar', 1, 1); INSERT INTO habitacion (habitacion_id, tipo_habitacion, numero_max_huespedes, sucursal_id) VALUES (23, 'Estándar', 6, 1); INSERT INTO habitacion (habitacion_id, tipo_habitacion, numero_max_huespedes, sucursal_id) VALUES (24, 'Triple', 3, 1); INSERT INTO habitacion (habitacion_id, tipo_habitacion, numero_max_huespedes, sucursal_id) VALUES (25, 'Suite', 2, 1); INSERT INTO habitacion (habitacion_id, tipo_habitacion, numero_max_huespedes, sucursal_id) VALUES (26, 'Doble', 3, 1); INSERT INTO habitacion (habitacion_id, tipo_habitacion, numero_max_huespedes, sucursal_id) VALUES (27, 'Suite', 3, 1); INSERT INTO habitacion (habitacion_id, tipo_habitacion, numero_max_huespedes, sucursal_id) VALUES (28, 'Familiar', 5, 1); INSERT INTO habitacion (habitacion_id, tipo_habitacion, numero_max_huespedes, sucursal_id) VALUES (29, 'Suite', 6, 1); INSERT INTO habitacion (habitacion_id, tipo_habitacion, numero_max_huespedes, sucursal_id) VALUES (30, 'Doble', 2, 1); INSERT INTO sucursal (sucursal_id, nombre, paises_id, fecha_creacion) VALUES (2, 'Robel - Schmeler', 1, '2024-12-27T08:01:43.094Z'); INSERT INTO planes (plan_id, nombre_plan, precio_por_noche, fecha_creacion, sucursal_id) VALUES (10, 'Media Pensión', 97.68380145454053, '2024-12-27T08:01:43.094Z', 2); INSERT INTO planes (plan_id, nombre_plan, precio_por_noche, fecha_creacion, sucursal_id) VALUES (11, 'Escapada Romántica', 249.3003383126001, '2024-12-27T08:01:43.094Z', 2); INSERT INTO planes (plan_id, nombre_plan, precio_por_noche, fecha_creacion, sucursal_id) VALUES (12, 'Plan Familiar', 273.1582776165741, '2024-12-27T08:01:43.094Z', 2); INSERT INTO planes (plan_id, nombre_plan, precio_por_noche, fecha_creacion, sucursal_id) VALUES (13, 'Todo Incluido Plus', 223.33593700729608, '2024-12-27T08:01:43.094Z', 2); INSERT INTO planes (plan_id, nombre_plan, precio_por_noche, fecha_creacion, sucursal_id) VALUES (14, 'Solo Hospedaje', 85.96096832699428, '2024-12-27T08:01:43.094Z', 2); INSERT INTO planes (plan_id, nombre_plan, precio_por_noche, fecha_creacion, sucursal_id) VALUES (15, 'Todo Incluido', 142.9374615104939, '2024-12-27T08:01:43.094Z', 2); INSERT INTO planes (plan_id, nombre_plan, precio_por_noche, fecha_creacion, sucursal_id) VALUES (16, 'Solo Almuerzo', 69.03951546062572, '2024-12-27T08:01:43.094Z', 2); INSERT INTO planes (plan_id, nombre_plan, precio_por_noche, fecha_creacion, sucursal_id) VALUES (17, 'Solo Desayuno', 46.38965085614232, '2024-12-27T08:01:43.094Z', 2); INSERT INTO planes (plan_id, nombre_plan, precio_por_noche, fecha_creacion, sucursal_id) VALUES (18, 'Full Day', 193.53085619094438, '2024-12-27T08:01:43.094Z', 2); INSERT INTO habitacion (habitacion_id, tipo_habitacion, numero_max_huespedes, sucursal_id) VALUES (31, 'Doble', 5, 2); INSERT INTO habitacion (habitacion_id, tipo_habitacion, numero_max_huespedes, sucursal_id) VALUES (32, 'Estándar', 1, 2); INSERT INTO habitacion (habitacion_id, tipo_habitacion, numero_max_huespedes, sucursal_id) VALUES (33, 'Estándar', 5, 2); INSERT INTO habitacion (habitacion_id, tipo_habitacion, numero_max_huespedes, sucursal_id) VALUES (34, 'Suite', 3, 2); INSERT INTO habitacion (habitacion_id, tipo_habitacion, numero_max_huespedes, sucursal_id) VALUES (35, 'Triple', 1, 2); INSERT INTO habitacion (habitacion_id, tipo_habitacion, numero_max_huespedes, sucursal_id) VALUES (36, 'Doble', 3, 2); INSERT INTO habitacion (habitacion_id, tipo_habitacion, numero_max_huespedes, sucursal_id) VALUES (37, 'Estándar', 2, 2); INSERT INTO habitacion (habitacion_id, tipo_habitacion, numero_max_huespedes, sucursal_id) VALUES (38, 'Familiar', 4, 2); INSERT INTO habitacion (habitacion_id, tipo_habitacion, numero_max_huespedes, sucursal_id) VALUES (39, 'Doble', 1, 2); INSERT INTO habitacion (habitacion_id, tipo_habitacion, numero_max_huespedes, sucursal_id) VALUES (40, 'Suite', 6, 2); INSERT INTO habitacion (habitacion_id, tipo_habitacion, numero_max_huespedes, sucursal_id) VALUES (41, 'Doble', 1, 2); INSERT INTO habitacion (habitacion_id, tipo_habitacion, numero_max_huespedes, sucursal_id) VALUES (42, 'Triple', 4, 2); INSERT INTO habitacion (habitacion_id, tipo_habitacion, numero_max_huespedes, sucursal_id) VALUES (43, 'Suite', 5, 2); INSERT INTO habitacion (habitacion_id, tipo_habitacion, numero_max_huespedes, sucursal_id) VALUES (44, 'Estándar', 1, 2); INSERT INTO habitacion (habitacion_id, tipo_habitacion, numero_max_huespedes, sucursal_id) VALUES (45, 'Suite', 2, 2); INSERT INTO habitacion (habitacion_id, tipo_habitacion, numero_max_huespedes, sucursal_id) VALUES (46, 'Doble', 2, 2); INSERT INTO habitacion (habitacion_id, tipo_habitacion, numero_max_huespedes, sucursal_id) VALUES (47, 'Estándar', 4, 2); INSERT INTO habitacion (habitacion_id, tipo_habitacion, numero_max_huespedes, sucursal_id) VALUES (48, 'Suite', 1, 2); INSERT INTO habitacion (habitacion_id, tipo_habitacion, numero_max_huespedes, sucursal_id) VALUES (49, 'Familiar', 2, 2); INSERT INTO habitacion (habitacion_id, tipo_habitacion, numero_max_huespedes, sucursal_id) VALUES (50, 'Doble', 2, 2); INSERT INTO habitacion (habitacion_id, tipo_habitacion, numero_max_huespedes, sucursal_id) VALUES (51, 'Estándar', 5, 2); INSERT INTO sucursal (sucursal_id, nombre, paises_id, fecha_creacion) VALUES (3, 'Runte, Kerluke and Leffler', 1, '2024-12-27T08:01:43.094Z'); INSERT INTO planes (plan_id, nombre_plan, precio_por_noche, fecha_creacion, sucursal_id) VALUES (19, 'Solo Desayuno', 44.410744284511416, '2024-12-27T08:01:43.094Z', 3); INSERT INTO planes (plan_id, nombre_plan, precio_por_noche, fecha_creacion, sucursal_id) VALUES (20, 'Solo Hospedaje', 96.13770194844145, '2024-12-27T08:01:43.094Z', 3); INSERT INTO planes (plan_id, nombre_plan, precio_por_noche, fecha_creacion, sucursal_id) VALUES (21, 'Plan Familiar', 241.59808674837126, '2024-12-27T08:01:43.094Z', 3); INSERT INTO planes (plan_id, nombre_plan, precio_por_noche, fecha_creacion, sucursal_id) VALUES (22, 'Escapada Romántica', 214.1583590300201, '2024-12-27T08:01:43.094Z', 3); INSERT INTO planes (plan_id, nombre_plan, precio_por_noche, fecha_creacion, sucursal_id) VALUES (23, 'Media Pensión', 132.63765726378114, '2024-12-27T08:01:43.094Z', 3); INSERT INTO planes (plan_id, nombre_plan, precio_por_noche, fecha_creacion, sucursal_id) VALUES (24, 'Solo Almuerzo', 58.28329970509096, '2024-12-27T08:01:43.094Z', 3); INSERT INTO planes (plan_id, nombre_plan, precio_por_noche, fecha_creacion, sucursal_id) VALUES (25, 'Todo Incluido', 148.24360969494762, '2024-12-27T08:01:43.094Z', 3); INSERT INTO planes (plan_id, nombre_plan, precio_por_noche, fecha_creacion, sucursal_id) VALUES (26, 'Noche de Bodas', 277.93541935716706, '2024-12-27T08:01:43.094Z', 3); INSERT INTO planes (plan_id, nombre_plan, precio_por_noche, fecha_creacion, sucursal_id) VALUES (27, 'Full Day', 205.70857766176522, '2024-12-27T08:01:43.094Z', 3); INSERT INTO servicio (servicio_id, nombre_servicio, precio, fecha_creacion, sucursal_id) VALUES (11, 'Discoteca', 35.021569321860625, '2024-12-27T08:01:43.094Z', 3); INSERT INTO servicio (servicio_id, nombre_servicio, precio, fecha_creacion, sucursal_id) VALUES (12, 'Alquiler de Vehículos', 81.79441020298131, '2024-12-27T08:01:43.094Z', 3); INSERT INTO habitacion (habitacion_id, tipo_habitacion, numero_max_huespedes, sucursal_id) VALUES (52, 'Triple', 2, 3); INSERT INTO habitacion (habitacion_id, tipo_habitacion, numero_max_huespedes, sucursal_id) VALUES (53, 'Triple', 6, 3); INSERT INTO habitacion (habitacion_id, tipo_habitacion, numero_max_huespedes, sucursal_id) VALUES (54, 'Triple', 2, 3); INSERT INTO habitacion (habitacion_id, tipo_habitacion, numero_max_huespedes, sucursal_id) VALUES (55, 'Triple', 5, 3); INSERT INTO habitacion (habitacion_id, tipo_habitacion, numero_max_huespedes, sucursal_id) VALUES (56, 'Suite', 2, 3); INSERT INTO habitacion (habitacion_id, tipo_habitacion, numero_max_huespedes, sucursal_id) VALUES (57, 'Estándar', 5, 3); INSERT INTO habitacion (habitacion_id, tipo_habitacion, numero_max_huespedes, sucursal_id) VALUES (58, 'Suite', 2, 3); INSERT INTO habitacion (habitacion_id, tipo_habitacion, numero_max_huespedes, sucursal_id) VALUES (59, 'Triple', 2, 3); INSERT INTO habitacion (habitacion_id, tipo_habitacion, numero_max_huespedes, sucursal_id) VALUES (60, 'Doble', 4, 3); INSERT INTO habitacion (habitacion_id, tipo_habitacion, numero_max_huespedes, sucursal_id) VALUES (61, 'Familiar', 6, 3); INSERT INTO habitacion (habitacion_id, tipo_habitacion, numero_max_huespedes, sucursal_id) VALUES (62, 'Familiar', 4, 3); INSERT INTO habitacion (habitacion_id, tipo_habitacion, numero_max_huespedes, sucursal_id) VALUES (63, 'Doble', 4, 3); INSERT INTO habitacion (habitacion_id, tipo_habitacion, numero_max_huespedes, sucursal_id) VALUES (64, 'Familiar', 3, 3); INSERT INTO habitacion (habitacion_id, tipo_habitacion, numero_max_huespedes, sucursal_id) VALUES (65, 'Familiar', 6, 3); INSERT INTO habitacion (habitacion_id, tipo_habitacion, numero_max_huespedes, sucursal_id) VALUES (66, 'Estándar', 2, 3); INSERT INTO habitacion (habitacion_id, tipo_habitacion, numero_max_huespedes, sucursal_id) VALUES (67, 'Familiar', 4, 3); INSERT INTO habitacion (habitacion_id, tipo_habitacion, numero_max_huespedes, sucursal_id) VALUES (68, 'Estándar', 6, 3); INSERT INTO habitacion (habitacion_id, tipo_habitacion, numero_max_huespedes, sucursal_id) VALUES (69, 'Triple', 2, 3); INSERT INTO habitacion (habitacion_id, tipo_habitacion, numero_max_huespedes, sucursal_id) VALUES (70, 'Estándar', 1, 3); INSERT INTO habitacion (habitacion_id, tipo_habitacion, numero_max_huespedes, sucursal_id) VALUES (71, 'Doble', 2, 3); INSERT INTO habitacion (habitacion_id, tipo_habitacion, numero_max_huespedes, sucursal_id) VALUES (72, 'Doble', 5, 3); INSERT INTO habitacion (habitacion_id, tipo_habitacion, numero_max_huespedes, sucursal_id) VALUES (73, 'Estándar', 2, 3); INSERT INTO habitacion (habitacion_id, tipo_habitacion, numero_max_huespedes, sucursal_id) VALUES (74, 'Doble', 5, 3); INSERT INTO habitacion (habitacion_id, tipo_habitacion, numero_max_huespedes, sucursal_id) VALUES (75, 'Suite', 3, 3); INSERT INTO habitacion (habitacion_id, tipo_habitacion, numero_max_huespedes, sucursal_id) VALUES (76, 'Familiar', 2, 3); INSERT INTO sucursal (sucursal_id, nombre, paises_id, fecha_creacion) VALUES (4, 'Hand and Sons', 2, '2024-12-27T08:01:43.094Z'); INSERT INTO planes (plan_id, nombre_plan, precio_por_noche, fecha_creacion, sucursal_id) VALUES (28, 'Todo Incluido', 143.84072831693658, '2024-12-27T08:01:43.094Z', 4); INSERT INTO servicio (servicio_id, nombre_servicio, precio, fecha_creacion, sucursal_id) VALUES (13, 'Piscina', 14.0628311619043, '2024-12-27T08:01:43.094Z', 4); INSERT INTO servicio (servicio_id, nombre_servicio, precio, fecha_creacion, sucursal_id) VALUES (14, 'Sala de Conferencias', 214.32605176818151, '2024-12-27T08:01:43.094Z', 4); INSERT INTO servicio (servicio_id, nombre_servicio, precio, fecha_creacion, sucursal_id) VALUES (15, 'Gimnasio', 20.044025617606714, '2024-12-27T08:01:43.094Z', 4); INSERT INTO servicio (servicio_id, nombre_servicio, precio, fecha_creacion, sucursal_id) VALUES (16, 'Casino', 37.100010373832966, '2024-12-27T08:01:43.094Z', 4); INSERT INTO servicio (servicio_id, nombre_servicio, precio, fecha_creacion, sucursal_id) VALUES (17, 'Tienda de Souvenirs', 10.089499990073655, '2024-12-27T08:01:43.094Z', 4); INSERT INTO servicio (servicio_id, nombre_servicio, precio, fecha_creacion, sucursal_id) VALUES (18, 'Actividades de Aventura', 109.71704799825403, '2024-12-27T08:01:43.094Z', 4); INSERT INTO servicio (servicio_id, nombre_servicio, precio, fecha_creacion, sucursal_id) VALUES (19, 'Alquiler de Vehículos', 77.96804983426613, '2024-12-27T08:01:43.094Z', 4); INSERT INTO habitacion (habitacion_id, tipo_habitacion, numero_max_huespedes, sucursal_id) VALUES (77, 'Doble', 5, 4); INSERT INTO habitacion (habitacion_id, tipo_habitacion, numero_max_huespedes, sucursal_id) VALUES (78, 'Doble', 6, 4); INSERT INTO habitacion (habitacion_id, tipo_habitacion, numero_max_huespedes, sucursal_id) VALUES (79, 'Estándar', 4, 4); INSERT INTO habitacion (habitacion_id, tipo_habitacion, numero_max_huespedes, sucursal_id) VALUES (80, 'Familiar', 1, 4); INSERT INTO habitacion (habitacion_id, tipo_habitacion, numero_max_huespedes, sucursal_id) VALUES (81, 'Familiar', 5, 4); INSERT INTO habitacion (habitacion_id, tipo_habitacion, numero_max_huespedes, sucursal_id) VALUES (82, 'Estándar', 5, 4); INSERT INTO habitacion (habitacion_id, tipo_habitacion, numero_max_huespedes, sucursal_id) VALUES (83, 'Estándar', 5, 4); INSERT INTO habitacion (habitacion_id, tipo_habitacion, numero_max_huespedes, sucursal_id) VALUES (84, 'Familiar', 5, 4); INSERT INTO habitacion (habitacion_id, tipo_habitacion, numero_max_huespedes, sucursal_id) VALUES (85, 'Familiar', 6, 4); INSERT INTO habitacion (habitacion_id, tipo_habitacion, numero_max_huespedes, sucursal_id) VALUES (86, 'Estándar', 6, 4); INSERT INTO habitacion (habitacion_id, tipo_habitacion, numero_max_huespedes, sucursal_id) VALUES (87, 'Triple', 3, 4); INSERT INTO habitacion (habitacion_id, tipo_habitacion, numero_max_huespedes, sucursal_id) VALUES (88, 'Familiar', 1, 4); INSERT INTO habitacion (habitacion_id, tipo_habitacion, numero_max_huespedes, sucursal_id) VALUES (89, 'Doble', 1, 4); INSERT INTO habitacion (habitacion_id, tipo_habitacion, numero_max_huespedes, sucursal_id) VALUES (90, 'Doble', 1, 4); INSERT INTO habitacion (habitacion_id, tipo_habitacion, numero_max_huespedes, sucursal_id) VALUES (91, 'Familiar', 3, 4); INSERT INTO habitacion (habitacion_id, tipo_habitacion, numero_max_huespedes, sucursal_id) VALUES (92, 'Estándar', 3, 4); INSERT INTO habitacion (habitacion_id, tipo_habitacion, numero_max_huespedes, sucursal_id) VALUES (93, 'Familiar', 6, 4); INSERT INTO habitacion (habitacion_id, tipo_habitacion, numero_max_huespedes, sucursal_id) VALUES (94, 'Suite', 5, 4); INSERT INTO habitacion (habitacion_id, tipo_habitacion, numero_max_huespedes, sucursal_id) VALUES (95, 'Doble', 1, 4); INSERT INTO habitacion (habitacion_id, tipo_habitacion, numero_max_huespedes, sucursal_id) VALUES (96, 'Triple', 6, 4); INSERT INTO habitacion (habitacion_id, tipo_habitacion, numero_max_huespedes, sucursal_id) VALUES (97, 'Suite', 4, 4); INSERT INTO habitacion (habitacion_id, tipo_habitacion, numero_max_huespedes, sucursal_id) VALUES (98, 'Triple', 2, 4); INSERT INTO habitacion (habitacion_id, tipo_habitacion, numero_max_huespedes, sucursal_id) VALUES (99, 'Estándar', 3, 4); INSERT INTO habitacion (habitacion_id, tipo_habitacion, numero_max_huespedes, sucursal_id) VALUES (100, 'Triple', 5, 4); INSERT INTO sucursal (sucursal_id, nombre, paises_id, fecha_creacion) VALUES (5, 'Franey, Bailey and Oberbrunner', 3, '2024-12-27T08:01:43.094Z'); INSERT INTO servicio (servicio_id, nombre_servicio, precio, fecha_creacion, sucursal_id) VALUES (20, 'Discoteca', 38.45280825647942, '2024-12-27T08:01:43.094Z', 5); INSERT INTO servicio (servicio_id, nombre_servicio, precio, fecha_creacion, sucursal_id) VALUES (21, 'Lavandería', 15.81324818025635, '2024-12-27T08:01:43.094Z', 5); INSERT INTO servicio (servicio_id, nombre_servicio, precio, fecha_creacion, sucursal_id) VALUES (22, 'Sala de Conferencias', 186.85183556703623, '2024-12-27T08:01:43.094Z', 5); INSERT INTO servicio (servicio_id, nombre_servicio, precio, fecha_creacion, sucursal_id) VALUES (23, 'Peluquería', 25.28749965138128, '2024-12-27T08:01:43.094Z', 5); INSERT INTO servicio (servicio_id, nombre_servicio, precio, fecha_creacion, sucursal_id) VALUES (24, 'Servicio de Habitación', 29.01162524720264, '2024-12-27T08:01:43.094Z', 5); INSERT INTO servicio (servicio_id, nombre_servicio, precio, fecha_creacion, sucursal_id) VALUES (25, 'Estacionamiento', 20.12587658201068, '2024-12-27T08:01:43.094Z', 5); INSERT INTO servicio (servicio_id, nombre_servicio, precio, fecha_creacion, sucursal_id) VALUES (26, 'Restaurante Gourmet', 55.2254301756189, '2024-12-27T08:01:43.094Z', 5); INSERT INTO servicio (servicio_id, nombre_servicio, precio, fecha_creacion, sucursal_id) VALUES (27, 'Tienda de Souvenirs', 9.926690076214669, '2024-12-27T08:01:43.094Z', 5); INSERT INTO servicio (servicio_id, nombre_servicio, precio, fecha_creacion, sucursal_id) VALUES (28, 'Servicio de Cuidado Infantil', 36.74049232544479, '2024-12-27T08:01:43.094Z', 5); INSERT INTO servicio (servicio_id, nombre_servicio, precio, fecha_creacion, sucursal_id) VALUES (29, 'Zona Gamer', 19.341582396908727, '2024-12-27T08:01:43.094Z', 5); INSERT INTO servicio (servicio_id, nombre_servicio, precio, fecha_creacion, sucursal_id) VALUES (30, 'Gimnasio', 19.81906900931704, '2024-12-27T08:01:43.094Z', 5); INSERT INTO servicio (servicio_id, nombre_servicio, precio, fecha_creacion, sucursal_id) VALUES (31, 'Spa', 46.81259043429597, '2024-12-27T08:01:43.094Z', 5); INSERT INTO servicio (servicio_id, nombre_servicio, precio, fecha_creacion, sucursal_id) VALUES (32, 'Alquiler de Vehículos', 72.36519819837875, '2024-12-27T08:01:43.094Z', 5); INSERT INTO servicio (servicio_id, nombre_servicio, precio, fecha_creacion, sucursal_id) VALUES (33, 'Casino', 37.62626961392779, '2024-12-27T08:01:43.094Z', 5); INSERT INTO servicio (servicio_id, nombre_servicio, precio, fecha_creacion, sucursal_id) VALUES (34, 'Wifi Gratis', 0, '2024-12-27T08:01:43.094Z', 5); INSERT INTO servicio (servicio_id, nombre_servicio, precio, fecha_creacion, sucursal_id) VALUES (35, 'Transporte al Aeropuerto', 50.513428459580645, '2024-12-27T08:01:43.094Z', 5); INSERT INTO servicio (servicio_id, nombre_servicio, precio, fecha_creacion, sucursal_id) VALUES (36, 'Piscina', 16.425835780116607, '2024-12-27T08:01:43.094Z', 5); INSERT INTO habitacion (habitacion_id, tipo_habitacion, numero_max_huespedes, sucursal_id) VALUES (101, 'Doble', 6, 5); INSERT INTO habitacion (habitacion_id, tipo_habitacion, numero_max_huespedes, sucursal_id) VALUES (102, 'Doble', 3, 5); INSERT INTO habitacion (habitacion_id, tipo_habitacion, numero_max_huespedes, sucursal_id) VALUES (103, 'Triple', 3, 5); INSERT INTO habitacion (habitacion_id, tipo_habitacion, numero_max_huespedes, sucursal_id) VALUES (104, 'Suite', 4, 5); INSERT INTO habitacion (habitacion_id, tipo_habitacion, numero_max_huespedes, sucursal_id) VALUES (105, 'Suite', 3, 5); INSERT INTO habitacion (habitacion_id, tipo_habitacion, numero_max_huespedes, sucursal_id) VALUES (106, 'Familiar', 2, 5); INSERT INTO habitacion (habitacion_id, tipo_habitacion, numero_max_huespedes, sucursal_id) VALUES (107, 'Familiar', 1, 5); INSERT INTO habitacion (habitacion_id, tipo_habitacion, numero_max_huespedes, sucursal_id) VALUES (108, 'Doble', 2, 5); INSERT INTO habitacion (habitacion_id, tipo_habitacion, numero_max_huespedes, sucursal_id) VALUES (109, 'Doble', 5, 5); INSERT INTO habitacion (habitacion_id, tipo_habitacion, numero_max_huespedes, sucursal_id) VALUES (110, 'Suite', 6, 5); INSERT INTO habitacion (habitacion_id, tipo_habitacion, numero_max_huespedes, sucursal_id) VALUES (111, 'Familiar', 4, 5); INSERT INTO habitacion (habitacion_id, tipo_habitacion, numero_max_huespedes, sucursal_id) VALUES (112, 'Familiar', 4, 5); INSERT INTO habitacion (habitacion_id, tipo_habitacion, numero_max_huespedes, sucursal_id) VALUES (113, 'Triple', 3, 5); INSERT INTO habitacion (habitacion_id, tipo_habitacion, numero_max_huespedes, sucursal_id) VALUES (114, 'Doble', 2, 5); INSERT INTO habitacion (habitacion_id, tipo_habitacion, numero_max_huespedes, sucursal_id) VALUES (115, 'Estándar', 2, 5); INSERT INTO habitacion (habitacion_id, tipo_habitacion, numero_max_huespedes, sucursal_id) VALUES (116, 'Familiar', 3, 5); INSERT INTO habitacion (habitacion_id, tipo_habitacion, numero_max_huespedes, sucursal_id) VALUES (117, 'Triple', 6, 5); INSERT INTO habitacion (habitacion_id, tipo_habitacion, numero_max_huespedes, sucursal_id) VALUES (118, 'Suite', 2, 5); INSERT INTO habitacion (habitacion_id, tipo_habitacion, numero_max_huespedes, sucursal_id) VALUES (119, 'Triple', 3, 5); INSERT INTO habitacion (habitacion_id, tipo_habitacion, numero_max_huespedes, sucursal_id) VALUES (120, 'Familiar', 6, 5); INSERT INTO habitacion (habitacion_id, tipo_habitacion, numero_max_huespedes, sucursal_id) VALUES (121, 'Estándar', 6, 5); INSERT INTO habitacion (habitacion_id, tipo_habitacion, numero_max_huespedes, sucursal_id) VALUES (122, 'Familiar', 3, 5); INSERT INTO habitacion (habitacion_id, tipo_habitacion, numero_max_huespedes, sucursal_id) VALUES (123, 'Doble', 2, 5); INSERT INTO habitacion (habitacion_id, tipo_habitacion, numero_max_huespedes, sucursal_id) VALUES (124, 'Doble', 6, 5); INSERT INTO habitacion (habitacion_id, tipo_habitacion, numero_max_huespedes, sucursal_id) VALUES (125, 'Estándar', 5, 5); INSERT INTO habitacion (habitacion_id, tipo_habitacion, numero_max_huespedes, sucursal_id) VALUES (126, 'Suite', 3, 5); INSERT INTO habitacion (habitacion_id, tipo_habitacion, numero_max_huespedes, sucursal_id) VALUES (127, 'Familiar', 2, 5); INSERT INTO habitacion (habitacion_id, tipo_habitacion, numero_max_huespedes, sucursal_id) VALUES (128, 'Doble', 2, 5); INSERT INTO habitacion (habitacion_id, tipo_habitacion, numero_max_huespedes, sucursal_id) VALUES (129, 'Familiar', 2, 5); INSERT INTO habitacion (habitacion_id, tipo_habitacion, numero_max_huespedes, sucursal_id) VALUES (130, 'Suite', 6, 5); INSERT INTO habitacion (habitacion_id, tipo_habitacion, numero_max_huespedes, sucursal_id) VALUES (131, 'Estándar', 1, 5); INSERT INTO habitacion (habitacion_id, tipo_habitacion, numero_max_huespedes, sucursal_id) VALUES (132, 'Familiar', 3, 5); INSERT INTO habitacion (habitacion_id, tipo_habitacion, numero_max_huespedes, sucursal_id) VALUES (133, 'Familiar', 2, 5); INSERT INTO habitacion (habitacion_id, tipo_habitacion, numero_max_huespedes, sucursal_id) VALUES (134, 'Triple', 2, 5); INSERT INTO habitacion (habitacion_id, tipo_habitacion, numero_max_huespedes, sucursal_id) VALUES (135, 'Suite', 6, 5); INSERT INTO habitacion (habitacion_id, tipo_habitacion, numero_max_huespedes, sucursal_id) VALUES (136, 'Familiar', 4, 5); INSERT INTO habitacion (habitacion_id, tipo_habitacion, numero_max_huespedes, sucursal_id) VALUES (137, 'Familiar', 3, 5); INSERT INTO habitacion (habitacion_id, tipo_habitacion, numero_max_huespedes, sucursal_id) VALUES (138, 'Suite', 5, 5); INSERT INTO habitacion (habitacion_id, tipo_habitacion, numero_max_huespedes, sucursal_id) VALUES (139, 'Doble', 5, 5); INSERT INTO sucursal (sucursal_id, nombre, paises_id, fecha_creacion) VALUES (6, 'Bailey - Champlin', 4, '2024-12-27T08:01:43.094Z'); INSERT INTO servicio (servicio_id, nombre_servicio, precio, fecha_creacion, sucursal_id) VALUES (37, 'Casino', 38.203493125149805, '2024-12-27T08:01:43.094Z', 6); INSERT INTO servicio (servicio_id, nombre_servicio, precio, fecha_creacion, sucursal_id) VALUES (38, 'Servicio de Cuidado Infantil', 37.89969093182038, '2024-12-27T08:01:43.094Z', 6); INSERT INTO servicio (servicio_id, nombre_servicio, precio, fecha_creacion, sucursal_id) VALUES (39, 'Wifi Gratis', 0, '2024-12-27T08:01:43.094Z', 6); INSERT INTO servicio (servicio_id, nombre_servicio, precio, fecha_creacion, sucursal_id) VALUES (40, 'Gimnasio', 19.027700176194262, '2024-12-27T08:01:43.094Z', 6); INSERT INTO servicio (servicio_id, nombre_servicio, precio, fecha_creacion, sucursal_id) VALUES (41, 'Piscina', 14.271061073799325, '2024-12-27T08:01:43.094Z', 6); INSERT INTO servicio (servicio_id, nombre_servicio, precio, fecha_creacion, sucursal_id) VALUES (42, 'Estacionamiento', 21.393941330254773, '2024-12-27T08:01:43.094Z', 6); INSERT INTO servicio (servicio_id, nombre_servicio, precio, fecha_creacion, sucursal_id) VALUES (43, 'Servicio de Habitación', 30.60185647224004, '2024-12-27T08:01:43.094Z', 6); INSERT INTO servicio (servicio_id, nombre_servicio, precio, fecha_creacion, sucursal_id) VALUES (44, 'Zona Gamer', 20.431779354646704, '2024-12-27T08:01:43.094Z', 6); INSERT INTO servicio (servicio_id, nombre_servicio, precio, fecha_creacion, sucursal_id) VALUES (45, 'Spa', 51.14385798238398, '2024-12-27T08:01:43.094Z', 6); INSERT INTO servicio (servicio_id, nombre_servicio, precio, fecha_creacion, sucursal_id) VALUES (46, 'Actividades de Aventura', 101.73262492547374, '2024-12-27T08:01:43.094Z', 6); INSERT INTO servicio (servicio_id, nombre_servicio, precio, fecha_creacion, sucursal_id) VALUES (47, 'Discoteca', 33.31238150607476, '2024-12-27T08:01:43.094Z', 6); INSERT INTO servicio (servicio_id, nombre_servicio, precio, fecha_creacion, sucursal_id) VALUES (48, 'Sala de Conferencias', 196.29454486406271, '2024-12-27T08:01:43.094Z', 6); INSERT INTO servicio (servicio_id, nombre_servicio, precio, fecha_creacion, sucursal_id) VALUES (49, 'Lavandería', 13.690782032364933, '2024-12-27T08:01:43.094Z', 6); INSERT INTO habitacion (habitacion_id, tipo_habitacion, numero_max_huespedes, sucursal_id) VALUES (140, 'Estándar', 3, 6); INSERT INTO habitacion (habitacion_id, tipo_habitacion, numero_max_huespedes, sucursal_id) VALUES (141, 'Suite', 3, 6); INSERT INTO habitacion (habitacion_id, tipo_habitacion, numero_max_huespedes, sucursal_id) VALUES (142, 'Doble', 4, 6); INSERT INTO habitacion (habitacion_id, tipo_habitacion, numero_max_huespedes, sucursal_id) VALUES (143, 'Doble', 1, 6); INSERT INTO habitacion (habitacion_id, tipo_habitacion, numero_max_huespedes, sucursal_id) VALUES (144, 'Triple', 4, 6); INSERT INTO habitacion (habitacion_id, tipo_habitacion, numero_max_huespedes, sucursal_id) VALUES (145, 'Triple', 6, 6); INSERT INTO habitacion (habitacion_id, tipo_habitacion, numero_max_huespedes, sucursal_id) VALUES (146, 'Triple', 5, 6); INSERT INTO habitacion (habitacion_id, tipo_habitacion, numero_max_huespedes, sucursal_id) VALUES (147, 'Suite', 4, 6); INSERT INTO habitacion (habitacion_id, tipo_habitacion, numero_max_huespedes, sucursal_id) VALUES (148, 'Familiar', 2, 6); INSERT INTO habitacion (habitacion_id, tipo_habitacion, numero_max_huespedes, sucursal_id) VALUES (149, 'Doble', 3, 6); INSERT INTO habitacion (habitacion_id, tipo_habitacion, numero_max_huespedes, sucursal_id) VALUES (150, 'Estándar', 2, 6); INSERT INTO habitacion (habitacion_id, tipo_habitacion, numero_max_huespedes, sucursal_id) VALUES (151, 'Doble', 6, 6); INSERT INTO habitacion (habitacion_id, tipo_habitacion, numero_max_huespedes, sucursal_id) VALUES (152, 'Doble', 4, 6); INSERT INTO habitacion (habitacion_id, tipo_habitacion, numero_max_huespedes, sucursal_id) VALUES (153, 'Triple', 4, 6); INSERT INTO habitacion (habitacion_id, tipo_habitacion, numero_max_huespedes, sucursal_id) VALUES (154, 'Suite', 2, 6); INSERT INTO habitacion (habitacion_id, tipo_habitacion, numero_max_huespedes, sucursal_id) VALUES (155, 'Doble', 2, 6); INSERT INTO habitacion (habitacion_id, tipo_habitacion, numero_max_huespedes, sucursal_id) VALUES (156, 'Doble', 5, 6); INSERT INTO habitacion (habitacion_id, tipo_habitacion, numero_max_huespedes, sucursal_id) VALUES (157, 'Triple', 3, 6); INSERT INTO habitacion (habitacion_id, tipo_habitacion, numero_max_huespedes, sucursal_id) VALUES (158, 'Estándar', 1, 6); INSERT INTO habitacion (habitacion_id, tipo_habitacion, numero_max_huespedes, sucursal_id) VALUES (159, 'Triple', 4, 6); INSERT INTO sucursal (sucursal_id, nombre, paises_id, fecha_creacion) VALUES (7, 'Kreiger, Paucek and Marks', 4, '2024-12-27T08:01:43.094Z'); INSERT INTO planes (plan_id, nombre_plan, precio_por_noche, fecha_creacion, sucursal_id) VALUES (29, 'Full Day', 162.3117138218484, '2024-12-27T08:01:43.094Z', 7); INSERT INTO planes (plan_id, nombre_plan, precio_por_noche, fecha_creacion, sucursal_id) VALUES (30, 'Todo Incluido Plus', 195.98900828478799, '2024-12-27T08:01:43.094Z', 7); INSERT INTO planes (plan_id, nombre_plan, precio_por_noche, fecha_creacion, sucursal_id) VALUES (31, 'Solo Hospedaje', 82.45902176111883, '2024-12-27T08:01:43.094Z', 7); INSERT INTO planes (plan_id, nombre_plan, precio_por_noche, fecha_creacion, sucursal_id) VALUES (32, 'Solo Almuerzo', 70.2146746559036, '2024-12-27T08:01:43.094Z', 7); INSERT INTO planes (plan_id, nombre_plan, precio_por_noche, fecha_creacion, sucursal_id) VALUES (33, 'Media Pensión', 123.88118058402966, '2024-12-27T08:01:43.094Z', 7); INSERT INTO planes (plan_id, nombre_plan, precio_por_noche, fecha_creacion, sucursal_id) VALUES (34, 'Solo Desayuno', 52.09573718328869, '2024-12-27T08:01:43.094Z', 7); INSERT INTO planes (plan_id, nombre_plan, precio_por_noche, fecha_creacion, sucursal_id) VALUES (35, 'Todo Incluido', 148.0500803647525, '2024-12-27T08:01:43.094Z', 7); INSERT INTO planes (plan_id, nombre_plan, precio_por_noche, fecha_creacion, sucursal_id) VALUES (36, 'Noche de Bodas', 232.6475103304828, '2024-12-27T08:01:43.094Z', 7); INSERT INTO servicio (servicio_id, nombre_servicio, precio, fecha_creacion, sucursal_id) VALUES (50, 'Tienda de Souvenirs', 10.071057975730682, '2024-12-27T08:01:43.094Z', 7); INSERT INTO servicio (servicio_id, nombre_servicio, precio, fecha_creacion, sucursal_id) VALUES (51, 'Zona Gamer', 18.471254685370766, '2024-12-27T08:01:43.094Z', 7); INSERT INTO servicio (servicio_id, nombre_servicio, precio, fecha_creacion, sucursal_id) VALUES (52, 'Restaurante', 31.011448312797413, '2024-12-27T08:01:43.094Z', 7); INSERT INTO habitacion (habitacion_id, tipo_habitacion, numero_max_huespedes, sucursal_id) VALUES (160, 'Suite', 6, 7); INSERT INTO habitacion (habitacion_id, tipo_habitacion, numero_max_huespedes, sucursal_id) VALUES (161, 'Suite', 2, 7); INSERT INTO habitacion (habitacion_id, tipo_habitacion, numero_max_huespedes, sucursal_id) VALUES (162, 'Estándar', 3, 7); INSERT INTO habitacion (habitacion_id, tipo_habitacion, numero_max_huespedes, sucursal_id) VALUES (163, 'Suite', 3, 7); INSERT INTO habitacion (habitacion_id, tipo_habitacion, numero_max_huespedes, sucursal_id) VALUES (164, 'Familiar', 4, 7); INSERT INTO habitacion (habitacion_id, tipo_habitacion, numero_max_huespedes, sucursal_id) VALUES (165, 'Triple', 2, 7); INSERT INTO habitacion (habitacion_id, tipo_habitacion, numero_max_huespedes, sucursal_id) VALUES (166, 'Triple', 4, 7); INSERT INTO habitacion (habitacion_id, tipo_habitacion, numero_max_huespedes, sucursal_id) VALUES (167, 'Familiar', 6, 7); INSERT INTO habitacion (habitacion_id, tipo_habitacion, numero_max_huespedes, sucursal_id) VALUES (168, 'Estándar', 4, 7); INSERT INTO habitacion (habitacion_id, tipo_habitacion, numero_max_huespedes, sucursal_id) VALUES (169, 'Familiar', 3, 7); INSERT INTO habitacion (habitacion_id, tipo_habitacion, numero_max_huespedes, sucursal_id) VALUES (170, 'Triple', 2, 7); INSERT INTO habitacion (habitacion_id, tipo_habitacion, numero_max_huespedes, sucursal_id) VALUES (171, 'Doble', 1, 7); INSERT INTO habitacion (habitacion_id, tipo_habitacion, numero_max_huespedes, sucursal_id) VALUES (172, 'Suite', 4, 7); INSERT INTO habitacion (habitacion_id, tipo_habitacion, numero_max_huespedes, sucursal_id) VALUES (173, 'Doble', 4, 7); INSERT INTO habitacion (habitacion_id, tipo_habitacion, numero_max_huespedes, sucursal_id) VALUES (174, 'Suite', 1, 7); INSERT INTO habitacion (habitacion_id, tipo_habitacion, numero_max_huespedes, sucursal_id) VALUES (175, 'Familiar', 5, 7); INSERT INTO habitacion (habitacion_id, tipo_habitacion, numero_max_huespedes, sucursal_id) VALUES (176, 'Triple', 5, 7); INSERT INTO habitacion (habitacion_id, tipo_habitacion, numero_max_huespedes, sucursal_id) VALUES (177, 'Doble', 2, 7); INSERT INTO habitacion (habitacion_id, tipo_habitacion, numero_max_huespedes, sucursal_id) VALUES (178, 'Estándar', 4, 7); INSERT INTO habitacion (habitacion_id, tipo_habitacion, numero_max_huespedes, sucursal_id) VALUES (179, 'Suite', 4, 7); INSERT INTO habitacion (habitacion_id, tipo_habitacion, numero_max_huespedes, sucursal_id) VALUES (180, 'Familiar', 2, 7); INSERT INTO habitacion (habitacion_id, tipo_habitacion, numero_max_huespedes, sucursal_id) VALUES (181, 'Estándar', 5, 7); INSERT INTO habitacion (habitacion_id, tipo_habitacion, numero_max_huespedes, sucursal_id) VALUES (182, 'Estándar', 6, 7); INSERT INTO habitacion (habitacion_id, tipo_habitacion, numero_max_huespedes, sucursal_id) VALUES (183, 'Suite', 2, 7); INSERT INTO habitacion (habitacion_id, tipo_habitacion, numero_max_huespedes, sucursal_id) VALUES (184, 'Triple', 2, 7); INSERT INTO habitacion (habitacion_id, tipo_habitacion, numero_max_huespedes, sucursal_id) VALUES (185, 'Suite', 2, 7); INSERT INTO habitacion (habitacion_id, tipo_habitacion, numero_max_huespedes, sucursal_id) VALUES (186, 'Estándar', 1, 7); INSERT INTO habitacion (habitacion_id, tipo_habitacion, numero_max_huespedes, sucursal_id) VALUES (187, 'Estándar', 6, 7); INSERT INTO habitacion (habitacion_id, tipo_habitacion, numero_max_huespedes, sucursal_id) VALUES (188, 'Estándar', 2, 7); INSERT INTO habitacion (habitacion_id, tipo_habitacion, numero_max_huespedes, sucursal_id) VALUES (189, 'Triple', 5, 7); INSERT INTO habitacion (habitacion_id, tipo_habitacion, numero_max_huespedes, sucursal_id) VALUES (190, 'Estándar', 6, 7); INSERT INTO sucursal (sucursal_id, nombre, paises_id, fecha_creacion) VALUES (8, 'Emard - Lakin', 5, '2024-12-27T08:01:43.094Z'); INSERT INTO planes (plan_id, nombre_plan, precio_por_noche, fecha_creacion, sucursal_id) VALUES (37, 'Solo Almuerzo', 65.42081447645742, '2024-12-27T08:01:43.094Z', 8); INSERT INTO planes (plan_id, nombre_plan, precio_por_noche, fecha_creacion, sucursal_id) VALUES (38, 'Noche de Bodas', 209.04897824225745, '2024-12-27T08:01:43.094Z', 8); INSERT INTO planes (plan_id, nombre_plan, precio_por_noche, fecha_creacion, sucursal_id) VALUES (39, 'Solo Hospedaje', 82.19952883052298, '2024-12-27T08:01:43.094Z', 8); INSERT INTO planes (plan_id, nombre_plan, precio_por_noche, fecha_creacion, sucursal_id) VALUES (40, 'Todo Incluido Plus', 175.11303102211465, '2024-12-27T08:01:43.094Z', 8); INSERT INTO planes (plan_id, nombre_plan, precio_por_noche, fecha_creacion, sucursal_id) VALUES (41, 'Todo Incluido', 154.63258036068794, '2024-12-27T08:01:43.094Z', 8); INSERT INTO planes (plan_id, nombre_plan, precio_por_noche, fecha_creacion, sucursal_id) VALUES (42, 'Media Pensión', 139.58767488454706, '2024-12-27T08:01:43.094Z', 8); INSERT INTO planes (plan_id, nombre_plan, precio_por_noche, fecha_creacion, sucursal_id) VALUES (43, 'Escapada Romántica', 202.7312224762632, '2024-12-27T08:01:43.094Z', 8); INSERT INTO planes (plan_id, nombre_plan, precio_por_noche, fecha_creacion, sucursal_id) VALUES (44, 'Plan Familiar', 285.38624912873706, '2024-12-27T08:01:43.094Z', 8); INSERT INTO servicio (servicio_id, nombre_servicio, precio, fecha_creacion, sucursal_id) VALUES (53, 'Restaurante Gourmet', 56.25814038771611, '2024-12-27T08:01:43.094Z', 8); INSERT INTO servicio (servicio_id, nombre_servicio, precio, fecha_creacion, sucursal_id) VALUES (54, 'Alquiler de Vehículos', 69.72891286073029, '2024-12-27T08:01:43.094Z', 8); INSERT INTO servicio (servicio_id, nombre_servicio, precio, fecha_creacion, sucursal_id) VALUES (55, 'Actividades de Aventura', 99.58361249932494, '2024-12-27T08:01:43.094Z', 8); INSERT INTO servicio (servicio_id, nombre_servicio, precio, fecha_creacion, sucursal_id) VALUES (56, 'Peluquería', 26.83124929989799, '2024-12-27T08:01:43.094Z', 8); INSERT INTO servicio (servicio_id, nombre_servicio, precio, fecha_creacion, sucursal_id) VALUES (57, 'Restaurante', 32.868330261763965, '2024-12-27T08:01:43.094Z', 8); INSERT INTO servicio (servicio_id, nombre_servicio, precio, fecha_creacion, sucursal_id) VALUES (58, 'Piscina', 14.010522382616406, '2024-12-27T08:01:43.094Z', 8); INSERT INTO servicio (servicio_id, nombre_servicio, precio, fecha_creacion, sucursal_id) VALUES (59, 'Sala de Conferencias', 187.48987671208673, '2024-12-27T08:01:43.094Z', 8); INSERT INTO servicio (servicio_id, nombre_servicio, precio, fecha_creacion, sucursal_id) VALUES (60, 'Servicio de Cuidado Infantil', 40.26289610597125, '2024-12-27T08:01:43.094Z', 8); INSERT INTO servicio (servicio_id, nombre_servicio, precio, fecha_creacion, sucursal_id) VALUES (61, 'Wifi Gratis', 0, '2024-12-27T08:01:43.094Z', 8); INSERT INTO servicio (servicio_id, nombre_servicio, precio, fecha_creacion, sucursal_id) VALUES (62, 'Transporte al Aeropuerto', 48.344325664465714, '2024-12-27T08:01:43.094Z', 8); INSERT INTO servicio (servicio_id, nombre_servicio, precio, fecha_creacion, sucursal_id) VALUES (63, 'Tienda de Souvenirs', 9.090668484800307, '2024-12-27T08:01:43.094Z', 8); INSERT INTO servicio (servicio_id, nombre_servicio, precio, fecha_creacion, sucursal_id) VALUES (64, 'Lavandería', 14.184762022097901, '2024-12-27T08:01:43.094Z', 8); INSERT INTO habitacion (habitacion_id, tipo_habitacion, numero_max_huespedes, sucursal_id) VALUES (191, 'Familiar', 2, 8); INSERT INTO habitacion (habitacion_id, tipo_habitacion, numero_max_huespedes, sucursal_id) VALUES (192, 'Estándar', 4, 8); INSERT INTO habitacion (habitacion_id, tipo_habitacion, numero_max_huespedes, sucursal_id) VALUES (193, 'Suite', 4, 8); INSERT INTO habitacion (habitacion_id, tipo_habitacion, numero_max_huespedes, sucursal_id) VALUES (194, 'Estándar', 3, 8); INSERT INTO habitacion (habitacion_id, tipo_habitacion, numero_max_huespedes, sucursal_id) VALUES (195, 'Estándar', 1, 8); INSERT INTO habitacion (habitacion_id, tipo_habitacion, numero_max_huespedes, sucursal_id) VALUES (196, 'Estándar', 3, 8); INSERT INTO habitacion (habitacion_id, tipo_habitacion, numero_max_huespedes, sucursal_id) VALUES (197, 'Estándar', 1, 8); INSERT INTO habitacion (habitacion_id, tipo_habitacion, numero_max_huespedes, sucursal_id) VALUES (198, 'Familiar', 2, 8); INSERT INTO habitacion (habitacion_id, tipo_habitacion, numero_max_huespedes, sucursal_id) VALUES (199, 'Triple', 1, 8); INSERT INTO habitacion (habitacion_id, tipo_habitacion, numero_max_huespedes, sucursal_id) VALUES (200, 'Familiar', 5, 8); INSERT INTO habitacion (habitacion_id, tipo_habitacion, numero_max_huespedes, sucursal_id) VALUES (201, 'Familiar', 2, 8); INSERT INTO habitacion (habitacion_id, tipo_habitacion, numero_max_huespedes, sucursal_id) VALUES (202, 'Familiar', 5, 8); INSERT INTO habitacion (habitacion_id, tipo_habitacion, numero_max_huespedes, sucursal_id) VALUES (203, 'Doble', 1, 8); INSERT INTO habitacion (habitacion_id, tipo_habitacion, numero_max_huespedes, sucursal_id) VALUES (204, 'Suite', 3, 8); INSERT INTO habitacion (habitacion_id, tipo_habitacion, numero_max_huespedes, sucursal_id) VALUES (205, 'Triple', 5, 8); INSERT INTO habitacion (habitacion_id, tipo_habitacion, numero_max_huespedes, sucursal_id) VALUES (206, 'Suite', 5, 8); INSERT INTO habitacion (habitacion_id, tipo_habitacion, numero_max_huespedes, sucursal_id) VALUES (207, 'Triple', 1, 8); INSERT INTO habitacion (habitacion_id, tipo_habitacion, numero_max_huespedes, sucursal_id) VALUES (208, 'Suite', 1, 8); INSERT INTO habitacion (habitacion_id, tipo_habitacion, numero_max_huespedes, sucursal_id) VALUES (209, 'Suite', 5, 8); INSERT INTO habitacion (habitacion_id, tipo_habitacion, numero_max_huespedes, sucursal_id) VALUES (210, 'Estándar', 1, 8); INSERT INTO habitacion (habitacion_id, tipo_habitacion, numero_max_huespedes, sucursal_id) VALUES (211, 'Suite', 5, 8); INSERT INTO habitacion (habitacion_id, tipo_habitacion, numero_max_huespedes, sucursal_id) VALUES (212, 'Estándar', 3, 8); INSERT INTO habitacion (habitacion_id, tipo_habitacion, numero_max_huespedes, sucursal_id) VALUES (213, 'Estándar', 2, 8); INSERT INTO habitacion (habitacion_id, tipo_habitacion, numero_max_huespedes, sucursal_id) VALUES (214, 'Estándar', 3, 8); INSERT INTO habitacion (habitacion_id, tipo_habitacion, numero_max_huespedes, sucursal_id) VALUES (215, 'Suite', 3, 8); INSERT INTO habitacion (habitacion_id, tipo_habitacion, numero_max_huespedes, sucursal_id) VALUES (216, 'Estándar', 3, 8); INSERT INTO habitacion (habitacion_id, tipo_habitacion, numero_max_huespedes, sucursal_id) VALUES (217, 'Familiar', 5, 8); INSERT INTO habitacion (habitacion_id, tipo_habitacion, numero_max_huespedes, sucursal_id) VALUES (218, 'Suite', 6, 8); INSERT INTO habitacion (habitacion_id, tipo_habitacion, numero_max_huespedes, sucursal_id) VALUES (219, 'Familiar', 4, 8); INSERT INTO habitacion (habitacion_id, tipo_habitacion, numero_max_huespedes, sucursal_id) VALUES (220, 'Triple', 3, 8); INSERT INTO habitacion (habitacion_id, tipo_habitacion, numero_max_huespedes, sucursal_id) VALUES (221, 'Doble', 5, 8); INSERT INTO habitacion (habitacion_id, tipo_habitacion, numero_max_huespedes, sucursal_id) VALUES (222, 'Triple', 2, 8); INSERT INTO habitacion (habitacion_id, tipo_habitacion, numero_max_huespedes, sucursal_id) VALUES (223, 'Estándar', 3, 8); INSERT INTO habitacion (habitacion_id, tipo_habitacion, numero_max_huespedes, sucursal_id) VALUES (224, 'Estándar', 3, 8); INSERT INTO habitacion (habitacion_id, tipo_habitacion, numero_max_huespedes, sucursal_id) VALUES (225, 'Triple', 5, 8); INSERT INTO habitacion (habitacion_id, tipo_habitacion, numero_max_huespedes, sucursal_id) VALUES (226, 'Triple', 6, 8); INSERT INTO habitacion (habitacion_id, tipo_habitacion, numero_max_huespedes, sucursal_id) VALUES (227, 'Estándar', 4, 8); INSERT INTO habitacion (habitacion_id, tipo_habitacion, numero_max_huespedes, sucursal_id) VALUES (228, 'Triple', 1, 8); INSERT INTO habitacion (habitacion_id, tipo_habitacion, numero_max_huespedes, sucursal_id) VALUES (229, 'Doble', 4, 8); INSERT INTO habitacion (habitacion_id, tipo_habitacion, numero_max_huespedes, sucursal_id) VALUES (230, 'Doble', 4, 8); INSERT INTO habitacion (habitacion_id, tipo_habitacion, numero_max_huespedes, sucursal_id) VALUES (231, 'Triple', 5, 8); INSERT INTO habitacion (habitacion_id, tipo_habitacion, numero_max_huespedes, sucursal_id) VALUES (232, 'Doble', 5, 8); INSERT INTO habitacion (habitacion_id, tipo_habitacion, numero_max_huespedes, sucursal_id) VALUES (233, 'Suite', 4, 8); INSERT INTO habitacion (habitacion_id, tipo_habitacion, numero_max_huespedes, sucursal_id) VALUES (234, 'Familiar', 4, 8); INSERT INTO habitacion (habitacion_id, tipo_habitacion, numero_max_huespedes, sucursal_id) VALUES (235, 'Familiar', 5, 8); INSERT INTO habitacion (habitacion_id, tipo_habitacion, numero_max_huespedes, sucursal_id) VALUES (236, 'Doble', 2, 8); INSERT INTO habitacion (habitacion_id, tipo_habitacion, numero_max_huespedes, sucursal_id) VALUES (237, 'Triple', 1, 8); INSERT INTO habitacion (habitacion_id, tipo_habitacion, numero_max_huespedes, sucursal_id) VALUES (238, 'Suite', 2, 8); INSERT INTO sucursal (sucursal_id, nombre, paises_id, fecha_creacion) VALUES (9, 'Swaniawski - Sporer', 6, '2024-12-27T08:01:43.094Z'); INSERT INTO planes (plan_id, nombre_plan, precio_por_noche, fecha_creacion, sucursal_id) VALUES (45, 'Media Pensión', 105.71275921826889, '2024-12-27T08:01:43.094Z', 9); INSERT INTO servicio (servicio_id, nombre_servicio, precio, fecha_creacion, sucursal_id) VALUES (65, 'Casino', 38.91472088867991, '2024-12-27T08:01:43.094Z', 9); INSERT INTO servicio (servicio_id, nombre_servicio, precio, fecha_creacion, sucursal_id) VALUES (66, 'Zona Gamer', 21.30964340305087, '2024-12-27T08:01:43.094Z', 9); INSERT INTO servicio (servicio_id, nombre_servicio, precio, fecha_creacion, sucursal_id) VALUES (67, 'Peluquería', 24.18191066136568, '2024-12-27T08:01:43.094Z', 9); INSERT INTO servicio (servicio_id, nombre_servicio, precio, fecha_creacion, sucursal_id) VALUES (68, 'Gimnasio', 19.97684573248944, '2024-12-27T08:01:43.094Z', 9); INSERT INTO servicio (servicio_id, nombre_servicio, precio, fecha_creacion, sucursal_id) VALUES (69, 'Lavandería', 16.168042586013105, '2024-12-27T08:01:43.094Z', 9); INSERT INTO servicio (servicio_id, nombre_servicio, precio, fecha_creacion, sucursal_id) VALUES (70, 'Estacionamiento', 21.399288782190304, '2024-12-27T08:01:43.094Z', 9); INSERT INTO servicio (servicio_id, nombre_servicio, precio, fecha_creacion, sucursal_id) VALUES (71, 'Wifi Gratis', 0, '2024-12-27T08:01:43.094Z', 9); INSERT INTO servicio (servicio_id, nombre_servicio, precio, fecha_creacion, sucursal_id) VALUES (72, 'Restaurante Gourmet', 64.33712890645378, '2024-12-27T08:01:43.094Z', 9); INSERT INTO servicio (servicio_id, nombre_servicio, precio, fecha_creacion, sucursal_id) VALUES (73, 'Alquiler de Vehículos', 78.78609853395959, '2024-12-27T08:01:43.094Z', 9); INSERT INTO servicio (servicio_id, nombre_servicio, precio, fecha_creacion, sucursal_id) VALUES (74, 'Piscina', 14.504049284916332, '2024-12-27T08:01:43.094Z', 9); INSERT INTO servicio (servicio_id, nombre_servicio, precio, fecha_creacion, sucursal_id) VALUES (75, 'Transporte al Aeropuerto', 52.38525290158192, '2024-12-27T08:01:43.094Z', 9); INSERT INTO servicio (servicio_id, nombre_servicio, precio, fecha_creacion, sucursal_id) VALUES (76, 'Servicio de Cuidado Infantil', 38.71886229379264, '2024-12-27T08:01:43.094Z', 9); INSERT INTO servicio (servicio_id, nombre_servicio, precio, fecha_creacion, sucursal_id) VALUES (77, 'Sala de Conferencias', 217.3854447397162, '2024-12-27T08:01:43.094Z', 9); INSERT INTO habitacion (habitacion_id, tipo_habitacion, numero_max_huespedes, sucursal_id) VALUES (239, 'Estándar', 3, 9); INSERT INTO habitacion (habitacion_id, tipo_habitacion, numero_max_huespedes, sucursal_id) VALUES (240, 'Triple', 4, 9); INSERT INTO habitacion (habitacion_id, tipo_habitacion, numero_max_huespedes, sucursal_id) VALUES (241, 'Familiar', 1, 9); INSERT INTO habitacion (habitacion_id, tipo_habitacion, numero_max_huespedes, sucursal_id) VALUES (242, 'Estándar', 1, 9); INSERT INTO habitacion (habitacion_id, tipo_habitacion, numero_max_huespedes, sucursal_id) VALUES (243, 'Familiar', 1, 9); INSERT INTO habitacion (habitacion_id, tipo_habitacion, numero_max_huespedes, sucursal_id) VALUES (244, 'Doble', 3, 9); INSERT INTO habitacion (habitacion_id, tipo_habitacion, numero_max_huespedes, sucursal_id) VALUES (245, 'Estándar', 2, 9); INSERT INTO habitacion (habitacion_id, tipo_habitacion, numero_max_huespedes, sucursal_id) VALUES (246, 'Doble', 6, 9); INSERT INTO habitacion (habitacion_id, tipo_habitacion, numero_max_huespedes, sucursal_id) VALUES (247, 'Suite', 3, 9); INSERT INTO habitacion (habitacion_id, tipo_habitacion, numero_max_huespedes, sucursal_id) VALUES (248, 'Doble', 6, 9); INSERT INTO habitacion (habitacion_id, tipo_habitacion, numero_max_huespedes, sucursal_id) VALUES (249, 'Triple', 3, 9); INSERT INTO habitacion (habitacion_id, tipo_habitacion, numero_max_huespedes, sucursal_id) VALUES (250, 'Doble', 2, 9); INSERT INTO habitacion (habitacion_id, tipo_habitacion, numero_max_huespedes, sucursal_id) VALUES (251, 'Doble', 4, 9); INSERT INTO habitacion (habitacion_id, tipo_habitacion, numero_max_huespedes, sucursal_id) VALUES (252, 'Triple', 3, 9); INSERT INTO habitacion (habitacion_id, tipo_habitacion, numero_max_huespedes, sucursal_id) VALUES (253, 'Estándar', 2, 9); INSERT INTO habitacion (habitacion_id, tipo_habitacion, numero_max_huespedes, sucursal_id) VALUES (254, 'Suite', 2, 9); INSERT INTO habitacion (habitacion_id, tipo_habitacion, numero_max_huespedes, sucursal_id) VALUES (255, 'Estándar', 1, 9); INSERT INTO habitacion (habitacion_id, tipo_habitacion, numero_max_huespedes, sucursal_id) VALUES (256, 'Estándar', 5, 9); INSERT INTO habitacion (habitacion_id, tipo_habitacion, numero_max_huespedes, sucursal_id) VALUES (257, 'Familiar', 2, 9); INSERT INTO habitacion (habitacion_id, tipo_habitacion, numero_max_huespedes, sucursal_id) VALUES (258, 'Estándar', 1, 9); INSERT INTO habitacion (habitacion_id, tipo_habitacion, numero_max_huespedes, sucursal_id) VALUES (259, 'Estándar', 5, 9); INSERT INTO habitacion (habitacion_id, tipo_habitacion, numero_max_huespedes, sucursal_id) VALUES (260, 'Familiar', 5, 9); INSERT INTO habitacion (habitacion_id, tipo_habitacion, numero_max_huespedes, sucursal_id) VALUES (261, 'Familiar', 2, 9); INSERT INTO habitacion (habitacion_id, tipo_habitacion, numero_max_huespedes, sucursal_id) VALUES (262, 'Suite', 4, 9); INSERT INTO habitacion (habitacion_id, tipo_habitacion, numero_max_huespedes, sucursal_id) VALUES (263, 'Estándar', 2, 9); INSERT INTO habitacion (habitacion_id, tipo_habitacion, numero_max_huespedes, sucursal_id) VALUES (264, 'Doble', 1, 9); INSERT INTO habitacion (habitacion_id, tipo_habitacion, numero_max_huespedes, sucursal_id) VALUES (265, 'Suite', 5, 9); INSERT INTO habitacion (habitacion_id, tipo_habitacion, numero_max_huespedes, sucursal_id) VALUES (266, 'Estándar', 6, 9); INSERT INTO habitacion (habitacion_id, tipo_habitacion, numero_max_huespedes, sucursal_id) VALUES (267, 'Doble', 4, 9); INSERT INTO habitacion (habitacion_id, tipo_habitacion, numero_max_huespedes, sucursal_id) VALUES (268, 'Suite', 1, 9); INSERT INTO habitacion (habitacion_id, tipo_habitacion, numero_max_huespedes, sucursal_id) VALUES (269, 'Triple', 6, 9); INSERT INTO habitacion (habitacion_id, tipo_habitacion, numero_max_huespedes, sucursal_id) VALUES (270, 'Familiar', 4, 9); INSERT INTO habitacion (habitacion_id, tipo_habitacion, numero_max_huespedes, sucursal_id) VALUES (271, 'Estándar', 2, 9); INSERT INTO habitacion (habitacion_id, tipo_habitacion, numero_max_huespedes, sucursal_id) VALUES (272, 'Suite', 4, 9); INSERT INTO sucursal (sucursal_id, nombre, paises_id, fecha_creacion) VALUES (10, 'Grimes - Ankunding', 7, '2024-12-27T08:01:43.094Z'); INSERT INTO planes (plan_id, nombre_plan, precio_por_noche, fecha_creacion, sucursal_id) VALUES (46, 'Media Pensión', 102.56727614594125, '2024-12-27T08:01:43.094Z', 10); INSERT INTO planes (plan_id, nombre_plan, precio_por_noche, fecha_creacion, sucursal_id) VALUES (47, 'Noche de Bodas', 233.61101452497, '2024-12-27T08:01:43.094Z', 10); INSERT INTO planes (plan_id, nombre_plan, precio_por_noche, fecha_creacion, sucursal_id) VALUES (48, 'Plan Familiar', 253.6291963906377, '2024-12-27T08:01:43.094Z', 10); INSERT INTO planes (plan_id, nombre_plan, precio_por_noche, fecha_creacion, sucursal_id) VALUES (49, 'Todo Incluido Plus', 166.40198109273936, '2024-12-27T08:01:43.094Z', 10); INSERT INTO planes (plan_id, nombre_plan, precio_por_noche, fecha_creacion, sucursal_id) VALUES (50, 'Solo Hospedaje', 85.29962138310839, '2024-12-27T08:01:43.094Z', 10); INSERT INTO planes (plan_id, nombre_plan, precio_por_noche, fecha_creacion, sucursal_id) VALUES (51, 'Solo Desayuno', 42.712550379146705, '2024-12-27T08:01:43.094Z', 10); INSERT INTO planes (plan_id, nombre_plan, precio_por_noche, fecha_creacion, sucursal_id) VALUES (52, 'Solo Almuerzo', 53.106299994266294, '2024-12-27T08:01:43.094Z', 10); INSERT INTO planes (plan_id, nombre_plan, precio_por_noche, fecha_creacion, sucursal_id) VALUES (53, 'Full Day', 194.05572491476804, '2024-12-27T08:01:43.094Z', 10); INSERT INTO planes (plan_id, nombre_plan, precio_por_noche, fecha_creacion, sucursal_id) VALUES (54, 'Escapada Romántica', 238.30064027640532, '2024-12-27T08:01:43.094Z', 10); INSERT INTO servicio (servicio_id, nombre_servicio, precio, fecha_creacion, sucursal_id) VALUES (78, 'Restaurante', 30.260558189839518, '2024-12-27T08:01:43.094Z', 10); INSERT INTO servicio (servicio_id, nombre_servicio, precio, fecha_creacion, sucursal_id) VALUES (79, 'Transporte al Aeropuerto', 46.10701047285868, '2024-12-27T08:01:43.094Z', 10); INSERT INTO servicio (servicio_id, nombre_servicio, precio, fecha_creacion, sucursal_id) VALUES (80, 'Sala de Conferencias', 199.10959685268398, '2024-12-27T08:01:43.094Z', 10); INSERT INTO servicio (servicio_id, nombre_servicio, precio, fecha_creacion, sucursal_id) VALUES (81, 'Piscina', 15.726319262590481, '2024-12-27T08:01:43.094Z', 10); INSERT INTO servicio (servicio_id, nombre_servicio, precio, fecha_creacion, sucursal_id) VALUES (82, 'Servicio de Cuidado Infantil', 40.860563621832235, '2024-12-27T08:01:43.094Z', 10); INSERT INTO servicio (servicio_id, nombre_servicio, precio, fecha_creacion, sucursal_id) VALUES (83, 'Zona Gamer', 19.516035213060395, '2024-12-27T08:01:43.094Z', 10); INSERT INTO servicio (servicio_id, nombre_servicio, precio, fecha_creacion, sucursal_id) VALUES (84, 'Tienda de Souvenirs', 9.406595899273, '2024-12-27T08:01:43.094Z', 10); INSERT INTO servicio (servicio_id, nombre_servicio, precio, fecha_creacion, sucursal_id) VALUES (85, 'Restaurante Gourmet', 65.51671547110921, '2024-12-27T08:01:43.094Z', 10); INSERT INTO servicio (servicio_id, nombre_servicio, precio, fecha_creacion, sucursal_id) VALUES (86, 'Peluquería', 25.707913277487112, '2024-12-27T08:01:43.094Z', 10); INSERT INTO servicio (servicio_id, nombre_servicio, precio, fecha_creacion, sucursal_id) VALUES (87, 'Spa', 48.16112757374309, '2024-12-27T08:01:43.094Z', 10); INSERT INTO habitacion (habitacion_id, tipo_habitacion, numero_max_huespedes, sucursal_id) VALUES (273, 'Triple', 1, 10); INSERT INTO habitacion (habitacion_id, tipo_habitacion, numero_max_huespedes, sucursal_id) VALUES (274, 'Suite', 2, 10); INSERT INTO habitacion (habitacion_id, tipo_habitacion, numero_max_huespedes, sucursal_id) VALUES (275, 'Suite', 3, 10); INSERT INTO habitacion (habitacion_id, tipo_habitacion, numero_max_huespedes, sucursal_id) VALUES (276, 'Familiar', 3, 10); INSERT INTO habitacion (habitacion_id, tipo_habitacion, numero_max_huespedes, sucursal_id) VALUES (277, 'Familiar', 6, 10); INSERT INTO habitacion (habitacion_id, tipo_habitacion, numero_max_huespedes, sucursal_id) VALUES (278, 'Triple', 1, 10); INSERT INTO habitacion (habitacion_id, tipo_habitacion, numero_max_huespedes, sucursal_id) VALUES (279, 'Triple', 2, 10); INSERT INTO habitacion (habitacion_id, tipo_habitacion, numero_max_huespedes, sucursal_id) VALUES (280, 'Triple', 4, 10); INSERT INTO habitacion (habitacion_id, tipo_habitacion, numero_max_huespedes, sucursal_id) VALUES (281, 'Doble', 1, 10); INSERT INTO habitacion (habitacion_id, tipo_habitacion, numero_max_huespedes, sucursal_id) VALUES (282, 'Suite', 2, 10); INSERT INTO habitacion (habitacion_id, tipo_habitacion, numero_max_huespedes, sucursal_id) VALUES (283, 'Suite', 6, 10); INSERT INTO habitacion (habitacion_id, tipo_habitacion, numero_max_huespedes, sucursal_id) VALUES (284, 'Suite', 3, 10); INSERT INTO habitacion (habitacion_id, tipo_habitacion, numero_max_huespedes, sucursal_id) VALUES (285, 'Triple', 1, 10); INSERT INTO habitacion (habitacion_id, tipo_habitacion, numero_max_huespedes, sucursal_id) VALUES (286, 'Suite', 2, 10); INSERT INTO habitacion (habitacion_id, tipo_habitacion, numero_max_huespedes, sucursal_id) VALUES (287, 'Familiar', 6, 10); INSERT INTO habitacion (habitacion_id, tipo_habitacion, numero_max_huespedes, sucursal_id) VALUES (288, 'Doble', 1, 10); INSERT INTO habitacion (habitacion_id, tipo_habitacion, numero_max_huespedes, sucursal_id) VALUES (289, 'Familiar', 4, 10); INSERT INTO habitacion (habitacion_id, tipo_habitacion, numero_max_huespedes, sucursal_id) VALUES (290, 'Triple', 3, 10); INSERT INTO habitacion (habitacion_id, tipo_habitacion, numero_max_huespedes, sucursal_id) VALUES (291, 'Estándar', 4, 10); INSERT INTO habitacion (habitacion_id, tipo_habitacion, numero_max_huespedes, sucursal_id) VALUES (292, 'Triple', 5, 10); INSERT INTO habitacion (habitacion_id, tipo_habitacion, numero_max_huespedes, sucursal_id) VALUES (293, 'Estándar', 2, 10); INSERT INTO habitacion (habitacion_id, tipo_habitacion, numero_max_huespedes, sucursal_id) VALUES (294, 'Suite', 1, 10); INSERT INTO habitacion (habitacion_id, tipo_habitacion, numero_max_huespedes, sucursal_id) VALUES (295, 'Suite', 1, 10); INSERT INTO habitacion (habitacion_id, tipo_habitacion, numero_max_huespedes, sucursal_id) VALUES (296, 'Estándar', 5, 10); INSERT INTO habitacion (habitacion_id, tipo_habitacion, numero_max_huespedes, sucursal_id) VALUES (297, 'Familiar', 4, 10); INSERT INTO habitacion (habitacion_id, tipo_habitacion, numero_max_huespedes, sucursal_id) VALUES (298, 'Estándar', 6, 10); INSERT INTO habitacion (habitacion_id, tipo_habitacion, numero_max_huespedes, sucursal_id) VALUES (299, 'Triple', 2, 10); INSERT INTO habitacion (habitacion_id, tipo_habitacion, numero_max_huespedes, sucursal_id) VALUES (300, 'Familiar', 6, 10); INSERT INTO habitacion (habitacion_id, tipo_habitacion, numero_max_huespedes, sucursal_id) VALUES (301, 'Doble', 1, 10); INSERT INTO habitacion (habitacion_id, tipo_habitacion, numero_max_huespedes, sucursal_id) VALUES (302, 'Suite', 3, 10); INSERT INTO habitacion (habitacion_id, tipo_habitacion, numero_max_huespedes, sucursal_id) VALUES (303, 'Suite', 4, 10); INSERT INTO habitacion (habitacion_id, tipo_habitacion, numero_max_huespedes, sucursal_id) VALUES (304, 'Estándar', 3, 10); INSERT INTO habitacion (habitacion_id, tipo_habitacion, numero_max_huespedes, sucursal_id) VALUES (305, 'Triple', 6, 10); INSERT INTO habitacion (habitacion_id, tipo_habitacion, numero_max_huespedes, sucursal_id) VALUES (306, 'Familiar', 5, 10); INSERT INTO habitacion (habitacion_id, tipo_habitacion, numero_max_huespedes, sucursal_id) VALUES (307, 'Suite', 2, 10); INSERT INTO habitacion (habitacion_id, tipo_habitacion, numero_max_huespedes, sucursal_id) VALUES (308, 'Suite', 5, 10); INSERT INTO habitacion (habitacion_id, tipo_habitacion, numero_max_huespedes, sucursal_id) VALUES (309, 'Triple', 1, 10); INSERT INTO habitacion (habitacion_id, tipo_habitacion, numero_max_huespedes, sucursal_id) VALUES (310, 'Estándar', 5, 10); INSERT INTO habitacion (habitacion_id, tipo_habitacion, numero_max_huespedes, sucursal_id) VALUES (311, 'Doble', 4, 10); INSERT INTO habitacion (habitacion_id, tipo_habitacion, numero_max_huespedes, sucursal_id) VALUES (312, 'Doble', 4, 10); INSERT INTO habitacion (habitacion_id, tipo_habitacion, numero_max_huespedes, sucursal_id) VALUES (313, 'Triple', 3, 10); INSERT INTO habitacion (habitacion_id, tipo_habitacion, numero_max_huespedes, sucursal_id) VALUES (314, 'Suite', 6, 10); INSERT INTO habitacion (habitacion_id, tipo_habitacion, numero_max_huespedes, sucursal_id) VALUES (315, 'Triple', 3, 10); INSERT INTO sucursal (sucursal_id, nombre, paises_id, fecha_creacion) VALUES (11, 'Hessel, Kemmer and Emmerich', 7, '2024-12-27T08:01:43.094Z'); INSERT INTO planes (plan_id, nombre_plan, precio_por_noche, fecha_creacion, sucursal_id) VALUES (55, 'Todo Incluido Plus', 200.4884918086795, '2024-12-27T08:01:43.094Z', 11); INSERT INTO planes (plan_id, nombre_plan, precio_por_noche, fecha_creacion, sucursal_id) VALUES (56, 'Solo Hospedaje', 109.38757340906494, '2024-12-27T08:01:43.094Z', 11); INSERT INTO planes (plan_id, nombre_plan, precio_por_noche, fecha_creacion, sucursal_id) VALUES (57, 'Escapada Romántica', 234.70337533900334, '2024-12-27T08:01:43.094Z', 11); INSERT INTO planes (plan_id, nombre_plan, precio_por_noche, fecha_creacion, sucursal_id) VALUES (58, 'Noche de Bodas', 242.753893724149, '2024-12-27T08:01:43.094Z', 11); INSERT INTO planes (plan_id, nombre_plan, precio_por_noche, fecha_creacion, sucursal_id) VALUES (59, 'Media Pensión', 125.77572432829487, '2024-12-27T08:01:43.094Z', 11); INSERT INTO planes (plan_id, nombre_plan, precio_por_noche, fecha_creacion, sucursal_id) VALUES (60, 'Full Day', 165.71268148343003, '2024-12-27T08:01:43.094Z', 11); INSERT INTO planes (plan_id, nombre_plan, precio_por_noche, fecha_creacion, sucursal_id) VALUES (61, 'Solo Desayuno', 59.18401992358882, '2024-12-27T08:01:43.094Z', 11); INSERT INTO planes (plan_id, nombre_plan, precio_por_noche, fecha_creacion, sucursal_id) VALUES (62, 'Plan Familiar', 340.31149044216494, '2024-12-27T08:01:43.094Z', 11); INSERT INTO servicio (servicio_id, nombre_servicio, precio, fecha_creacion, sucursal_id) VALUES (88, 'Lavandería', 14.104729079548486, '2024-12-27T08:01:43.094Z', 11); INSERT INTO servicio (servicio_id, nombre_servicio, precio, fecha_creacion, sucursal_id) VALUES (89, 'Piscina', 13.603218802808339, '2024-12-27T08:01:43.094Z', 11); INSERT INTO servicio (servicio_id, nombre_servicio, precio, fecha_creacion, sucursal_id) VALUES (90, 'Zona Gamer', 18.478383134654525, '2024-12-27T08:01:43.094Z', 11); INSERT INTO servicio (servicio_id, nombre_servicio, precio, fecha_creacion, sucursal_id) VALUES (91, 'Servicio de Cuidado Infantil', 41.68991053198586, '2024-12-27T08:01:43.094Z', 11); INSERT INTO servicio (servicio_id, nombre_servicio, precio, fecha_creacion, sucursal_id) VALUES (92, 'Tienda de Souvenirs', 9.36428773978975, '2024-12-27T08:01:43.094Z', 11); INSERT INTO servicio (servicio_id, nombre_servicio, precio, fecha_creacion, sucursal_id) VALUES (93, 'Alquiler de Vehículos', 73.85523132587144, '2024-12-27T08:01:43.094Z', 11); INSERT INTO servicio (servicio_id, nombre_servicio, precio, fecha_creacion, sucursal_id) VALUES (94, 'Actividades de Aventura', 93.27751021035641, '2024-12-27T08:01:43.094Z', 11); INSERT INTO habitacion (habitacion_id, tipo_habitacion, numero_max_huespedes, sucursal_id) VALUES (316, 'Estándar', 2, 11); INSERT INTO habitacion (habitacion_id, tipo_habitacion, numero_max_huespedes, sucursal_id) VALUES (317, 'Doble', 1, 11); INSERT INTO habitacion (habitacion_id, tipo_habitacion, numero_max_huespedes, sucursal_id) VALUES (318, 'Triple', 6, 11); INSERT INTO habitacion (habitacion_id, tipo_habitacion, numero_max_huespedes, sucursal_id) VALUES (319, 'Suite', 6, 11); INSERT INTO habitacion (habitacion_id, tipo_habitacion, numero_max_huespedes, sucursal_id) VALUES (320, 'Triple', 6, 11); INSERT INTO habitacion (habitacion_id, tipo_habitacion, numero_max_huespedes, sucursal_id) VALUES (321, 'Doble', 4, 11); INSERT INTO habitacion (habitacion_id, tipo_habitacion, numero_max_huespedes, sucursal_id) VALUES (322, 'Suite', 5, 11); INSERT INTO habitacion (habitacion_id, tipo_habitacion, numero_max_huespedes, sucursal_id) VALUES (323, 'Estándar', 5, 11); INSERT INTO habitacion (habitacion_id, tipo_habitacion, numero_max_huespedes, sucursal_id) VALUES (324, 'Doble', 5, 11); INSERT INTO habitacion (habitacion_id, tipo_habitacion, numero_max_huespedes, sucursal_id) VALUES (325, 'Estándar', 4, 11); INSERT INTO habitacion (habitacion_id, tipo_habitacion, numero_max_huespedes, sucursal_id) VALUES (326, 'Estándar', 5, 11); INSERT INTO habitacion (habitacion_id, tipo_habitacion, numero_max_huespedes, sucursal_id) VALUES (327, 'Familiar', 2, 11); INSERT INTO habitacion (habitacion_id, tipo_habitacion, numero_max_huespedes, sucursal_id) VALUES (328, 'Suite', 1, 11); INSERT INTO habitacion (habitacion_id, tipo_habitacion, numero_max_huespedes, sucursal_id) VALUES (329, 'Triple', 5, 11); INSERT INTO habitacion (habitacion_id, tipo_habitacion, numero_max_huespedes, sucursal_id) VALUES (330, 'Estándar', 5, 11); INSERT INTO habitacion (habitacion_id, tipo_habitacion, numero_max_huespedes, sucursal_id) VALUES (331, 'Triple', 2, 11); INSERT INTO habitacion (habitacion_id, tipo_habitacion, numero_max_huespedes, sucursal_id) VALUES (332, 'Doble', 1, 11); INSERT INTO habitacion (habitacion_id, tipo_habitacion, numero_max_huespedes, sucursal_id) VALUES (333, 'Doble', 4, 11); INSERT INTO habitacion (habitacion_id, tipo_habitacion, numero_max_huespedes, sucursal_id) VALUES (334, 'Triple', 4, 11); INSERT INTO habitacion (habitacion_id, tipo_habitacion, numero_max_huespedes, sucursal_id) VALUES (335, 'Estándar', 3, 11); INSERT INTO habitacion (habitacion_id, tipo_habitacion, numero_max_huespedes, sucursal_id) VALUES (336, 'Familiar', 3, 11); INSERT INTO habitacion (habitacion_id, tipo_habitacion, numero_max_huespedes, sucursal_id) VALUES (337, 'Suite', 5, 11); INSERT INTO habitacion (habitacion_id, tipo_habitacion, numero_max_huespedes, sucursal_id) VALUES (338, 'Estándar', 3, 11); INSERT INTO habitacion (habitacion_id, tipo_habitacion, numero_max_huespedes, sucursal_id) VALUES (339, 'Familiar', 1, 11); INSERT INTO habitacion (habitacion_id, tipo_habitacion, numero_max_huespedes, sucursal_id) VALUES (340, 'Familiar', 1, 11); INSERT INTO habitacion (habitacion_id, tipo_habitacion, numero_max_huespedes, sucursal_id) VALUES (341, 'Estándar', 2, 11); INSERT INTO habitacion (habitacion_id, tipo_habitacion, numero_max_huespedes, sucursal_id) VALUES (342, 'Suite', 4, 11); INSERT INTO habitacion (habitacion_id, tipo_habitacion, numero_max_huespedes, sucursal_id) VALUES (343, 'Estándar', 6, 11); INSERT INTO habitacion (habitacion_id, tipo_habitacion, numero_max_huespedes, sucursal_id) VALUES (344, 'Triple', 4, 11); INSERT INTO habitacion (habitacion_id, tipo_habitacion, numero_max_huespedes, sucursal_id) VALUES (345, 'Estándar', 1, 11); INSERT INTO habitacion (habitacion_id, tipo_habitacion, numero_max_huespedes, sucursal_id) VALUES (346, 'Suite', 6, 11); INSERT INTO habitacion (habitacion_id, tipo_habitacion, numero_max_huespedes, sucursal_id) VALUES (347, 'Triple', 4, 11); INSERT INTO habitacion (habitacion_id, tipo_habitacion, numero_max_huespedes, sucursal_id) VALUES (348, 'Familiar', 1, 11); INSERT INTO habitacion (habitacion_id, tipo_habitacion, numero_max_huespedes, sucursal_id) VALUES (349, 'Doble', 5, 11); INSERT INTO habitacion (habitacion_id, tipo_habitacion, numero_max_huespedes, sucursal_id) VALUES (350, 'Suite', 6, 11); INSERT INTO habitacion (habitacion_id, tipo_habitacion, numero_max_huespedes, sucursal_id) VALUES (351, 'Estándar', 6, 11); INSERT INTO habitacion (habitacion_id, tipo_habitacion, numero_max_huespedes, sucursal_id) VALUES (352, 'Estándar', 1, 11); INSERT INTO habitacion (habitacion_id, tipo_habitacion, numero_max_huespedes, sucursal_id) VALUES (353, 'Triple', 5, 11); INSERT INTO habitacion (habitacion_id, tipo_habitacion, numero_max_huespedes, sucursal_id) VALUES (354, 'Estándar', 2, 11); INSERT INTO habitacion (habitacion_id, tipo_habitacion, numero_max_huespedes, sucursal_id) VALUES (355, 'Doble', 1, 11); INSERT INTO habitacion (habitacion_id, tipo_habitacion, numero_max_huespedes, sucursal_id) VALUES (356, 'Triple', 1, 11); INSERT INTO habitacion (habitacion_id, tipo_habitacion, numero_max_huespedes, sucursal_id) VALUES (357, 'Doble', 1, 11); INSERT INTO habitacion (habitacion_id, tipo_habitacion, numero_max_huespedes, sucursal_id) VALUES (358, 'Estándar', 6, 11); INSERT INTO habitacion (habitacion_id, tipo_habitacion, numero_max_huespedes, sucursal_id) VALUES (359, 'Estándar', 5, 11); INSERT INTO habitacion (habitacion_id, tipo_habitacion, numero_max_huespedes, sucursal_id) VALUES (360, 'Triple', 4, 11); INSERT INTO habitacion (habitacion_id, tipo_habitacion, numero_max_huespedes, sucursal_id) VALUES (361, 'Estándar', 6, 11); INSERT INTO habitacion (habitacion_id, tipo_habitacion, numero_max_huespedes, sucursal_id) VALUES (362, 'Familiar', 6, 11); INSERT INTO sucursal (sucursal_id, nombre, paises_id, fecha_creacion) VALUES (12, 'Tillman - Lesch', 8, '2024-12-27T08:01:43.094Z'); INSERT INTO planes (plan_id, nombre_plan, precio_por_noche, fecha_creacion, sucursal_id) VALUES (63, 'Solo Almuerzo', 69.10497253479892, '2024-12-27T08:01:43.094Z', 12); INSERT INTO planes (plan_id, nombre_plan, precio_por_noche, fecha_creacion, sucursal_id) VALUES (64, 'Solo Desayuno', 48.50940877253096, '2024-12-27T08:01:43.094Z', 12); INSERT INTO planes (plan_id, nombre_plan, precio_por_noche, fecha_creacion, sucursal_id) VALUES (65, 'Todo Incluido', 142.36256234194704, '2024-12-27T08:01:43.094Z', 12); INSERT INTO planes (plan_id, nombre_plan, precio_por_noche, fecha_creacion, sucursal_id) VALUES (66, 'Full Day', 161.97381347321857, '2024-12-27T08:01:43.095Z', 12); INSERT INTO planes (plan_id, nombre_plan, precio_por_noche, fecha_creacion, sucursal_id) VALUES (67, 'Solo Hospedaje', 99.61262280155375, '2024-12-27T08:01:43.095Z', 12); INSERT INTO servicio (servicio_id, nombre_servicio, precio, fecha_creacion, sucursal_id) VALUES (95, 'Spa', 50.50570671176735, '2024-12-27T08:01:43.095Z', 12); INSERT INTO servicio (servicio_id, nombre_servicio, precio, fecha_creacion, sucursal_id) VALUES (96, 'Transporte al Aeropuerto', 51.83902894104962, '2024-12-27T08:01:43.095Z', 12); INSERT INTO servicio (servicio_id, nombre_servicio, precio, fecha_creacion, sucursal_id) VALUES (97, 'Piscina', 14.97166849456406, '2024-12-27T08:01:43.095Z', 12); INSERT INTO servicio (servicio_id, nombre_servicio, precio, fecha_creacion, sucursal_id) VALUES (98, 'Servicio de Habitación', 29.9628515306431, '2024-12-27T08:01:43.095Z', 12); INSERT INTO servicio (servicio_id, nombre_servicio, precio, fecha_creacion, sucursal_id) VALUES (99, 'Discoteca', 32.07657952624198, '2024-12-27T08:01:43.095Z', 12); INSERT INTO servicio (servicio_id, nombre_servicio, precio, fecha_creacion, sucursal_id) VALUES (100, 'Alquiler de Vehículos', 71.71493263385634, '2024-12-27T08:01:43.095Z', 12); INSERT INTO servicio (servicio_id, nombre_servicio, precio, fecha_creacion, sucursal_id) VALUES (101, 'Sala de Conferencias', 202.970269955339, '2024-12-27T08:01:43.095Z', 12); INSERT INTO servicio (servicio_id, nombre_servicio, precio, fecha_creacion, sucursal_id) VALUES (102, 'Tienda de Souvenirs', 10.6935105437067, '2024-12-27T08:01:43.095Z', 12); INSERT INTO servicio (servicio_id, nombre_servicio, precio, fecha_creacion, sucursal_id) VALUES (103, 'Estacionamiento', 19.753817669989992, '2024-12-27T08:01:43.095Z', 12); INSERT INTO servicio (servicio_id, nombre_servicio, precio, fecha_creacion, sucursal_id) VALUES (104, 'Wifi Gratis', 0, '2024-12-27T08:01:43.095Z', 12); INSERT INTO servicio (servicio_id, nombre_servicio, precio, fecha_creacion, sucursal_id) VALUES (105, 'Peluquería', 25.716605633346006, '2024-12-27T08:01:43.095Z', 12); INSERT INTO servicio (servicio_id, nombre_servicio, precio, fecha_creacion, sucursal_id) VALUES (106, 'Servicio de Cuidado Infantil', 37.95077413968129, '2024-12-27T08:01:43.095Z', 12); INSERT INTO servicio (servicio_id, nombre_servicio, precio, fecha_creacion, sucursal_id) VALUES (107, 'Restaurante', 32.475810135229395, '2024-12-27T08:01:43.095Z', 12); INSERT INTO servicio (servicio_id, nombre_servicio, precio, fecha_creacion, sucursal_id) VALUES (108, 'Restaurante Gourmet', 58.625275194933664, '2024-12-27T08:01:43.095Z', 12); INSERT INTO servicio (servicio_id, nombre_servicio, precio, fecha_creacion, sucursal_id) VALUES (109, 'Lavandería', 13.724779341547158, '2024-12-27T08:01:43.095Z', 12); INSERT INTO servicio (servicio_id, nombre_servicio, precio, fecha_creacion, sucursal_id) VALUES (110, 'Casino', 40.344869593323516, '2024-12-27T08:01:43.095Z', 12); INSERT INTO servicio (servicio_id, nombre_servicio, precio, fecha_creacion, sucursal_id) VALUES (111, 'Zona Gamer', 21.92654294412558, '2024-12-27T08:01:43.095Z', 12); INSERT INTO habitacion (habitacion_id, tipo_habitacion, numero_max_huespedes, sucursal_id) VALUES (363, 'Estándar', 1, 12); INSERT INTO habitacion (habitacion_id, tipo_habitacion, numero_max_huespedes, sucursal_id) VALUES (364, 'Triple', 3, 12); INSERT INTO habitacion (habitacion_id, tipo_habitacion, numero_max_huespedes, sucursal_id) VALUES (365, 'Estándar', 5, 12); INSERT INTO habitacion (habitacion_id, tipo_habitacion, numero_max_huespedes, sucursal_id) VALUES (366, 'Triple', 3, 12); INSERT INTO habitacion (habitacion_id, tipo_habitacion, numero_max_huespedes, sucursal_id) VALUES (367, 'Doble', 2, 12); INSERT INTO habitacion (habitacion_id, tipo_habitacion, numero_max_huespedes, sucursal_id) VALUES (368, 'Triple', 5, 12); INSERT INTO habitacion (habitacion_id, tipo_habitacion, numero_max_huespedes, sucursal_id) VALUES (369, 'Estándar', 1, 12); INSERT INTO habitacion (habitacion_id, tipo_habitacion, numero_max_huespedes, sucursal_id) VALUES (370, 'Suite', 2, 12); INSERT INTO habitacion (habitacion_id, tipo_habitacion, numero_max_huespedes, sucursal_id) VALUES (371, 'Suite', 2, 12); INSERT INTO habitacion (habitacion_id, tipo_habitacion, numero_max_huespedes, sucursal_id) VALUES (372, 'Doble', 2, 12); INSERT INTO habitacion (habitacion_id, tipo_habitacion, numero_max_huespedes, sucursal_id) VALUES (373, 'Doble', 5, 12); INSERT INTO habitacion (habitacion_id, tipo_habitacion, numero_max_huespedes, sucursal_id) VALUES (374, 'Suite', 6, 12); INSERT INTO habitacion (habitacion_id, tipo_habitacion, numero_max_huespedes, sucursal_id) VALUES (375, 'Doble', 1, 12); INSERT INTO habitacion (habitacion_id, tipo_habitacion, numero_max_huespedes, sucursal_id) VALUES (376, 'Doble', 5, 12); INSERT INTO habitacion (habitacion_id, tipo_habitacion, numero_max_huespedes, sucursal_id) VALUES (377, 'Estándar', 3, 12); INSERT INTO habitacion (habitacion_id, tipo_habitacion, numero_max_huespedes, sucursal_id) VALUES (378, 'Triple', 3, 12); INSERT INTO habitacion (habitacion_id, tipo_habitacion, numero_max_huespedes, sucursal_id) VALUES (379, 'Estándar', 1, 12); INSERT INTO habitacion (habitacion_id, tipo_habitacion, numero_max_huespedes, sucursal_id) VALUES (380, 'Suite', 6, 12); INSERT INTO habitacion (habitacion_id, tipo_habitacion, numero_max_huespedes, sucursal_id) VALUES (381, 'Estándar', 1, 12); INSERT INTO habitacion (habitacion_id, tipo_habitacion, numero_max_huespedes, sucursal_id) VALUES (382, 'Estándar', 1, 12); INSERT INTO habitacion (habitacion_id, tipo_habitacion, numero_max_huespedes, sucursal_id) VALUES (383, 'Suite', 1, 12); INSERT INTO habitacion (habitacion_id, tipo_habitacion, numero_max_huespedes, sucursal_id) VALUES (384, 'Doble', 3, 12); INSERT INTO sucursal (sucursal_id, nombre, paises_id, fecha_creacion) VALUES (13, 'Stark Inc', 9, '2024-12-27T08:01:43.095Z'); INSERT INTO planes (plan_id, nombre_plan, precio_por_noche, fecha_creacion, sucursal_id) VALUES (68, 'Full Day', 215.7093114314788, '2024-12-27T08:01:43.095Z', 13); INSERT INTO planes (plan_id, nombre_plan, precio_por_noche, fecha_creacion, sucursal_id) VALUES (69, 'Escapada Romántica', 241.18678505436142, '2024-12-27T08:01:43.095Z', 13); INSERT INTO planes (plan_id, nombre_plan, precio_por_noche, fecha_creacion, sucursal_id) VALUES (70, 'Solo Hospedaje', 95.91668677580373, '2024-12-27T08:01:43.095Z', 13); INSERT INTO servicio (servicio_id, nombre_servicio, precio, fecha_creacion, sucursal_id) VALUES (112, 'Spa', 47.0326242225696, '2024-12-27T08:01:43.095Z', 13); INSERT INTO servicio (servicio_id, nombre_servicio, precio, fecha_creacion, sucursal_id) VALUES (113, 'Piscina', 14.559350671017691, '2024-12-27T08:01:43.095Z', 13); INSERT INTO servicio (servicio_id, nombre_servicio, precio, fecha_creacion, sucursal_id) VALUES (114, 'Tienda de Souvenirs', 10.512980624821264, '2024-12-27T08:01:43.095Z', 13); INSERT INTO servicio (servicio_id, nombre_servicio, precio, fecha_creacion, sucursal_id) VALUES (115, 'Alquiler de Vehículos', 81.94734768964686, '2024-12-27T08:01:43.095Z', 13); INSERT INTO servicio (servicio_id, nombre_servicio, precio, fecha_creacion, sucursal_id) VALUES (116, 'Actividades de Aventura', 103.01723139036582, '2024-12-27T08:01:43.095Z', 13); INSERT INTO servicio (servicio_id, nombre_servicio, precio, fecha_creacion, sucursal_id) VALUES (117, 'Transporte al Aeropuerto', 46.08972703998427, '2024-12-27T08:01:43.095Z', 13); INSERT INTO servicio (servicio_id, nombre_servicio, precio, fecha_creacion, sucursal_id) VALUES (118, 'Wifi Gratis', 0, '2024-12-27T08:01:43.095Z', 13); INSERT INTO servicio (servicio_id, nombre_servicio, precio, fecha_creacion, sucursal_id) VALUES (119, 'Sala de Conferencias', 184.92232222746145, '2024-12-27T08:01:43.095Z', 13); INSERT INTO servicio (servicio_id, nombre_servicio, precio, fecha_creacion, sucursal_id) VALUES (120, 'Casino', 38.1123214444805, '2024-12-27T08:01:43.095Z', 13); INSERT INTO habitacion (habitacion_id, tipo_habitacion, numero_max_huespedes, sucursal_id) VALUES (385, 'Estándar', 3, 13); INSERT INTO habitacion (habitacion_id, tipo_habitacion, numero_max_huespedes, sucursal_id) VALUES (386, 'Suite', 6, 13); INSERT INTO habitacion (habitacion_id, tipo_habitacion, numero_max_huespedes, sucursal_id) VALUES (387, 'Suite', 4, 13); INSERT INTO habitacion (habitacion_id, tipo_habitacion, numero_max_huespedes, sucursal_id) VALUES (388, 'Estándar', 6, 13); INSERT INTO habitacion (habitacion_id, tipo_habitacion, numero_max_huespedes, sucursal_id) VALUES (389, 'Triple', 6, 13); INSERT INTO habitacion (habitacion_id, tipo_habitacion, numero_max_huespedes, sucursal_id) VALUES (390, 'Triple', 3, 13); INSERT INTO habitacion (habitacion_id, tipo_habitacion, numero_max_huespedes, sucursal_id) VALUES (391, 'Doble', 3, 13); INSERT INTO habitacion (habitacion_id, tipo_habitacion, numero_max_huespedes, sucursal_id) VALUES (392, 'Triple', 6, 13); INSERT INTO habitacion (habitacion_id, tipo_habitacion, numero_max_huespedes, sucursal_id) VALUES (393, 'Familiar', 3, 13); INSERT INTO habitacion (habitacion_id, tipo_habitacion, numero_max_huespedes, sucursal_id) VALUES (394, 'Suite', 2, 13); INSERT INTO habitacion (habitacion_id, tipo_habitacion, numero_max_huespedes, sucursal_id) VALUES (395, 'Doble', 1, 13); INSERT INTO habitacion (habitacion_id, tipo_habitacion, numero_max_huespedes, sucursal_id) VALUES (396, 'Estándar', 2, 13); INSERT INTO habitacion (habitacion_id, tipo_habitacion, numero_max_huespedes, sucursal_id) VALUES (397, 'Triple', 6, 13); INSERT INTO habitacion (habitacion_id, tipo_habitacion, numero_max_huespedes, sucursal_id) VALUES (398, 'Triple', 2, 13); INSERT INTO habitacion (habitacion_id, tipo_habitacion, numero_max_huespedes, sucursal_id) VALUES (399, 'Doble', 4, 13); INSERT INTO habitacion (habitacion_id, tipo_habitacion, numero_max_huespedes, sucursal_id) VALUES (400, 'Suite', 1, 13); INSERT INTO habitacion (habitacion_id, tipo_habitacion, numero_max_huespedes, sucursal_id) VALUES (401, 'Estándar', 2, 13); INSERT INTO habitacion (habitacion_id, tipo_habitacion, numero_max_huespedes, sucursal_id) VALUES (402, 'Suite', 1, 13); INSERT INTO habitacion (habitacion_id, tipo_habitacion, numero_max_huespedes, sucursal_id) VALUES (403, 'Doble', 5, 13); INSERT INTO habitacion (habitacion_id, tipo_habitacion, numero_max_huespedes, sucursal_id) VALUES (404, 'Suite', 6, 13); INSERT INTO habitacion (habitacion_id, tipo_habitacion, numero_max_huespedes, sucursal_id) VALUES (405, 'Doble', 1, 13); INSERT INTO habitacion (habitacion_id, tipo_habitacion, numero_max_huespedes, sucursal_id) VALUES (406, 'Suite', 1, 13); INSERT INTO habitacion (habitacion_id, tipo_habitacion, numero_max_huespedes, sucursal_id) VALUES (407, 'Doble', 5, 13); INSERT INTO habitacion (habitacion_id, tipo_habitacion, numero_max_huespedes, sucursal_id) VALUES (408, 'Suite', 5, 13); INSERT INTO habitacion (habitacion_id, tipo_habitacion, numero_max_huespedes, sucursal_id) VALUES (409, 'Doble', 3, 13); INSERT INTO habitacion (habitacion_id, tipo_habitacion, numero_max_huespedes, sucursal_id) VALUES (410, 'Estándar', 6, 13); INSERT INTO habitacion (habitacion_id, tipo_habitacion, numero_max_huespedes, sucursal_id) VALUES (411, 'Estándar', 1, 13); INSERT INTO habitacion (habitacion_id, tipo_habitacion, numero_max_huespedes, sucursal_id) VALUES (412, 'Familiar', 3, 13); INSERT INTO habitacion (habitacion_id, tipo_habitacion, numero_max_huespedes, sucursal_id) VALUES (413, 'Doble', 6, 13); INSERT INTO habitacion (habitacion_id, tipo_habitacion, numero_max_huespedes, sucursal_id) VALUES (414, 'Doble', 5, 13); INSERT INTO habitacion (habitacion_id, tipo_habitacion, numero_max_huespedes, sucursal_id) VALUES (415, 'Triple', 4, 13); INSERT INTO habitacion (habitacion_id, tipo_habitacion, numero_max_huespedes, sucursal_id) VALUES (416, 'Familiar', 2, 13); INSERT INTO sucursal (sucursal_id, nombre, paises_id, fecha_creacion) VALUES (14, 'Toy - Doyle', 10, '2024-12-27T08:01:43.095Z'); INSERT INTO planes (plan_id, nombre_plan, precio_por_noche, fecha_creacion, sucursal_id) VALUES (71, 'Full Day', 152.25109697126243, '2024-12-27T08:01:43.095Z', 14); INSERT INTO planes (plan_id, nombre_plan, precio_por_noche, fecha_creacion, sucursal_id) VALUES (72, 'Media Pensión', 137.7855181786979, '2024-12-27T08:01:43.095Z', 14); INSERT INTO planes (plan_id, nombre_plan, precio_por_noche, fecha_creacion, sucursal_id) VALUES (73, 'Escapada Romántica', 232.94684733293795, '2024-12-27T08:01:43.095Z', 14); INSERT INTO planes (plan_id, nombre_plan, precio_por_noche, fecha_creacion, sucursal_id) VALUES (74, 'Todo Incluido Plus', 177.43089961669222, '2024-12-27T08:01:43.095Z', 14); INSERT INTO planes (plan_id, nombre_plan, precio_por_noche, fecha_creacion, sucursal_id) VALUES (75, 'Noche de Bodas', 261.0571391008502, '2024-12-27T08:01:43.095Z', 14); INSERT INTO planes (plan_id, nombre_plan, precio_por_noche, fecha_creacion, sucursal_id) VALUES (76, 'Todo Incluido', 151.27759111049778, '2024-12-27T08:01:43.095Z', 14); INSERT INTO planes (plan_id, nombre_plan, precio_por_noche, fecha_creacion, sucursal_id) VALUES (77, 'Solo Hospedaje', 81.78617034714388, '2024-12-27T08:01:43.095Z', 14); INSERT INTO habitacion (habitacion_id, tipo_habitacion, numero_max_huespedes, sucursal_id) VALUES (417, 'Suite', 1, 14); INSERT INTO habitacion (habitacion_id, tipo_habitacion, numero_max_huespedes, sucursal_id) VALUES (418, 'Estándar', 3, 14); INSERT INTO habitacion (habitacion_id, tipo_habitacion, numero_max_huespedes, sucursal_id) VALUES (419, 'Estándar', 5, 14); INSERT INTO habitacion (habitacion_id, tipo_habitacion, numero_max_huespedes, sucursal_id) VALUES (420, 'Familiar', 2, 14); INSERT INTO habitacion (habitacion_id, tipo_habitacion, numero_max_huespedes, sucursal_id) VALUES (421, 'Familiar', 2, 14); INSERT INTO habitacion (habitacion_id, tipo_habitacion, numero_max_huespedes, sucursal_id) VALUES (422, 'Estándar', 4, 14); INSERT INTO habitacion (habitacion_id, tipo_habitacion, numero_max_huespedes, sucursal_id) VALUES (423, 'Suite', 3, 14); INSERT INTO habitacion (habitacion_id, tipo_habitacion, numero_max_huespedes, sucursal_id) VALUES (424, 'Doble', 3, 14); INSERT INTO habitacion (habitacion_id, tipo_habitacion, numero_max_huespedes, sucursal_id) VALUES (425, 'Suite', 6, 14); INSERT INTO habitacion (habitacion_id, tipo_habitacion, numero_max_huespedes, sucursal_id) VALUES (426, 'Familiar', 2, 14); INSERT INTO habitacion (habitacion_id, tipo_habitacion, numero_max_huespedes, sucursal_id) VALUES (427, 'Doble', 2, 14); INSERT INTO habitacion (habitacion_id, tipo_habitacion, numero_max_huespedes, sucursal_id) VALUES (428, 'Triple', 2, 14); INSERT INTO habitacion (habitacion_id, tipo_habitacion, numero_max_huespedes, sucursal_id) VALUES (429, 'Estándar', 1, 14); INSERT INTO habitacion (habitacion_id, tipo_habitacion, numero_max_huespedes, sucursal_id) VALUES (430, 'Suite', 6, 14); INSERT INTO habitacion (habitacion_id, tipo_habitacion, numero_max_huespedes, sucursal_id) VALUES (431, 'Doble', 4, 14); INSERT INTO habitacion (habitacion_id, tipo_habitacion, numero_max_huespedes, sucursal_id) VALUES (432, 'Suite', 5, 14); INSERT INTO habitacion (habitacion_id, tipo_habitacion, numero_max_huespedes, sucursal_id) VALUES (433, 'Doble', 3, 14); INSERT INTO habitacion (habitacion_id, tipo_habitacion, numero_max_huespedes, sucursal_id) VALUES (434, 'Triple', 6, 14); INSERT INTO habitacion (habitacion_id, tipo_habitacion, numero_max_huespedes, sucursal_id) VALUES (435, 'Familiar', 5, 14); INSERT INTO habitacion (habitacion_id, tipo_habitacion, numero_max_huespedes, sucursal_id) VALUES (436, 'Familiar', 1, 14); INSERT INTO habitacion (habitacion_id, tipo_habitacion, numero_max_huespedes, sucursal_id) VALUES (437, 'Triple', 1, 14); INSERT INTO habitacion (habitacion_id, tipo_habitacion, numero_max_huespedes, sucursal_id) VALUES (438, 'Familiar', 3, 14); INSERT INTO habitacion (habitacion_id, tipo_habitacion, numero_max_huespedes, sucursal_id) VALUES (439, 'Doble', 5, 14); INSERT INTO habitacion (habitacion_id, tipo_habitacion, numero_max_huespedes, sucursal_id) VALUES (440, 'Estándar', 1, 14); INSERT INTO habitacion (habitacion_id, tipo_habitacion, numero_max_huespedes, sucursal_id) VALUES (441, 'Familiar', 4, 14); INSERT INTO habitacion (habitacion_id, tipo_habitacion, numero_max_huespedes, sucursal_id) VALUES (442, 'Familiar', 1, 14); INSERT INTO habitacion (habitacion_id, tipo_habitacion, numero_max_huespedes, sucursal_id) VALUES (443, 'Doble', 5, 14); INSERT INTO habitacion (habitacion_id, tipo_habitacion, numero_max_huespedes, sucursal_id) VALUES (444, 'Triple', 3, 14); INSERT INTO habitacion (habitacion_id, tipo_habitacion, numero_max_huespedes, sucursal_id) VALUES (445, 'Doble', 1, 14); INSERT INTO habitacion (habitacion_id, tipo_habitacion, numero_max_huespedes, sucursal_id) VALUES (446, 'Familiar', 5, 14); INSERT INTO habitacion (habitacion_id, tipo_habitacion, numero_max_huespedes, sucursal_id) VALUES (447, 'Suite', 2, 14); INSERT INTO habitacion (habitacion_id, tipo_habitacion, numero_max_huespedes, sucursal_id) VALUES (448, 'Doble', 4, 14); INSERT INTO habitacion (habitacion_id, tipo_habitacion, numero_max_huespedes, sucursal_id) VALUES (449, 'Familiar', 2, 14); INSERT INTO habitacion (habitacion_id, tipo_habitacion, numero_max_huespedes, sucursal_id) VALUES (450, 'Estándar', 3, 14); INSERT INTO habitacion (habitacion_id, tipo_habitacion, numero_max_huespedes, sucursal_id) VALUES (451, 'Suite', 1, 14); INSERT INTO habitacion (habitacion_id, tipo_habitacion, numero_max_huespedes, sucursal_id) VALUES (452, 'Estándar', 4, 14); INSERT INTO habitacion (habitacion_id, tipo_habitacion, numero_max_huespedes, sucursal_id) VALUES (453, 'Familiar', 1, 14); INSERT INTO sucursal (sucursal_id, nombre, paises_id, fecha_creacion) VALUES (15, 'Paucek, Casper and Wolf', 10, '2024-12-27T08:01:43.095Z'); INSERT INTO planes (plan_id, nombre_plan, precio_por_noche, fecha_creacion, sucursal_id) VALUES (78, 'Escapada Romántica', 251.9035339902652, '2024-12-27T08:01:43.095Z', 15); INSERT INTO planes (plan_id, nombre_plan, precio_por_noche, fecha_creacion, sucursal_id) VALUES (79, 'Solo Desayuno', 51.11920911136592, '2024-12-27T08:01:43.095Z', 15); INSERT INTO planes (plan_id, nombre_plan, precio_por_noche, fecha_creacion, sucursal_id) VALUES (80, 'Solo Almuerzo', 48.81980996729747, '2024-12-27T08:01:43.095Z', 15); INSERT INTO planes (plan_id, nombre_plan, precio_por_noche, fecha_creacion, sucursal_id) VALUES (81, 'Todo Incluido', 176.43489690895686, '2024-12-27T08:01:43.095Z', 15); INSERT INTO servicio (servicio_id, nombre_servicio, precio, fecha_creacion, sucursal_id) VALUES (121, 'Estacionamiento', 19.505876785433248, '2024-12-27T08:01:43.095Z', 15); INSERT INTO servicio (servicio_id, nombre_servicio, precio, fecha_creacion, sucursal_id) VALUES (122, 'Piscina', 15.800952604564475, '2024-12-27T08:01:43.095Z', 15); INSERT INTO servicio (servicio_id, nombre_servicio, precio, fecha_creacion, sucursal_id) VALUES (123, 'Transporte al Aeropuerto', 49.22333810549568, '2024-12-27T08:01:43.095Z', 15); INSERT INTO servicio (servicio_id, nombre_servicio, precio, fecha_creacion, sucursal_id) VALUES (124, 'Alquiler de Vehículos', 69.79046266047062, '2024-12-27T08:01:43.095Z', 15); INSERT INTO servicio (servicio_id, nombre_servicio, precio, fecha_creacion, sucursal_id) VALUES (125, 'Zona Gamer', 19.14121199027082, '2024-12-27T08:01:43.095Z', 15); INSERT INTO servicio (servicio_id, nombre_servicio, precio, fecha_creacion, sucursal_id) VALUES (126, 'Peluquería', 24.656145573786077, '2024-12-27T08:01:43.095Z', 15); INSERT INTO habitacion (habitacion_id, tipo_habitacion, numero_max_huespedes, sucursal_id) VALUES (454, 'Doble', 4, 15); INSERT INTO habitacion (habitacion_id, tipo_habitacion, numero_max_huespedes, sucursal_id) VALUES (455, 'Familiar', 5, 15); INSERT INTO habitacion (habitacion_id, tipo_habitacion, numero_max_huespedes, sucursal_id) VALUES (456, 'Estándar', 5, 15); INSERT INTO habitacion (habitacion_id, tipo_habitacion, numero_max_huespedes, sucursal_id) VALUES (457, 'Suite', 1, 15); INSERT INTO habitacion (habitacion_id, tipo_habitacion, numero_max_huespedes, sucursal_id) VALUES (458, 'Estándar', 6, 15); INSERT INTO habitacion (habitacion_id, tipo_habitacion, numero_max_huespedes, sucursal_id) VALUES (459, 'Estándar', 3, 15); INSERT INTO habitacion (habitacion_id, tipo_habitacion, numero_max_huespedes, sucursal_id) VALUES (460, 'Suite', 3, 15); INSERT INTO habitacion (habitacion_id, tipo_habitacion, numero_max_huespedes, sucursal_id) VALUES (461, 'Familiar', 2, 15); INSERT INTO habitacion (habitacion_id, tipo_habitacion, numero_max_huespedes, sucursal_id) VALUES (462, 'Estándar', 5, 15); INSERT INTO habitacion (habitacion_id, tipo_habitacion, numero_max_huespedes, sucursal_id) VALUES (463, 'Triple', 5, 15); INSERT INTO habitacion (habitacion_id, tipo_habitacion, numero_max_huespedes, sucursal_id) VALUES (464, 'Familiar', 3, 15); INSERT INTO habitacion (habitacion_id, tipo_habitacion, numero_max_huespedes, sucursal_id) VALUES (465, 'Triple', 5, 15); INSERT INTO habitacion (habitacion_id, tipo_habitacion, numero_max_huespedes, sucursal_id) VALUES (466, 'Suite', 3, 15); INSERT INTO habitacion (habitacion_id, tipo_habitacion, numero_max_huespedes, sucursal_id) VALUES (467, 'Estándar', 6, 15); INSERT INTO habitacion (habitacion_id, tipo_habitacion, numero_max_huespedes, sucursal_id) VALUES (468, 'Triple', 2, 15); INSERT INTO habitacion (habitacion_id, tipo_habitacion, numero_max_huespedes, sucursal_id) VALUES (469, 'Estándar', 6, 15); INSERT INTO habitacion (habitacion_id, tipo_habitacion, numero_max_huespedes, sucursal_id) VALUES (470, 'Suite', 1, 15); INSERT INTO habitacion (habitacion_id, tipo_habitacion, numero_max_huespedes, sucursal_id) VALUES (471, 'Estándar', 1, 15); INSERT INTO habitacion (habitacion_id, tipo_habitacion, numero_max_huespedes, sucursal_id) VALUES (472, 'Estándar', 3, 15); INSERT INTO habitacion (habitacion_id, tipo_habitacion, numero_max_huespedes, sucursal_id) VALUES (473, 'Doble', 1, 15); INSERT INTO habitacion (habitacion_id, tipo_habitacion, numero_max_huespedes, sucursal_id) VALUES (474, 'Suite', 2, 15); INSERT INTO habitacion (habitacion_id, tipo_habitacion, numero_max_huespedes, sucursal_id) VALUES (475, 'Familiar', 6, 15); INSERT INTO habitacion (habitacion_id, tipo_habitacion, numero_max_huespedes, sucursal_id) VALUES (476, 'Familiar', 5, 15); INSERT INTO habitacion (habitacion_id, tipo_habitacion, numero_max_huespedes, sucursal_id) VALUES (477, 'Suite', 1, 15); INSERT INTO habitacion (habitacion_id, tipo_habitacion, numero_max_huespedes, sucursal_id) VALUES (478, 'Familiar', 6, 15); INSERT INTO habitacion (habitacion_id, tipo_habitacion, numero_max_huespedes, sucursal_id) VALUES (479, 'Suite', 1, 15); INSERT INTO habitacion (habitacion_id, tipo_habitacion, numero_max_huespedes, sucursal_id) VALUES (480, 'Estándar', 1, 15); INSERT INTO habitacion (habitacion_id, tipo_habitacion, numero_max_huespedes, sucursal_id) VALUES (481, 'Suite', 2, 15); INSERT INTO habitacion (habitacion_id, tipo_habitacion, numero_max_huespedes, sucursal_id) VALUES (482, 'Triple', 6, 15); INSERT INTO habitacion (habitacion_id, tipo_habitacion, numero_max_huespedes, sucursal_id) VALUES (483, 'Triple', 1, 15); INSERT INTO habitacion (habitacion_id, tipo_habitacion, numero_max_huespedes, sucursal_id) VALUES (484, 'Suite', 1, 15); INSERT INTO habitacion (habitacion_id, tipo_habitacion, numero_max_huespedes, sucursal_id) VALUES (485, 'Familiar', 6, 15); INSERT INTO habitacion (habitacion_id, tipo_habitacion, numero_max_huespedes, sucursal_id) VALUES (486, 'Doble', 5, 15); INSERT INTO habitacion (habitacion_id, tipo_habitacion, numero_max_huespedes, sucursal_id) VALUES (487, 'Estándar', 1, 15); INSERT INTO habitacion (habitacion_id, tipo_habitacion, numero_max_huespedes, sucursal_id) VALUES (488, 'Estándar', 2, 15); INSERT INTO habitacion (habitacion_id, tipo_habitacion, numero_max_huespedes, sucursal_id) VALUES (489, 'Familiar', 6, 15); INSERT INTO habitacion (habitacion_id, tipo_habitacion, numero_max_huespedes, sucursal_id) VALUES (490, 'Familiar', 2, 15); INSERT INTO habitacion (habitacion_id, tipo_habitacion, numero_max_huespedes, sucursal_id) VALUES (491, 'Doble', 4, 15); INSERT INTO habitacion (habitacion_id, tipo_habitacion, numero_max_huespedes, sucursal_id) VALUES (492, 'Triple', 6, 15); INSERT INTO habitacion (habitacion_id, tipo_habitacion, numero_max_huespedes, sucursal_id) VALUES (493, 'Suite', 1, 15); INSERT INTO habitacion (habitacion_id, tipo_habitacion, numero_max_huespedes, sucursal_id) VALUES (494, 'Estándar', 6, 15); INSERT INTO habitacion (habitacion_id, tipo_habitacion, numero_max_huespedes, sucursal_id) VALUES (495, 'Estándar', 1, 15); INSERT INTO habitacion (habitacion_id, tipo_habitacion, numero_max_huespedes, sucursal_id) VALUES (496, 'Doble', 2, 15); INSERT INTO habitacion (habitacion_id, tipo_habitacion, numero_max_huespedes, sucursal_id) VALUES (497, 'Familiar', 4, 15); INSERT INTO habitacion (habitacion_id, tipo_habitacion, numero_max_huespedes, sucursal_id) VALUES (498, 'Suite', 3, 15);